review_id,ela_mean,ela_p99,ela_block_std,ela_block_cv,ela_block_max_ratio,ela_block_skew,ela_hot_block_frac,noise_mean_var,noise_var_cv,noise_max_ratio,noise_hot_frac,cm_pairs,cm_best_sim
R00001,0.37224873900413513,2.0,0.234116330742836,0.6255853176116943,3.9029202461242676,1.4660409688949585,0.05654761904761905,10.745853424072266,2.8696744441986084,25.908367156982422,0.043154761904761904,3.0,0.9788286685943604
R00002,0.8931618332862854,5.0,0.6983987092971802,0.7866386771202087,4.591180324554443,1.7976961135864258,0.08035714285714286,11.322470664978027,1.0031421184539795,5.935225009918213,0.044642857142857144,6.0,0.9800652265548706
R00003,0.26093947887420654,2.0,0.2560511529445648,0.9807058572769165,6.0394158363342285,2.2123451232910156,0.0703125,8.029963493347168,3.411334276199341,42.61758804321289,0.037760416666666664,5.0,0.995742917060852
R00004,0.4282664954662323,3.0,0.33615562319755554,0.8049150109291077,3.9642841815948486,1.1779358386993408,0.05357142857142857,2.402463674545288,2.926162004470825,56.36099624633789,0.02976190476190476,13.0,0.9927663207054138
R00005,0.12000279128551483,2.0,0.15471459925174713,1.297912359237671,9.372169494628906,2.7272093296051025,0.05654761904761905,3.162200927734375,3.3373453617095947,46.554534912109375,0.03273809523809524,20.0,0.9950569868087769
R00006,0.35039573907852173,2.0,0.263856440782547,0.7520366907119751,5.861783027648926,1.928016185760498,0.05654761904761905,8.700223922729492,3.066504716873169,32.436344146728516,0.04017857142857143,12.0,0.9906098246574402
R00007,0.5573431849479675,3.0,0.3904529809951782,0.6972694396972656,3.0588736534118652,0.8179967999458313,0.043154761904761904,20.057369232177734,2.0808281898498535,18.957944869995117,0.06398809523809523,5.0,0.9926137328147888
R00008,0.48247742652893066,2.3333332538604736,0.2919570207595825,0.6047044396400452,3.5012357234954834,1.2842445373535156,0.052083333333333336,5.4674296379089355,2.337932825088501,21.8959903717041,0.03993055555555555,9.0,0.9850473999977112
R00009,0.30356743931770325,1.6666666269302368,0.19569817185401917,0.6447280645370483,3.0596401691436768,0.6612760424613953,0.0484375,7.724183559417725,2.8884828090667725,23.950353622436523,0.053125,11.0,0.9938004016876221
R00010,0.1487680971622467,2.0,0.21996991336345673,1.4764975309371948,6.856479167938232,1.6870707273483276,0.06960227272727272,9.828534126281738,4.001165866851807,52.29075622558594,0.03409090909090909,23.0,0.9983741044998169
R00011,0.7753009796142578,5.0,0.6828755736351013,0.8609638810157776,4.648759365081787,1.3045200109481812,0.041666666666666664,47.910400390625,2.320636749267578,17.825532913208008,0.06547619047619048,34.0,0.9965007901191711
R00012,0.35555320978164673,2.6666667461395264,0.35049059987068176,0.9824222326278687,6.156179904937744,1.7853294610977173,0.05654761904761905,4.270936965942383,3.5157833099365234,48.520015716552734,0.03125,6.0,0.9825849533081055
R00013,0.13775300979614258,1.0,0.09965689480304718,0.7305157780647278,3.2595057487487793,0.5734798312187195,0.03422619047619048,1.1946945190429688,3.1509711742401123,37.71120834350586,0.03422619047619048,10.0,0.9942474961280823
R00014,0.18077100813388824,2.3333332538604736,0.338088721036911,1.8832072019577026,10.121294021606445,2.715613842010498,0.07291666666666667,4.322000980377197,2.6856396198272705,24.44477081298828,0.043154761904761904,4.0,0.9820209741592407
R00015,0.36669325828552246,2.3333332538604736,0.3119412660598755,0.8506848216056824,3.86156964302063,0.8741675019264221,0.04296875,9.727923393249512,2.708158016204834,33.475791931152344,0.0390625,24.0,0.9981773495674133
R00016,0.8857622146606445,4.0,0.46525856852531433,0.5257561206817627,2.7235488891601562,0.25240716338157654,0.02976190476190476,68.84332275390625,1.3031941652297974,9.282837867736816,0.050595238095238096,4.0,0.9935342073440552
R00017,1.2370381355285645,4.666666507720947,0.503536581993103,0.40681004524230957,2.336667060852051,0.5868402123451233,0.03720238095238095,37.96598434448242,0.7919358611106873,5.291574478149414,0.05952380952380952,0.0,0.0
R00018,0.24961212277412415,2.0,0.1955636590719223,0.776840090751648,5.295124530792236,2.563302993774414,0.0625,5.067646503448486,2.5717387199401855,28.569351196289062,0.049107142857142856,0.0,0.0
R00019,0.37322816252708435,3.0,0.38614165782928467,1.0247248411178589,5.561479568481445,1.6812744140625,0.06125,13.234807968139648,3.4333443641662598,43.896568298339844,0.02875,2.0,0.9759598970413208
R00020,0.33298924565315247,2.0,0.312826931476593,0.9333994388580322,5.020520210266113,1.5093318223953247,0.0744047619047619,14.255388259887695,2.73598575592041,26.52022933959961,0.0625,469.0,0.9977057576179504
R00021,0.6326096057891846,2.6666667461395264,0.2776506245136261,0.439034104347229,2.9154233932495117,1.5701277256011963,0.05654761904761905,15.062764167785645,2.7784745693206787,46.327613830566406,0.03869047619047619,0.0,0.0
R00022,0.5747559070587158,2.0,0.19448819756507874,0.3345079720020294,2.060344696044922,0.5595771670341492,0.033967391304347824,11.975785255432129,1.1873575448989868,6.169480800628662,0.05570652173913043,0.0,0.0
R00023,0.1829112023115158,2.0,0.27897536754608154,1.5109937191009521,10.860663414001465,3.173543691635132,0.052083333333333336,2.4780502319335938,3.7343926429748535,39.1402587890625,0.03720238095238095,0.0,0.0
R00024,0.13243423402309418,2.0,0.2765657603740692,2.0883097648620605,15.153340339660645,2.7182462215423584,0.0634765625,12.99801254272461,5.165132522583008,74.6153335571289,0.021484375,8.0,0.9980872869491577
R00025,0.051480021327733994,1.0,0.12188178300857544,2.44893217086792,20.75328254699707,4.3955841064453125,0.03571428571428571,1.9847807884216309,3.9665329456329346,46.74169158935547,0.02976190476190476,33.0,0.9988412857055664
R00026,0.8557737469673157,4.0,0.5394459366798401,0.6264758706092834,2.406588554382324,-0.10878853499889374,0.005952380952380952,64.92227172851562,1.330797553062439,7.665219783782959,0.046130952380952384,16.0,0.9979113936424255
R00027,0.5680481791496277,2.6666667461395264,0.3375656306743622,0.5920034050941467,3.87912917137146,0.6859970092773438,0.028273809523809524,13.730612754821777,2.4290060997009277,43.1381950378418,0.026785714285714284,3.0,0.9789051413536072
R00028,0.24152882397174835,2.0,0.189261794090271,0.7835959792137146,6.865417957305908,3.351407766342163,0.059895833333333336,3.6240015029907227,4.303362846374512,52.48039245605469,0.033854166666666664,0.0,0.0
R00029,0.41509220004081726,3.0,0.3718835115432739,0.8959036469459534,3.848909616470337,1.3507277965545654,0.07291666666666667,21.406902313232422,2.032271385192871,10.584683418273926,0.0763888888888889,0.0,0.0
R00030,0.15536129474639893,1.6666666269302368,0.1700083613395691,1.089847445487976,8.628786087036133,3.061539649963379,0.049107142857142856,1.8872597217559814,6.180103778839111,99.47379302978516,0.019345238095238096,3.0,0.9921078681945801
R00031,0.44753727316856384,3.6666667461395264,0.46929943561553955,1.0438507795333862,6.494708061218262,2.3564109802246094,0.07720588235294118,46.94103240966797,3.0323381423950195,22.870628356933594,0.06066176470588235,166.0,0.998026967048645
R00032,0.7097271084785461,3.6666667461395264,0.430512011051178,0.6028218269348145,3.6245899200439453,1.5612581968307495,0.052083333333333336,30.698659896850586,1.352629542350769,8.774994850158691,0.05357142857142857,0.0,0.0
R00033,0.23046626150608063,2.0,0.253487229347229,1.0998841524124146,8.471808433532715,2.9598031044006348,0.06901041666666667,13.021143913269043,4.833890914916992,70.77701568603516,0.03125,1722.0,0.9982330799102783
R00034,0.3687020540237427,2.0,0.17848584055900574,0.48409098386764526,3.1351094245910645,2.0087554454803467,0.05555555555555555,5.950890064239502,4.328036785125732,39.08714294433594,0.027777777777777776,372.0,0.9956907629966736
R00035,0.4285009503364563,2.0,0.2394309788942337,0.5621803998947144,3.4654183387756348,1.3065268993377686,0.05357142857142857,7.115015029907227,3.3674747943878174,41.28291320800781,0.03571428571428571,1.0,0.9754746556282043
R00036,0.2966330647468567,2.0,0.21859782934188843,0.7390314936637878,5.440945148468018,1.6178889274597168,0.04875,3.006382942199707,2.4654290676116943,31.14563751220703,0.03875,25.0,0.9913432002067566
R00037,0.35485729575157166,3.0,0.4283433258533478,1.1926624774932861,5.184422016143799,1.6480976343154907,0.06696428571428571,20.362911224365234,2.995436906814575,17.15696144104004,0.06845238095238096,11.0,0.9803623557090759
R00038,0.5800942778587341,3.3333332538604736,0.4090372920036316,0.7051209807395935,3.332674264907837,1.3362524509429932,0.06901041666666667,47.043025970458984,1.772019624710083,9.459020614624023,0.07161458333333333,73.0,0.9985432624816895
R00039,0.4874641001224518,2.0,0.23072080314159393,0.47330737113952637,2.798678159713745,1.3113858699798584,0.0546875,8.928448677062988,1.005147099494934,17.030517578125,0.0390625,0.0,0.0
R00040,0.5224021673202515,3.0,0.316943496465683,0.6056221723556519,2.9203460216522217,1.2746691703796387,0.06696428571428571,14.879743576049805,2.0932788848876953,11.918889999389648,0.08779761904761904,0.0,0.0
R00041,0.4760102331638336,2.3333332538604736,0.26471567153930664,0.554771900177002,3.940403938293457,1.9198106527328491,0.05654761904761905,8.52835464477539,3.5459578037261963,43.8630256652832,0.022321428571428572,0.0,0.0
R00042,0.4406220018863678,2.0,0.19723407924175262,0.44759395718574524,2.298164129257202,0.7473583817481995,0.047619047619047616,8.659319877624512,1.637325406074524,8.18900203704834,0.06994047619047619,0.0,0.0
R00043,0.43701913952827454,4.0,0.5066467523574829,1.1519948244094849,5.509731292724609,1.818368911743164,0.0625,42.479278564453125,2.488596200942993,21.91111946105957,0.05505952380952381,3.0,0.9789013862609863
R00044,0.2974222004413605,2.0,0.1969587504863739,0.6622171401977539,4.702938079833984,1.8893449306488037,0.06901041666666667,4.961886882781982,3.7808210849761963,68.13623046875,0.036458333333333336,6.0,0.9933791756629944
R00045,0.32194867730140686,2.3333332538604736,0.3219679594039917,0.9949647784233093,5.198719501495361,1.3143750429153442,0.05654761904761905,2.644969940185547,3.6698055267333984,64.90520477294922,0.022321428571428572,1.0,0.9726072549819946
R00046,0.5694690346717834,4.0,0.6970130205154419,1.211793065071106,4.146604537963867,1.3826528787612915,0.09077380952380952,61.17980194091797,1.982134222984314,7.442924976348877,0.10714285714285714,0.0,0.0
R00047,0.7052673697471619,3.3333332538604736,0.3798418343067169,0.5371567606925964,4.034864902496338,2.2092649936676025,0.05654761904761905,26.519729614257812,2.119981527328491,20.480405807495117,0.03869047619047619,13.0,0.9885508418083191
R00048,0.2674010097980499,2.0,0.23230256140232086,0.8654128313064575,5.722661972045898,2.015615940093994,0.05952380952380952,6.314765453338623,3.4851326942443848,36.869544982910156,0.041666666666666664,170.0,0.9980219006538391
R00049,0.469418466091156,2.3333332538604736,0.28982898592948914,0.6168074011802673,3.3696138858795166,1.3803486824035645,0.061079545454545456,11.812466621398926,2.2419979572296143,16.112850189208984,0.05113636363636364,0.0,0.0
R00050,0.3265073001384735,2.0,0.20731191337108612,0.6306806206703186,4.423642158508301,2.4025096893310547,0.05397727272727273,12.386089324951172,3.080965757369995,29.62935447692871,0.036931818181818184,13.0,0.9946326017379761
R00051,0.57025146484375,3.0,0.36893048882484436,0.6468780040740967,3.336686611175537,0.9612622857093811,0.049107142857142856,31.563894271850586,2.040560245513916,16.124692916870117,0.047619047619047616,0.0,0.0
R00052,0.5137863159179688,2.6666667461395264,0.3089503049850464,0.5989342927932739,3.195678234100342,1.3097436428070068,0.0625,15.285144805908203,2.046574354171753,11.591856956481934,0.06994047619047619,0.0,0.0
R00053,0.4740782082080841,3.0,0.3419584035873413,0.7263182401657104,4.718838214874268,1.203173041343689,0.052083333333333336,16.47123146057129,2.303236484527588,17.727731704711914,0.0625,0.0,0.0
R00054,0.3326494097709656,1.6666666269302368,0.16288432478904724,0.48899900913238525,2.9776928424835205,1.3354015350341797,0.05357142857142857,3.185959577560425,2.379366397857666,16.404809951782227,0.05357142857142857,2.0,0.9780943393707275
R00055,0.43322834372520447,3.0,0.40373778343200684,0.9319260716438293,4.033419132232666,1.3471194505691528,0.07552083333333333,17.83799934387207,2.6185357570648193,31.97252082824707,0.024739583333333332,13.0,0.986139714717865
R00056,0.590050458908081,3.0,0.38166671991348267,0.6442587375640869,3.3447072505950928,0.7948226928710938,0.03273809523809524,33.53654479980469,2.015742301940918,16.276348114013672,0.044642857142857144,0.0,0.0
R00057,0.4868341386318207,2.3333332538604736,0.26770278811454773,0.5492234826087952,3.6117000579833984,0.8532067537307739,0.041666666666666664,9.279152870178223,1.5906165838241577,14.528244018554688,0.05505952380952381,6.0,0.9959843754768372
R00058,1.2566875219345093,5.666666507720947,0.6745858788490295,0.5367965698242188,1.977440595626831,-0.2035066932439804,0.0,205.24383544921875,0.9925515651702881,4.102968215942383,0.045572916666666664,0.0,0.0
R00059,0.5618988871574402,2.6666667461395264,0.3152708411216736,0.5573325753211975,2.8197169303894043,0.5911154747009277,0.03794642857142857,21.42899513244629,1.7720253467559814,12.83558464050293,0.06138392857142857,1.0,0.9716922640800476
R00060,0.407719224691391,3.3333332538604736,0.30060070753097534,0.7547782063484192,3.575906276702881,1.5265774726867676,0.08333333333333333,2.0162837505340576,1.5951424837112427,20.457719802856445,0.020833333333333332,10.0,0.9929184913635254
R00061,0.33850693702697754,3.3333332538604736,0.36059439182281494,1.0652464628219604,5.294758319854736,1.7054280042648315,0.06510416666666667,4.664767742156982,2.9329559803009033,36.7182502746582,0.041666666666666664,16.0,0.9961728453636169
R00062,0.36241352558135986,2.3333332538604736,0.30073580145835876,0.8326838612556458,5.341158390045166,2.1489338874816895,0.046130952380952384,17.2559871673584,4.528386116027832,48.502296447753906,0.02976190476190476,1.0,0.9703257083892822
R00063,0.2391812801361084,1.3333333730697632,0.08053447306156158,0.3373100757598877,2.844072103500366,1.6145455837249756,0.049107142857142856,0.9770573377609253,1.2832350730895996,20.3710880279541,0.022321428571428572,1.0,0.9804947972297668
R00064,0.17071489989757538,2.0,0.2907004952430725,1.7028318643569946,7.718719482421875,1.667636513710022,0.061197916666666664,6.78493070602417,3.3196942806243896,34.41041564941406,0.05078125,0.0,0.0
R00065,0.4545214772224426,2.0,0.2694401144981384,0.5930483937263489,3.2162976264953613,0.911031186580658,0.047619047619047616,24.75991439819336,3.525765895843506,38.92692565917969,0.017857142857142856,9.0,0.9885923862457275
R00066,0.6408014297485352,4.333333492279053,0.5022182464599609,0.7837333679199219,4.494182109832764,1.6515657901763916,0.08203125,12.066709518432617,2.9970200061798096,52.8841438293457,0.0361328125,649.0,0.9990835785865784
R00067,0.6048362851142883,3.0,0.3377315402030945,0.556494951248169,2.944697856903076,1.0128968954086304,0.0625,23.191720962524414,2.4264509677886963,21.607633590698242,0.050595238095238096,0.0,0.0
R00068,0.703112781047821,4.0,0.5739521384239197,0.7982655167579651,3.754586696624756,0.9859763979911804,0.047619047619047616,47.90741729736328,2.3250956535339355,16.80214500427246,0.06845238095238096,30.0,0.9940224885940552
R00069,0.47134116291999817,3.0,0.4355958104133606,0.9234659075737,4.0585150718688965,1.0871996879577637,0.06398809523809523,24.553640365600586,2.857687473297119,22.785232543945312,0.04017857142857143,0.0,0.0
R00070,0.5085991621017456,2.3333332538604736,0.2880660891532898,0.5698658227920532,3.221090316772461,0.5901139378547668,0.049107142857142856,9.88853645324707,2.2050209045410156,29.02305030822754,0.03125,0.0,0.0
R00071,0.20730680227279663,2.0,0.2628287971019745,1.2678195238113403,8.201311111450195,2.2509043216705322,0.0625,3.256465196609497,4.486445903778076,70.52204132080078,0.03125,1.0,0.9732473492622375
R00072,0.10852184891700745,2.0,0.2429581582546234,2.252324104309082,12.191567420959473,2.445470094680786,0.07142857142857142,4.8921380043029785,3.9350152015686035,51.22267532348633,0.041666666666666664,1.0,0.9790513515472412
R00073,0.47210538387298584,2.3333332538604736,0.2769153416156769,0.5812317132949829,3.0520877838134766,1.3054473400115967,0.0625,8.709429740905762,2.080254554748535,22.849931716918945,0.032670454545454544,0.0,0.0
R00074,0.23605310916900635,1.6666666269302368,0.26231327652931213,1.0989899635314941,4.533287525177002,1.345870852470398,0.08035714285714286,2.0282795429229736,2.3505868911743164,20.13591766357422,0.052083333333333336,8.0,0.9925748109817505
R00075,1.424278736114502,5.0,0.40969720482826233,0.2854165732860565,2.131910800933838,-0.16284066438674927,0.022321428571428572,98.45707702636719,0.8788741230964661,7.70543909072876,0.041666666666666664,0.0,0.0
R00076,0.31236690282821655,2.0,0.19237631559371948,0.6158644556999207,4.833292484283447,1.9644979238510132,0.06380208333333333,5.756564617156982,3.586188793182373,72.62503814697266,0.033854166666666664,8.0,0.9826696515083313
R00077,0.5590165853500366,3.6666667461395264,0.5625191926956177,0.9956482648849487,4.895679473876953,1.1942386627197266,0.049107142857142856,12.786709785461426,2.366161823272705,23.917375564575195,0.03125,0.0,0.0
R00078,0.5750358700752258,4.666666507720947,0.6961947679519653,1.1990807056427002,3.8410537242889404,1.3629711866378784,0.08928571428571429,88.18646240234375,1.9718061685562134,7.489748001098633,0.1056547619047619,5.0,0.9762469530105591
R00079,0.2600066661834717,2.0,0.22870679199695587,0.8816631436347961,4.921641826629639,1.6880731582641602,0.06845238095238096,3.1424005031585693,2.6290438175201416,19.713726043701172,0.050595238095238096,1.0,0.9780752062797546
R00080,0.31357428431510925,3.0,0.3800552785396576,1.2101813554763794,11.016256332397461,4.0042338371276855,0.05803571428571429,17.29657745361328,3.7977237701416016,41.0897331237793,0.03720238095238095,18.0,0.999113142490387
R00081,0.6812139749526978,4.0,0.4340578317642212,0.6318411231040955,2.7142014503479004,0.34486520290374756,0.023809523809523808,71.13035583496094,1.2940713167190552,7.29360294342041,0.06398809523809523,0.0,0.0
R00082,0.15141360461711884,1.3333333730697632,0.18272782862186432,1.1908903121948242,7.145257949829102,1.8825926780700684,0.06066176470588235,1.2571349143981934,5.240396022796631,66.27278900146484,0.02022058823529412,4.0,0.98881596326828
R00083,0.4863400161266327,2.6666667461395264,0.25802281498908997,0.532141387462616,2.569920301437378,1.0227097272872925,0.05654761904761905,13.127894401550293,2.1471502780914307,18.74205207824707,0.07291666666666667,1.0,0.9964169859886169
R00084,0.5665097236633301,3.0,0.31396484375,0.5556115508079529,3.064072608947754,1.1761101484298706,0.045454545454545456,10.662711143493652,1.9842638969421387,21.00414276123047,0.029829545454545456,18.0,0.9978405237197876
R00085,0.5037978291511536,3.0,0.37639811635017395,0.7419804334640503,3.8757944107055664,1.2703471183776855,0.049107142857142856,9.156949996948242,2.585575580596924,30.002079010009766,0.046130952380952384,4.0,0.9806538224220276
R00086,0.46019744873046875,2.3333332538604736,0.29871484637260437,0.6501390337944031,3.206585168838501,1.3974014520645142,0.0744047619047619,15.516880989074707,2.3981027603149414,14.991500854492188,0.07589285714285714,6.0,0.9811517000198364
R00087,0.4742484390735626,2.6666667461395264,0.28758248686790466,0.6041333079338074,5.253878116607666,3.1428029537200928,0.052083333333333336,15.467845916748047,1.419806718826294,12.673606872558594,0.05505952380952381,15.0,0.9931772947311401
R00088,0.5561605095863342,2.0,0.17061002552509308,0.3066699206829071,2.91156005859375,2.280294895172119,0.043154761904761904,9.764782905578613,2.3987810611724854,24.83672332763672,0.041666666666666664,0.0,0.0
R00089,0.4343024492263794,2.0,0.2819056510925293,0.6490983366966248,3.0318243503570557,0.9186399579048157,0.05381944444444445,6.775384902954102,2.2331583499908447,15.623620986938477,0.04861111111111111,1.0,0.9714016318321228
R00090,0.37127575278282166,2.6666667461395264,0.31888630986213684,0.8581506609916687,4.496532440185547,1.8500381708145142,0.07886904761904762,14.69819450378418,2.894766330718994,24.276668548583984,0.03869047619047619,1.0,0.9759756922721863
R00091,0.35268306732177734,2.0,0.25631552934646606,0.7353980541229248,3.9496994018554688,1.2139837741851807,0.044642857142857144,3.7710208892822266,3.7189557552337646,35.489845275878906,0.041666666666666664,2.0,0.984006941318512
R00092,0.38328415155410767,2.0,0.16155508160591125,0.4197992980480194,2.6644675731658936,1.7883870601654053,0.07886904761904762,7.680601596832275,1.810815453529358,11.27249526977539,0.06696428571428571,4.0,0.9788273572921753
R00093,0.8203582167625427,4.0,0.3949211835861206,0.4814002811908722,2.9895122051239014,1.428554654121399,0.052083333333333336,133.2573699951172,2.657078981399536,20.762828826904297,0.050347222222222224,0.0,0.0
R00094,0.22044157981872559,1.3333333730697632,0.14677105844020844,0.6694840788841248,3.6690309047698975,0.8911536931991577,0.052083333333333336,0.9090219140052795,2.4703826904296875,23.589569091796875,0.043154761904761904,68.0,0.9955525398254395
R00095,0.3684828579425812,3.0,0.3989415764808655,1.100061297416687,6.483417510986328,1.5686676502227783,0.03125,30.924415588378906,4.60711145401001,44.11824035644531,0.026785714285714284,48.0,0.9996615648269653
R00096,0.315647155046463,2.0,0.20668716728687286,0.6548023819923401,3.8064451217651367,0.8997381925582886,0.052083333333333336,3.8431026935577393,2.26869797706604,27.09866714477539,0.040364583333333336,1.0,0.9727605581283569
R00097,0.40976059436798096,2.6666667461395264,0.3817387819290161,0.933870792388916,4.584537506103516,1.069442868232727,0.05654761904761905,2.3130040168762207,3.267202377319336,52.292686462402344,0.025297619047619048,0.0,0.0
R00098,0.33549991250038147,2.0,0.26100581884384155,0.7731558680534363,5.271627426147461,1.8560302257537842,0.04017857142857143,10.480769157409668,4.4359307289123535,53.545806884765625,0.028273809523809524,1.0,0.9738132357597351
R00099,0.46798834204673767,2.3333332538604736,0.27791523933410645,0.5940606594085693,3.303755760192871,1.377270221710205,0.05823863636363636,11.642043113708496,2.2685372829437256,13.606549263000488,0.05539772727272727,0.0,0.0
R00100,1.397485613822937,6.0,0.6013750433921814,0.4287835657596588,1.8143104314804077,-0.22939325869083405,0.0,238.50563049316406,0.9418662190437317,4.116312503814697,0.050595238095238096,0.0,0.0
R00101,0.3759736716747284,2.0,0.26872751116752625,0.7147487998008728,3.473609447479248,1.03096342086792,0.046875,7.464749813079834,2.615278720855713,18.452774047851562,0.052083333333333336,0.0,0.0
R00102,0.5997997522354126,3.3333332538604736,0.6234780550003052,1.034197449684143,3.3148107528686523,0.8181207180023193,0.011904761904761904,6.641357421875,2.0571398735046387,10.747772216796875,0.08333333333333333,2.0,0.9878403544425964
R00103,0.47500789165496826,2.0,0.18010593950748444,0.3813549876213074,3.231229066848755,2.8069515228271484,0.049107142857142856,13.532110214233398,3.2229301929473877,31.381845474243164,0.03125,0.0,0.0
R00104,0.2192823588848114,1.6666666269302368,0.22452592849731445,1.023317813873291,8.25634765625,2.634253740310669,0.041666666666666664,6.976920127868652,6.99823522567749,116.88038635253906,0.013392857142857142,42.0,0.9966868162155151
R00105,0.5520226359367371,3.0,0.364714652299881,0.658934473991394,3.356415033340454,0.9310054183006287,0.04017857142857143,31.097976684570312,2.0597519874572754,18.437990188598633,0.050595238095238096,3.0,0.9849013686180115
R00106,0.40865904092788696,2.0,0.21839138865470886,0.5344085097312927,4.823150157928467,1.8356627225875854,0.0537109375,1.9546287059783936,2.370638847351074,23.046262741088867,0.05078125,1.0,0.9831522703170776
R00107,0.6817433834075928,4.0,0.44942498207092285,0.656976580619812,3.012615919113159,1.0453470945358276,0.06398809523809523,63.95640182495117,1.6858348846435547,8.398459434509277,0.06398809523809523,1.0,0.9719427227973938
R00108,1.1853610277175903,5.0,0.6193275451660156,0.522479772567749,1.9574720859527588,-0.19593308866024017,0.0,187.06634521484375,0.990236759185791,4.17053747177124,0.045572916666666664,0.0,0.0
R00109,0.25045520067214966,2.0,0.2409527450799942,0.9506442546844482,4.604198932647705,1.066992163658142,0.049107142857142856,14.944404602050781,3.0569286346435547,37.152183532714844,0.03125,17.0,0.9970134496688843
R00110,1.0932673215866089,3.6666667461395264,0.32285013794898987,0.29374584555625916,1.6796127557754517,-0.45168712735176086,0.001488095238095238,94.40946197509766,0.8948417901992798,4.615542411804199,0.011904761904761904,2.0,0.9772817492485046
R00111,0.2619338035583496,1.6666666269302368,0.19676688313484192,0.754704475402832,4.130182266235352,1.0202685594558716,0.0375,1.2784795761108398,3.1406702995300293,49.56499099731445,0.03,5.0,0.9900175333023071
R00112,0.3814235031604767,3.0,0.3521859347820282,0.9156370162963867,5.044861316680908,1.1853837966918945,0.04017857142857143,20.81063461303711,2.9649453163146973,31.960988998413086,0.028273809523809524,3.0,0.9868296384811401
R00113,0.3888069987297058,2.3333332538604736,0.4169161319732666,1.0621026754379272,3.4257192611694336,0.5185428857803345,0.01488095238095238,26.029769897460938,1.5922940969467163,6.786012649536133,0.06994047619047619,5.0,0.9979411363601685
R00114,0.2003348171710968,2.0,0.23898476362228394,1.182549238204956,10.809734344482422,3.544860363006592,0.05875,11.685222625732422,4.725154876708984,75.6493148803711,0.0225,2.0,0.9727516770362854
R00115,0.5996146202087402,3.0,0.3361852765083313,0.5594404339790344,2.920271635055542,1.3427921533584595,0.06101190476190476,22.877145767211914,1.9512169361114502,12.48639965057373,0.0625,1.0,0.9729013442993164
R00116,0.3047853708267212,2.0,0.19583067297935486,0.6465149521827698,5.735533714294434,3.071793556213379,0.03273809523809524,8.04871940612793,4.635810375213623,67.76563262939453,0.028273809523809524,16.0,0.9971389770507812
R00117,0.4267076551914215,2.3333332538604736,0.257356196641922,0.6023871302604675,3.8599798679351807,1.3800214529037476,0.047619047619047616,5.108958721160889,3.089872121810913,48.70011520385742,0.03869047619047619,1.0,0.976678192615509
R00118,0.7242271304130554,3.0,0.4309382438659668,0.5872166156768799,2.1331276893615723,-0.14416742324829102,0.0,62.593360900878906,1.0644253492355347,4.289323329925537,0.03422619047619048,0.0,0.0
R00119,0.049724031239748,1.0,0.14692765474319458,2.9114787578582764,27.24662971496582,3.637620687484741,0.06547619047619048,1.4009640216827393,9.04521656036377,205.93020629882812,0.008928571428571428,0.0,0.0
R00120,0.5380826592445374,3.0,0.322177916765213,0.5958119034767151,3.3856141567230225,0.7155677080154419,0.043154761904761904,30.007986068725586,1.7205209732055664,14.435677528381348,0.05952380952380952,0.0,0.0
R00121,0.17796075344085693,1.0,0.09311537444591522,0.5212154984474182,5.448110580444336,2.115675687789917,0.03125,1.0228185653686523,4.132918834686279,58.043949127197266,0.017857142857142856,31.0,0.98782879114151
R00122,0.357794851064682,2.0,0.19807803630828857,0.5536062121391296,3.509988307952881,1.1388739347457886,0.033854166666666664,2.9868123531341553,2.242065191268921,27.91469383239746,0.02734375,7.0,0.9913743734359741
R00123,0.28311672806739807,3.0,0.5191732048988342,1.8252694606781006,8.357854843139648,2.198765754699707,0.07738095238095238,16.345720291137695,2.8994181156158447,20.942039489746094,0.04017857142857143,2.0,0.9821832180023193
R00124,0.23730844259262085,1.3333333730697632,0.12002318352460861,0.5053526163101196,2.6945838928222656,0.4173087477684021,0.041666666666666664,0.6743686199188232,2.0704269409179688,17.284513473510742,0.043154761904761904,10.0,0.9929230213165283
R00125,0.1346004754304886,1.3333333730697632,0.1971186101436615,1.4606869220733643,20.03308868408203,6.686230659484863,0.022321428571428572,0.6741628050804138,3.6107630729675293,44.52145767211914,0.02976190476190476,4.0,0.9843191504478455
R00126,0.5781236290931702,3.0,0.4186011254787445,0.7241882681846619,3.4183661937713623,0.7219709753990173,0.036931818181818184,23.80754280090332,1.7255195379257202,14.708745956420898,0.04261363636363636,22.0,0.9960380792617798
R00127,0.6144806146621704,2.6666667461395264,0.34917742013931274,0.5682471394538879,2.9877824783325195,0.5700945854187012,0.03125,24.413219451904297,1.6172429323196411,14.832733154296875,0.0625,10.0,0.9925406575202942
R00128,0.27577245235443115,2.0,0.22923313081264496,0.8402702212333679,4.429230690002441,1.3258925676345825,0.046130952380952384,8.183662414550781,2.2572813034057617,18.814233779907227,0.050595238095238096,22.0,0.9984422326087952
R00129,0.30630794167518616,2.0,0.214837446808815,0.6976109743118286,5.017661094665527,2.7535486221313477,0.052083333333333336,4.974128723144531,3.8969647884368896,28.860084533691406,0.049107142857142856,21.0,0.9964660406112671
R00130,0.5553665161132812,3.0,0.4376121759414673,0.7879685759544373,3.21964430809021,0.4609411060810089,0.033854166666666664,24.795480728149414,1.464959740638733,9.957589149475098,0.059895833333333336,4.0,0.9826949238777161
R00131,0.3306087553501129,2.3333332538604736,0.31825318932533264,0.9641044735908508,5.2264404296875,1.6349958181381226,0.05803571428571429,16.426279067993164,3.252046823501587,36.8723030090332,0.043154761904761904,1.0,0.9731809496879578
R00132,0.48042288422584534,3.0,0.394279807806015,0.820699155330658,3.834404706954956,1.2978630065917969,0.06398809523809523,21.467443466186523,2.6341989040374756,17.365530014038086,0.05952380952380952,0.0,0.0
R00133,0.5177553296089172,4.0,0.5998104214668274,1.1584800481796265,3.8213257789611816,1.260134220123291,0.08072916666666667,72.44829559326172,1.8588255643844604,7.94548225402832,0.08072916666666667,19.0,0.9968373775482178
R00134,0.3514503836631775,2.0,0.19685736298561096,0.5616872310638428,3.425410509109497,1.2609608173370361,0.044642857142857144,2.641613245010376,2.185586452484131,23.83200454711914,0.043154761904761904,7.0,0.984864354133606
R00135,0.2599705755710602,1.6666666269302368,0.17260900139808655,0.6618802547454834,4.564778804779053,2.2414121627807617,0.049107142857142856,3.0679008960723877,4.307689666748047,40.63090515136719,0.03571428571428571,45.0,0.9964690208435059
R00136,0.8773916363716125,3.0,0.2350839227437973,0.2687951326370239,1.811501145362854,0.18849071860313416,0.025297619047619048,32.1323356628418,1.008217692375183,5.686770915985107,0.047619047619047616,0.0,0.0
R00137,0.6425690054893494,3.0,0.3334655463695526,0.5161471366882324,2.9898464679718018,0.8233405947685242,0.04017857142857143,22.15701675415039,1.722707748413086,18.754575729370117,0.050595238095238096,0.0,0.0
R00138,0.4240829646587372,2.6666667461395264,0.39976832270622253,0.9426633715629578,4.203300952911377,1.3771058320999146,0.07161458333333333,18.198366165161133,2.73144793510437,17.570533752441406,0.06510416666666667,4.0,0.9888556003570557
R00139,0.26334115862846375,2.3333332538604736,0.3396092653274536,1.2954891920089722,6.175206661224365,1.5170742273330688,0.05357142857142857,10.109590530395508,2.399953603744507,25.063112258911133,0.046130952380952384,20.0,0.9954565167427063
R00140,0.41703423857688904,2.3333332538604736,0.3087277412414551,0.7403337359428406,3.8639888763427734,1.2352923154830933,0.05654761904761905,13.754111289978027,2.5165984630584717,18.14323616027832,0.050595238095238096,0.0,0.0
R00141,0.4105452001094818,3.0,0.3814558684825897,0.9406057000160217,6.1509318351745605,2.455819845199585,0.05803571428571429,31.18634605407715,4.003196716308594,35.675621032714844,0.047619047619047616,17.0,0.9931562542915344
R00142,0.38796085119247437,2.0,0.3588603734970093,0.9170289635658264,4.258986949920654,0.8955239653587341,0.026785714285714284,20.62190818786621,1.813765525817871,12.021533012390137,0.0625,31.0,0.9990331530570984
R00143,0.6526822447776794,3.0,0.411552369594574,0.631348192691803,2.960266351699829,0.6028332710266113,0.03422619047619048,28.88130760192871,1.854485034942627,13.476950645446777,0.049107142857142856,0.0,0.0
R00144,0.37331417202949524,2.0,0.2021656632423401,0.5415414571762085,4.069498538970947,1.5245776176452637,0.036458333333333336,3.844325542449951,4.156337738037109,54.48899841308594,0.022569444444444444,1.0,0.9809157252311707
R00145,0.2899819016456604,2.0,0.18482233583927155,0.6368431448936462,3.8472542762756348,1.0447977781295776,0.05078125,3.169696569442749,2.015157461166382,19.474950790405273,0.049479166666666664,5.0,0.9921409487724304
R00146,0.31875312328338623,3.0,0.37326034903526306,1.1709978580474854,4.855942726135254,1.3764017820358276,0.08125,24.358409881591797,2.172250270843506,13.44163703918457,0.075,67.0,0.9821374416351318
R00147,0.1897820085287094,2.0,0.28842976689338684,1.4976236820220947,6.776063442230225,1.676159143447876,0.06547619047619048,11.532851219177246,3.372943162918091,34.403499603271484,0.03571428571428571,0.0,0.0
R00148,0.13411885499954224,1.6666666269302368,0.2165389508008957,1.6135327816009521,8.894702911376953,2.2912237644195557,0.07236842105263158,4.022522926330566,4.632294654846191,46.4442138671875,0.023026315789473683,3.0,0.9872590899467468
R00149,0.48860102891921997,3.0,0.38291266560554504,0.7751508355140686,3.759420394897461,1.2833625078201294,0.06547619047619048,38.87483215332031,2.9034934043884277,24.71183967590332,0.03720238095238095,19.0,0.9862178564071655
R00150,0.34577709436416626,3.0,0.39312633872032166,1.12692391872406,4.59845495223999,1.4608126878738403,0.07625,32.9140510559082,2.2449533939361572,11.064557075500488,0.06875,0.0,0.0
R00151,0.6207886934280396,3.6666667461395264,0.5860927104949951,0.9418413043022156,3.919114589691162,1.5802918672561646,0.09077380952380952,24.281585693359375,2.1427621841430664,11.24901008605957,0.08482142857142858,0.0,0.0
R00152,0.582327663898468,3.0,0.3104094862937927,0.5356072783470154,2.9982566833496094,1.0991873741149902,0.05803571428571429,19.7888126373291,2.3370938301086426,19.129528045654297,0.05357142857142857,1.0,0.9749450087547302
R00153,0.4084351062774658,2.0,0.23363059759140015,0.5735082030296326,4.053718090057373,2.1898081302642822,0.06845238095238096,9.9597806930542,3.2445404529571533,32.420806884765625,0.03720238095238095,8.0,0.9869145750999451
R00154,0.2507932782173157,1.6666666269302368,0.1548485904932022,0.6244555711746216,3.3684473037719727,1.1744661331176758,0.05952380952380952,3.0178639888763428,2.9666366577148438,32.057621002197266,0.03273809523809524,34.0,0.9982324838638306
R00155,0.30521437525749207,2.0,0.30240607261657715,0.9875491857528687,5.628763198852539,1.6478594541549683,0.050595238095238096,2.7149152755737305,3.46270751953125,45.81558609008789,0.03125,3.0,0.9740599393844604
R00156,0.5097164511680603,3.3333332538604736,0.42276865243911743,0.8236032128334045,3.844869613647461,1.3330916166305542,0.06845238095238096,30.413225173950195,2.5172832012176514,20.526472091674805,0.047619047619047616,0.0,0.0
R00157,0.27354639768600464,4.0,0.5287644267082214,1.9329898357391357,7.842085361480713,1.834155797958374,0.08072916666666667,34.401424407958984,2.8198883533477783,25.143835067749023,0.046875,2.0,0.9965357780456543
R00158,0.8694494962692261,3.6666667461395264,0.3381788730621338,0.3882346749305725,2.3094847202301025,1.0499526262283325,0.05803571428571429,60.9108772277832,1.4243379831314087,9.795735359191895,0.06547619047619048,0.0,0.0
R00159,0.9986240863800049,6.0,0.7644531726837158,0.7655059099197388,3.573599338531494,0.509628176689148,0.018229166666666668,195.19850158691406,1.3163492679595947,7.301501750946045,0.048177083333333336,1.0,0.9726893901824951
R00160,0.3681650161743164,2.3333332538604736,0.3144145607948303,0.8499872088432312,3.6397292613983154,1.3503962755203247,0.08035714285714286,11.753904342651367,2.3709070682525635,12.555562019348145,0.0744047619047619,0.0,0.0
R00161,0.1947506070137024,2.0,0.24928902089595795,1.2673386335372925,7.842508792877197,1.8837889432907104,0.0744047619047619,20.809579849243164,3.9093642234802246,40.49842071533203,0.02976190476190476,1.0,0.9716158509254456
R00162,0.4580269753932953,2.3333332538604736,0.3511643707752228,0.7705615162849426,3.645030975341797,0.9608933329582214,0.05125,4.926671981811523,2.0528693199157715,18.716651916503906,0.065,0.0,0.0
R00163,0.3269035816192627,2.0,0.282073974609375,0.8521612286567688,6.496449947357178,1.9030455350875854,0.06125,12.0570650100708,2.732276201248169,16.80119514465332,0.075,16.0,0.99443519115448
R00164,0.9300422668457031,4.0,0.3303511142730713,0.35522642731666565,2.2731103897094727,1.0360260009765625,0.06101190476190476,68.24842834472656,1.3578871488571167,9.194430351257324,0.06845238095238096,0.0,0.0
R00165,0.24548755586147308,1.6666666269302368,0.16212227940559387,0.6655516028404236,3.768486261367798,0.675868570804596,0.03125,0.7417801022529602,4.839859962463379,86.96212768554688,0.017857142857142856,8.0,0.9952386021614075
R00166,0.2209942787885666,1.6666666269302368,0.19384582340717316,0.8768109679222107,4.792689800262451,1.6325228214263916,0.06398809523809523,1.5282807350158691,3.0733320713043213,26.067977905273438,0.046130952380952384,42.0,0.9951796531677246
R00167,0.1260790228843689,1.0,0.10020001232624054,0.7887319326400757,3.830730676651001,0.8526172041893005,0.041666666666666664,0.38068830966949463,2.1780593395233154,23.22575569152832,0.04017857142857143,55.0,0.997404932975769
R00168,0.09340303391218185,1.0,0.1174238920211792,1.256077766418457,10.453206062316895,3.438580274581909,0.03720238095238095,1.6166690587997437,9.613614082336426,174.5278778076172,0.010416666666666666,9.0,0.99711674451828
R00169,0.3210216462612152,1.6666666269302368,0.20869748294353485,0.6458955407142639,3.279252290725708,0.9584740996360779,0.052083333333333336,1.449645757675171,2.4941234588623047,22.758609771728516,0.047619047619047616,0.0,0.0
R00170,0.2723301649093628,2.0,0.22771421074867249,0.8324750065803528,4.9541168212890625,1.820457100868225,0.06696428571428571,2.3953607082366943,3.006753444671631,25.43416976928711,0.047619047619047616,38.0,0.9950559735298157
R00171,0.37498125433921814,2.0,0.2114831805229187,0.563981831073761,4.131271839141846,1.6252985000610352,0.0498046875,4.966614246368408,2.932983160018921,46.18630599975586,0.0283203125,3.0,0.9734476804733276
R00172,1.0498042106628418,4.0,0.20937605202198029,0.19937948882579803,1.6472283601760864,-0.9596089124679565,0.014322916666666666,90.27129364013672,0.4562073051929474,4.3931732177734375,0.029947916666666668,0.0,0.0
R00173,0.6264405250549316,2.6666667461395264,0.26393556594848633,0.42326727509498596,2.6143267154693604,1.4377999305725098,0.06547619047619048,12.874716758728027,2.827049493789673,50.774688720703125,0.03125,0.0,0.0
R00174,0.3887937366962433,3.3333332538604736,0.3963828980922699,1.0160715579986572,5.438793182373047,2.3873589038848877,0.08088235294117647,28.303810119628906,3.219660997390747,24.360671997070312,0.04963235294117647,211.0,0.9984757304191589
R00175,0.5332298278808594,2.3333332538604736,0.19765733182430267,0.37313833832740784,3.5304150581359863,3.554668426513672,0.043154761904761904,22.568679809570312,3.268383264541626,27.83782386779785,0.03422619047619048,0.0,0.0
R00176,0.34999552369117737,2.6666667461395264,0.31691068410873413,0.9291442036628723,4.449357509613037,1.7303329706192017,0.0744047619047619,9.816999435424805,3.1587586402893066,19.117496490478516,0.052083333333333336,21.0,0.9938518404960632
R00177,0.43383070826530457,2.3333332538604736,0.2831551134586334,0.6608693599700928,3.393038034439087,0.7582434415817261,0.045454545454545456,6.984308242797852,2.5096325874328613,17.332487106323242,0.056818181818181816,15.0,0.9970185160636902
R00178,0.2821829617023468,2.0,0.1930001974105835,0.6839517951011658,4.903855323791504,1.9205467700958252,0.06770833333333333,4.873270511627197,3.760474920272827,66.18709564208984,0.036458333333333336,7.0,0.9932474493980408
R00179,0.18650677800178528,2.0,0.2623431384563446,1.4361701011657715,8.409399032592773,2.912106513977051,0.047619047619047616,7.036690711975098,4.544131755828857,37.608253479003906,0.03720238095238095,28.0,0.9983514547348022
R00180,0.5678307414054871,2.0,0.2117040753364563,0.37743064761161804,2.518700122833252,-0.0764806717634201,0.015427769985974754,12.640567779541016,1.2273062467575073,11.029693603515625,0.028050490883590462,3.0,0.9855343699455261
R00181,0.6286160945892334,3.3333332538604736,0.36580225825309753,0.577357828617096,2.9403648376464844,1.2423442602157593,0.06845238095238096,57.112571716308594,3.045452117919922,45.590511322021484,0.023809523809523808,0.0,0.0
R00182,0.7858994007110596,3.0,0.23685744404792786,0.3022475838661194,2.155866861343384,0.8166924118995667,0.05505952380952381,36.41193771362305,1.2805088758468628,9.245542526245117,0.05505952380952381,1.0,0.9702089428901672
R00183,0.2805865406990051,1.6666666269302368,0.18542073667049408,0.660594642162323,4.878968238830566,2.640467882156372,0.05357142857142857,3.985313892364502,4.457241535186768,51.3892822265625,0.03125,0.0,0.0
R00184,0.4257168173789978,3.3333332538604736,0.5038804411888123,1.1741124391555786,6.4139556884765625,1.89786958694458,0.05952380952380952,19.303922653198242,3.7172374725341797,49.05265808105469,0.03273809523809524,14.0,0.992790699005127
R00185,0.2911895513534546,1.6666666269302368,0.20088273286819458,0.6910578608512878,4.039213180541992,1.2342585325241089,0.052083333333333336,5.156270980834961,3.0860185623168945,23.6956729888916,0.044642857142857144,1.0,0.9764015078544617
R00186,0.3040217161178589,2.0,0.2567042112350464,0.8398510813713074,4.3217549324035645,1.2953072786331177,0.05654761904761905,0.9724451899528503,3.0161163806915283,58.8094596862793,0.022321428571428572,4.0,0.9725717902183533
R00187,0.39289265871047974,3.3333332538604736,0.5112963914871216,1.298519492149353,7.364355087280273,3.1937222480773926,0.05803571428571429,31.466829299926758,3.99751877784729,23.321273803710938,0.052083333333333336,1.0,0.9839997291564941
R00188,0.31880927085876465,2.0,0.27203360199928284,0.8486466407775879,4.405271530151367,1.0170633792877197,0.046130952380952384,4.323212146759033,3.2773020267486572,46.277732849121094,0.026785714285714284,15.0,0.9930893182754517
R00189,0.633743166923523,3.0,0.3109804391860962,0.4888916015625,3.328425407409668,1.094704508781433,0.044407894736842105,28.44707679748535,1.74770987033844,12.914896011352539,0.04276315789473684,0.0,0.0
R00190,0.39333516359329224,2.0,0.22203636169433594,0.5677765011787415,3.160623073577881,0.8858112692832947,0.04017857142857143,6.281015872955322,2.0656795501708984,19.087257385253906,0.03869047619047619,3.0,0.9920406341552734
R00191,0.34235846996307373,4.333333492279053,0.588599681854248,1.719244360923767,7.788132667541504,1.6247081756591797,0.07942708333333333,48.154544830322266,2.3770976066589355,15.629149436950684,0.06770833333333333,4.0,0.9997543096542358
R00192,0.8886690139770508,4.0,0.44974666833877563,0.5043033957481384,2.227280616760254,0.2863089442253113,0.010416666666666666,129.62489318847656,0.9982768893241882,6.039694786071777,0.03422619047619048,13.0,0.9841078519821167
R00193,0.6525364518165588,2.3333332538604736,0.2042222023010254,0.3135002851486206,2.022806167602539,0.6341552734375,0.05505952380952381,15.771376609802246,0.8152778148651123,6.274739742279053,0.03571428571428571,0.0,0.0
R00194,0.38538658618927,2.0,0.24430668354034424,0.6288547515869141,3.7462644577026367,0.6290017366409302,0.025297619047619048,8.044343948364258,2.3617231845855713,34.6352653503418,0.03422619047619048,1.0,0.9820460081100464
R00195,0.4628431797027588,4.0,0.6067319512367249,1.3108773231506348,6.227066516876221,2.378404378890991,0.0703125,94.41631317138672,3.438321113586426,20.213218688964844,0.055989583333333336,1.0,0.9787602424621582
R00196,0.5295283198356628,3.0,0.42673009634017944,0.8048171997070312,2.884882926940918,-0.19535218179225922,0.004261363636363636,20.20195770263672,1.1027010679244995,7.204866886138916,0.036931818181818184,15.0,0.9999983310699463
R00197,0.3347426950931549,1.6666666269302368,0.17191007733345032,0.5179831385612488,3.3465869426727295,1.163762092590332,0.049107142857142856,2.174206018447876,5.013629913330078,93.27830505371094,0.010416666666666666,3.0,0.9767845869064331
R00198,0.6121527552604675,4.0,0.4422789216041565,0.7177473306655884,3.428986072540283,1.7158814668655396,0.08512931034482758,36.522621154785156,2.202256917953491,13.51606273651123,0.07758620689655173,3.0,0.9885008335113525
R00199,0.34350740909576416,2.0,0.2002948522567749,0.5807020664215088,3.1814210414886475,0.9599640965461731,0.05505952380952381,15.58361530303955,2.7575225830078125,21.6939697265625,0.046130952380952384,3.0,0.9895334839820862
R00200,0.5366995334625244,2.3333332538604736,0.2973868250846863,0.5519573092460632,2.982206106185913,0.36923569440841675,0.025297619047619048,11.689457893371582,1.256919503211975,8.653956413269043,0.049107142857142856,2.0,0.9829612970352173
R00201,0.40160730481147766,2.0,0.26746493577957153,0.6637187600135803,4.531676292419434,2.188997745513916,0.06398809523809523,5.552375316619873,3.8212358951568604,43.81070327758789,0.026785714285714284,0.0,0.0
R00202,0.4408363997936249,2.6666667461395264,0.26566988229751587,0.6086457967758179,3.6721389293670654,1.543228030204773,0.05505952380952381,6.483847618103027,3.366081476211548,46.52056121826172,0.03125,6.0,0.9920964241027832
R00203,0.2672361433506012,2.3333332538604736,0.2874656915664673,1.0751121044158936,6.873650074005127,2.5195043087005615,0.07291666666666667,13.346431732177734,3.4923624992370605,38.328861236572266,0.040364583333333336,8.0,0.9990280270576477
R00204,0.2959321141242981,2.3333332538604736,0.3605196475982666,1.2182470560073853,5.521904468536377,1.2142771482467651,0.048828125,7.264315605163574,2.705461025238037,32.40689468383789,0.03125,0.0,0.0
R00205,0.5653208494186401,4.0,0.6007335186004639,1.0600178241729736,4.3137006759643555,0.8643925786018372,0.03720238095238095,40.041831970214844,2.1440484523773193,18.343109130859375,0.05505952380952381,44.0,0.9976006150245667
R00206,0.2225838601589203,2.0,0.2837848365306854,1.2404282093048096,5.425353527069092,1.1899945735931396,0.06818181818181818,7.390380859375,2.8195605278015137,41.876312255859375,0.04261363636363636,14.0,0.9996204376220703
R00207,0.4001142680644989,2.0,0.2307816445827484,0.5800769329071045,3.5690183639526367,1.034858226776123,0.047619047619047616,8.94629192352295,3.6141879558563232,45.60308074951172,0.03125,2.0,0.9926477670669556
R00208,0.1653497964143753,2.0,0.2785450220108032,1.6696149110794067,9.008646965026855,2.134420871734619,0.07589285714285714,8.48951530456543,3.321880578994751,37.5706901550293,0.04017857142857143,2.0,0.9940370917320251
R00209,0.13451224565505981,1.6666666269302368,0.2108912467956543,1.5676277875900269,9.652219772338867,2.5014870166778564,0.06907894736842106,3.5501537322998047,4.958989143371582,53.853607177734375,0.02631578947368421,40.0,0.9923558235168457
R00210,0.5190969705581665,2.6666667461395264,0.3448769152164459,0.6704835295677185,3.776233434677124,1.0901644229888916,0.05505952380952381,13.839912414550781,2.7227702140808105,20.783069610595703,0.03720238095238095,5.0,0.9964703321456909
R00211,0.3776012659072876,2.0,0.3620906174182892,0.9507258534431458,4.211991786956787,0.867344081401825,0.020833333333333332,24.372739791870117,1.8256793022155762,11.96243667602539,0.06398809523809523,31.0,0.9984049201011658
R00212,0.36015450954437256,2.0,0.2298106700181961,0.6410180330276489,4.941255569458008,1.8944453001022339,0.047619047619047616,2.3297855854034424,3.143756866455078,49.13124084472656,0.023809523809523808,0.0,0.0
R00213,0.7199158072471619,2.6666667461395264,0.28425976634025574,0.39394712448120117,2.4595584869384766,0.5103785991668701,0.041666666666666664,25.488698959350586,2.0248289108276367,17.869779586791992,0.04017857142857143,1.0,0.9710962772369385
R00214,0.8554501533508301,3.0,0.34928780794143677,0.4106612503528595,2.129444122314453,0.71295166015625,0.049107142857142856,35.62708282470703,1.5772610902786255,10.635459899902344,0.06994047619047619,0.0,0.0
R00215,0.21626752614974976,3.0,0.45375919342041016,2.0981290340423584,9.14390754699707,1.9871044158935547,0.07291666666666667,25.213621139526367,3.0811712741851807,28.664749145507812,0.040364583333333336,2.0,0.9968010783195496
R00216,0.4649023711681366,2.6666667461395264,0.3134866952896118,0.672569215297699,3.649076223373413,1.5257394313812256,0.06547619047619048,11.36005973815918,2.085247755050659,15.7427978515625,0.06994047619047619,0.0,0.0
R00217,0.21849028766155243,2.0,0.29296639561653137,1.340958595275879,7.196536064147949,1.4050774574279785,0.05952380952380952,12.16873550415039,3.0291707515716553,29.761077880859375,0.041666666666666664,22.0,0.9987908005714417
R00218,0.2125195562839508,2.0,0.21629951894283295,1.0094141960144043,7.249249458312988,2.2532689571380615,0.0515625,3.8945915699005127,6.275379657745361,132.41830444335938,0.00625,10.0,0.9920348525047302
R00219,0.2831662893295288,1.6666666269302368,0.20515476167201996,0.7183935046195984,4.515069007873535,1.5177973508834839,0.05078125,3.8007404804229736,3.520537853240967,38.26255798339844,0.033854166666666664,0.0,0.0
R00220,0.5184546113014221,3.0,0.3107318580150604,0.5993412137031555,4.933145046234131,1.2203361988067627,0.03125,26.36793327331543,3.4301416873931885,56.5622673034668,0.020833333333333332,2.0,0.9868823885917664
R00221,0.2992093563079834,2.0,0.253141850233078,0.849461555480957,7.055435657501221,3.2941107749938965,0.05952380952380952,11.511031150817871,4.081503868103027,38.01344299316406,0.026785714285714284,8.0,0.9877656102180481
R00222,0.4290097653865814,2.0,0.2522937059402466,0.588898241519928,3.237607002258301,1.2771137952804565,0.05654761904761905,9.329367637634277,3.388256311416626,40.37812805175781,0.03720238095238095,0.0,0.0
R00223,0.5558598637580872,2.0,0.19032979011535645,0.3437439501285553,2.4644975662231445,0.6465295553207397,0.03125,7.070720672607422,1.1920981407165527,9.368095397949219,0.052083333333333336,0.0,0.0
R00224,0.4203509986400604,2.3333332538604736,0.3050019145011902,0.7195305228233337,3.822021007537842,1.2565481662750244,0.06547619047619048,8.54790210723877,2.5877020359039307,19.20117950439453,0.05357142857142857,5.0,0.9757958650588989
R00225,0.5335493087768555,3.3333332538604736,0.36890310049057007,0.6903374791145325,3.3351247310638428,1.229137897491455,0.05952380952380952,6.459649085998535,2.40877366065979,13.497994422912598,0.06547619047619048,7.0,0.9903666377067566
R00226,0.7283008694648743,3.0,0.31882908940315247,0.4377705752849579,2.755053758621216,0.1985374391078949,0.006510416666666667,44.51166915893555,1.2820963859558105,17.72799301147461,0.018229166666666668,0.0,0.0
R00227,0.18090379238128662,2.0,0.23911146819591522,1.326095461845398,8.842436790466309,2.763043165206909,0.05952380952380952,11.663450241088867,4.437170505523682,47.39655685424805,0.026785714285714284,9.0,0.9949052333831787
R00228,0.27963051199913025,2.0,0.2609405517578125,0.9314171075820923,4.982372283935547,1.3369160890579224,0.05803571428571429,17.41383171081543,3.6721558570861816,38.96520233154297,0.052083333333333336,15.0,0.9967090487480164
R00229,0.5481892824172974,3.6666667461395264,0.44941768050193787,0.8180266618728638,4.433756351470947,1.1147589683532715,0.044642857142857144,48.79977035522461,2.370945930480957,19.21965217590332,0.052083333333333336,0.0,0.0
R00230,0.4186837375164032,2.0,0.2940075099468231,0.6983066201210022,3.368636131286621,1.6130250692367554,0.085,9.891459465026855,2.72715425491333,14.357147216796875,0.06875,3.0,0.9848512411117554
R00231,0.6803059577941895,4.0,0.5397393107414246,0.7941533923149109,2.8239474296569824,1.0911214351654053,0.044642857142857144,33.76898193359375,1.5955959558486938,6.20944881439209,0.08482142857142858,14.0,0.9995778799057007
R00232,0.6067509651184082,2.0,0.12020858377218246,0.1981181800365448,1.9603614807128906,0.6362608075141907,0.0390625,12.849066734313965,0.8545306324958801,10.223478317260742,0.028645833333333332,0.0,0.0
R00233,0.058414749801158905,1.0,0.1251891851425171,2.11164927482605,11.140786170959473,2.4628396034240723,0.08035714285714286,0.39963844418525696,4.3396687507629395,58.169822692871094,0.02976190476190476,0.0,0.0
R00234,0.9056205749511719,3.6666667461395264,0.41933706402778625,0.4612411558628082,2.9474668502807617,1.0061043500900269,0.05357142857142857,25.75667953491211,2.396303653717041,33.77907180786133,0.020833333333333332,0.0,0.0
R00235,0.11604485660791397,2.0,0.18876111507415771,1.6037077903747559,8.733807563781738,1.7949384450912476,0.0625,9.30817699432373,3.1826975345611572,26.063085556030273,0.047619047619047616,8.0,0.9912483096122742
R00236,0.254197895526886,2.0,0.209671750664711,0.821466326713562,4.431833744049072,1.6799578666687012,0.06101190476190476,3.5005908012390137,3.7008745670318604,27.321613311767578,0.05357142857142857,67.0,0.9984599947929382
R00237,0.6615093946456909,3.0,0.24514272809028625,0.372350811958313,2.342154026031494,0.2443738430738449,0.022321428571428572,20.030433654785156,1.051875352859497,9.049681663513184,0.050595238095238096,0.0,0.0
R00238,0.672853946685791,3.0,0.3395649790763855,0.5060842633247375,2.6178855895996094,0.9143415689468384,0.06101190476190476,28.099496841430664,1.937363624572754,11.62955093383789,0.05952380952380952,0.0,0.0
R00239,0.37883609533309937,2.0,0.24967628717422485,0.6640457510948181,3.8058981895446777,1.2439892292022705,0.043154761904761904,6.876129150390625,2.124549627304077,18.297693252563477,0.04017857142857143,3.0,0.9830875992774963
R00240,0.2123463749885559,2.3333332538604736,0.25899770855903625,1.2196886539459229,5.774673938751221,1.605186939239502,0.07118055555555555,0.8892877101898193,3.653907537460327,44.71950912475586,0.022569444444444444,9.0,0.9927591681480408
R00241,0.3686350882053375,3.0,0.3418588936328888,0.9191763401031494,4.87512731552124,2.423380136489868,0.085,14.811171531677246,3.3728513717651367,38.09663772583008,0.0325,0.0,0.0
R00242,1.0098998546600342,4.0,0.4128701984882355,0.41064968705177307,1.9384115934371948,0.17668500542640686,0.01838235294117647,65.57061004638672,1.3081202507019043,6.700754642486572,0.07169117647058823,0.0,0.0
R00243,0.575224757194519,5.666666507720947,0.8076406717300415,1.377661108970642,4.496008396148682,1.4130364656448364,0.11875,175.89305114746094,2.235957622528076,10.385937690734863,0.09125,0.0,0.0
R00244,0.3335270881652832,2.0,0.1947455257177353,0.5841125845909119,4.069448947906494,1.5629043579101562,0.06547619047619048,6.387145042419434,2.3211874961853027,18.07625389099121,0.050595238095238096,0.0,0.0
R00245,0.6290730237960815,2.0,0.1738724261522293,0.27688464522361755,1.9781322479248047,0.19129326939582825,0.03422619047619048,5.300973892211914,1.7214313745498657,15.606389999389648,0.04017857142857143,0.0,0.0
R00246,0.25196027755737305,1.6666666269302368,0.19974735379219055,0.7893959283828735,3.787306547164917,0.4214496910572052,0.026785714285714284,0.725519597530365,2.2686078548431396,29.9486026763916,0.03422619047619048,24.0,0.9961908459663391
R00247,0.317314088344574,1.6666666269302368,0.1796272248029709,0.5637988448143005,4.132847309112549,1.447113275527954,0.04017857142857143,2.386096715927124,2.883718252182007,46.45383834838867,0.03571428571428571,11.0,0.9863333106040955
R00248,0.8190808892250061,3.6666667461395264,0.4506568908691406,0.5502129793167114,2.888540744781494,0.6856811046600342,0.049107142857142856,48.92913055419922,1.3316346406936646,9.25761890411377,0.05952380952380952,4.0,0.99184250831604
R00249,0.4526825547218323,4.333333492279053,0.6336501240730286,1.3966978788375854,7.48799991607666,3.118675947189331,0.0625,20.306814193725586,3.6792969703674316,20.538715362548828,0.05654761904761905,1.0,0.9734513759613037
R00250,0.9736011028289795,5.666666507720947,0.8029091358184814,0.8284258246421814,4.534190654754639,1.7350683212280273,0.0625,30.723133087158203,1.2263587713241577,15.188276290893555,0.03571428571428571,1.0,0.9763154983520508
R00251,0.4883359670639038,2.3333332538604736,0.29058751463890076,0.5919992923736572,3.786684513092041,0.723412275314331,0.03422619047619048,13.0347318649292,2.056257724761963,27.65198516845703,0.02976190476190476,2.0,0.9752153158187866
R00252,0.5015226006507874,2.3333332538604736,0.24372237920761108,0.4859640300273895,3.962535858154297,0.8600030541419983,0.028645833333333332,13.519646644592285,3.834564685821533,65.04627990722656,0.016927083333333332,1.0,0.9792900085449219
R00253,0.5620155930519104,3.3333332538604736,0.42339617013931274,0.7473686933517456,3.964750289916992,1.524040699005127,0.05803571428571429,31.461923599243164,1.969603180885315,13.269203186035156,0.047619047619047616,0.0,0.0
R00254,0.32756975293159485,2.3333332538604736,0.34839075803756714,1.0392626523971558,5.106703758239746,0.8906450867652893,0.03409090909090909,16.281801223754883,2.18497896194458,20.07223129272461,0.04261363636363636,2.0,0.9967114925384521
R00255,0.4013490676879883,2.6666667461395264,0.365873783826828,0.9248152375221252,5.391909599304199,1.8192126750946045,0.05505952380952381,19.494312286376953,3.3899447917938232,34.02166748046875,0.04017857142857143,1018.0,0.9995676279067993
R00256,0.3654014468193054,2.0,0.22648286819458008,0.6171625852584839,4.323431491851807,2.1115243434906006,0.06398809523809523,4.855511665344238,4.006300926208496,59.19541931152344,0.026785714285714284,1.0,0.9883893132209778
R00257,0.3780478835105896,2.0,0.26717063784599304,0.7085521817207336,4.880237102508545,1.5038319826126099,0.05952380952380952,5.138134002685547,3.6722252368927,65.86986541748047,0.043154761904761904,3.0,0.9758825302124023
R00258,0.2930864691734314,2.3333332538604736,0.3521166145801544,1.194114089012146,7.613744735717773,2.535273790359497,0.06547619047619048,10.596906661987305,3.931924819946289,36.14323425292969,0.046130952380952384,15.0,0.9918320775032043
R00259,0.32161402702331543,2.0,0.2891533076763153,0.8973484039306641,6.056209564208984,2.9221930503845215,0.043154761904761904,2.7624244689941406,2.568988084793091,23.793455123901367,0.047619047619047616,2.0,0.98799067735672
R00260,0.5107435584068298,3.0,0.3922666311264038,0.767316460609436,4.995974540710449,1.5746148824691772,0.05357142857142857,23.682815551757812,2.4724485874176025,25.045412063598633,0.03422619047619048,9.0,0.9922625422477722
R00261,0.36526697874069214,2.0,0.2710191607475281,0.738994300365448,4.511697292327881,1.9414501190185547,0.065,4.945383071899414,3.7388720512390137,38.30433654785156,0.03125,0.0,0.0
R00262,0.22424522042274475,1.3333333730697632,0.10776263475418091,0.47857755422592163,2.9014179706573486,1.0365869998931885,0.050595238095238096,0.8046054840087891,3.344926595687866,46.19304275512695,0.017857142857142856,12.0,0.9763460755348206
R00263,0.16572889685630798,1.6666666269302368,0.19892153143882751,1.1997973918914795,9.704999923706055,2.608455181121826,0.06521739130434782,2.611482620239258,5.822511196136475,108.34801483154297,0.009510869565217392,15.0,0.9943597316741943
R00264,0.83570396900177,3.0,0.31465092301368713,0.3782528042793274,2.162825107574463,0.5149850249290466,0.03125,19.353059768676758,1.3360528945922852,10.511075019836426,0.049107142857142856,0.0,0.0
R00265,0.2880421280860901,1.6666666269302368,0.1690758615732193,0.5846866369247437,3.9072840213775635,1.377711296081543,0.052083333333333336,1.8180086612701416,4.705644607543945,64.56025695800781,0.023809523809523808,14.0,0.9845123887062073
R00266,0.9490736126899719,4.333333492279053,0.4636341333389282,0.48632702231407166,2.3963217735290527,0.39323949813842773,0.03273809523809524,94.13541412353516,1.1975892782211304,7.054617881774902,0.043154761904761904,0.0,0.0
R00267,0.19930177927017212,2.0,0.30468183755874634,1.5458312034606934,7.640116214752197,2.1313350200653076,0.0744047619047619,2.045731782913208,3.5707666873931885,62.69662094116211,0.03571428571428571,0.0,0.0
R00268,0.6763215065002441,3.3333332538604736,0.4999360144138336,0.7358527183532715,3.82491135597229,1.3727127313613892,0.05357142857142857,49.30440902709961,2.0642402172088623,10.69579029083252,0.07291666666666667,4.0,0.9946016073226929
R00269,0.23766903579235077,1.6666666269302368,0.1936408281326294,0.8145177364349365,6.098634243011475,1.9042861461639404,0.046130952380952384,5.797736167907715,4.52487850189209,60.749671936035156,0.023809523809523808,114.0,0.9973772764205933
R00270,0.3985528349876404,2.0,0.27002882957458496,0.6781366467475891,3.423675060272217,1.611741065979004,0.0875,7.501375198364258,2.6360342502593994,14.356924057006836,0.0775,7.0,0.9894542694091797
R00271,0.4986095726490021,2.6666667461395264,0.340758740901947,0.6913166642189026,3.395129919052124,1.4208601713180542,0.06101190476190476,18.081960678100586,2.5024890899658203,15.871623992919922,0.05952380952380952,18.0,0.9951659440994263
R00272,0.4950101375579834,3.0,0.4465475082397461,0.9008163809776306,3.3857920169830322,0.041821010410785675,0.002840909090909091,20.489429473876953,1.2296943664550781,9.656699180603027,0.05397727272727273,15.0,0.9981586933135986
R00273,0.20529624819755554,2.3333332538604736,0.30086103081703186,1.4497318267822266,10.42777156829834,2.7994492053985596,0.0625,5.509829998016357,3.9694926738739014,55.565181732177734,0.028273809523809524,0.0,0.0
R00274,0.5843967199325562,4.0,0.5001688599586487,0.8627020716667175,3.9521546363830566,1.4185272455215454,0.08928571428571429,73.01497650146484,2.1238853931427,12.142849922180176,0.06994047619047619,1.0,0.9781011343002319
R00275,0.3424511253833771,2.0,0.3039950132369995,0.8857903480529785,5.360995292663574,0.9758303165435791,0.05,11.889967918395996,2.8272511959075928,34.703269958496094,0.03625,1.0,0.9707632660865784
R00276,0.601861298084259,3.0,0.4371265172958374,0.7267554402351379,3.57464337348938,1.199012279510498,0.06994047619047619,26.582557678222656,2.1184585094451904,20.06941032409668,0.049107142857142856,0.0,0.0
R00277,0.378960520029068,3.6666667461395264,0.5633959174156189,1.48668372631073,4.506216049194336,1.406992793083191,0.1076388888888889,12.553943634033203,1.9167382717132568,11.124314308166504,0.050347222222222224,0.0,0.0
R00278,0.17008179426193237,1.3333333730697632,0.1467408984899521,0.8765347003936768,6.953352451324463,3.23994517326355,0.044642857142857144,1.5977418422698975,5.014840602874756,73.47197723388672,0.019345238095238096,3.0,0.9719700217247009
R00279,0.4448680579662323,2.3333332538604736,0.2821667492389679,0.6334832310676575,4.276734828948975,1.8994847536087036,0.06994047619047619,7.175675392150879,3.2812142372131348,45.649017333984375,0.04017857142857143,2.0,0.9936497211456299
R00280,0.8118681311607361,3.6666667461395264,0.3873746395111084,0.47944626212120056,2.5353927612304688,1.117785930633545,0.06398809523809523,48.85832214355469,1.7212626934051514,9.53315258026123,0.06994047619047619,0.0,0.0
R00281,0.2213832288980484,1.6666666269302368,0.19028045237064362,0.8521401286125183,5.997357368469238,2.760601758956909,0.041666666666666664,3.239642858505249,4.577951908111572,41.12309646606445,0.03422619047619048,28.0,0.9894015789031982
R00282,0.7033083438873291,4.0,0.4723493158817291,0.681770920753479,4.1905412673950195,1.9951171875,0.041666666666666664,32.23291778564453,2.1890876293182373,21.217252731323242,0.05357142857142857,1.0,0.9909319281578064
R00283,0.8733958005905151,4.666666507720947,0.7250384092330933,0.8228229284286499,3.5073037147521973,1.0094112157821655,0.05952380952380952,13.453749656677246,1.9234297275543213,15.367781639099121,0.05505952380952381,0.0,0.0
R00284,1.055090069770813,4.0,0.4079187214374542,0.38425925374031067,2.1041669845581055,0.22675448656082153,0.022727272727272728,83.44906616210938,1.193819522857666,7.21429443359375,0.052556818181818184,3.0,0.9764209389686584
R00285,0.43178945779800415,2.3333332538604736,0.2631381154060364,0.6083539128303528,4.191857814788818,1.141187071800232,0.046130952380952384,10.113435745239258,2.0779359340667725,29.103015899658203,0.03571428571428571,12.0,0.9871757626533508
R00286,0.5200801491737366,4.0,0.5162997841835022,0.9902942180633545,4.214488506317139,1.8939156532287598,0.09375,39.686912536621094,2.862480640411377,15.402077674865723,0.06101190476190476,20.0,0.9891076683998108
R00287,0.45082876086235046,2.0,0.20836704969406128,0.4613858759403229,2.8622920513153076,1.4433014392852783,0.05505952380952381,11.271527290344238,2.5549352169036865,21.239482879638672,0.044642857142857144,0.0,0.0
R00288,0.36494553089141846,3.0,0.3500451147556305,0.9657554626464844,5.023041248321533,1.5313366651535034,0.06547619047619048,8.230241775512695,3.415442705154419,27.082658767700195,0.041666666666666664,6.0,0.9887469410896301
R00289,0.3171498775482178,2.6666667461395264,0.35624831914901733,1.1320819854736328,5.170113563537598,1.1699402332305908,0.06101190476190476,13.730910301208496,2.6052157878875732,27.978761672973633,0.049107142857142856,53.0,0.999856173992157
R00290,0.15300193428993225,2.0,0.24493877589702606,1.635732889175415,10.721528053283691,2.77156400680542,0.05952380952380952,5.820571422576904,4.234258651733398,35.86953353881836,0.026785714285714284,9.0,0.9941130876541138
R00291,0.16663514077663422,2.0,0.3181118965148926,1.892478108406067,8.627350807189941,2.5133116245269775,0.0744047619047619,4.899165630340576,3.310248851776123,15.606830596923828,0.06994047619047619,3.0,0.9801437854766846
R00292,0.7164077758789062,3.3333332538604736,0.47612741589546204,0.6597293615341187,2.5024068355560303,0.0125445406883955,0.008928571428571428,45.309913635253906,1.4188523292541504,8.162782669067383,0.05654761904761905,32.0,0.9962239861488342
R00293,0.20073950290679932,1.6666666269302368,0.21172766387462616,1.0547329187393188,6.337212562561035,1.6852554082870483,0.0556640625,1.442044734954834,5.602599620819092,82.39837646484375,0.0185546875,20.0,0.9985011219978333
R00294,0.20307834446430206,1.3333333730697632,0.08739732950925827,0.4324890673160553,5.180501461029053,3.1328072547912598,0.035,0.9331555366516113,3.648473024368286,62.7906494140625,0.02,42.0,0.9966059327125549
R00295,0.5766983032226562,3.3333332538604736,0.4363242983818054,0.7560439705848694,3.454233169555664,1.0708712339401245,0.05357142857142857,40.318817138671875,2.1656460762023926,17.75324249267578,0.05357142857142857,1.0,0.9719123244285583
R00296,0.25737354159355164,1.6666666269302368,0.16189874708652496,0.6276052594184875,4.332071781158447,1.9464548826217651,0.05654761904761905,2.1099369525909424,4.166905879974365,58.02876281738281,0.019345238095238096,82.0,0.9968711137771606
R00297,0.6647774577140808,3.3333332538604736,0.5630558729171753,0.8375227451324463,3.168114185333252,0.7327358722686768,0.03571428571428571,23.134624481201172,2.0275990962982178,14.624133110046387,0.047619047619047616,7.0,0.9886190891265869
R00298,0.6864591240882874,3.0,0.4129747748374939,0.5980526804924011,2.567746162414551,0.3997313976287842,0.020833333333333332,39.839752197265625,1.299562692642212,7.383590221405029,0.050595238095238096,3.0,0.986504316329956
R00299,0.12907125055789948,2.0,0.20938953757286072,1.6222656965255737,8.100678443908691,2.026559591293335,0.06770833333333333,5.954879283905029,2.8169422149658203,28.52952003479004,0.03993055555555555,14.0,0.9980766177177429
R00300,0.2370774894952774,2.0,0.24397915601730347,1.031490683555603,5.762279510498047,1.9003350734710693,0.07142857142857142,4.1419291496276855,2.9391047954559326,23.160911560058594,0.05357142857142857,4.0,0.9801158308982849
R00301,0.5262346863746643,3.6666667461395264,0.5293279886245728,1.0058764219284058,3.4473676681518555,0.5294253826141357,0.0078125,35.21774673461914,1.7021753787994385,19.878210067749023,0.044270833333333336,7.0,0.993528425693512
R00302,0.6735702753067017,3.0,0.3157455325126648,0.46682944893836975,3.062880277633667,1.1082712411880493,0.05357142857142857,38.603118896484375,1.9100143909454346,17.621461868286133,0.05357142857142857,0.0,0.0
R00303,0.11788477748632431,1.0,0.09441117942333221,0.7978487610816956,5.38077449798584,2.723560094833374,0.05357142857142857,0.7268444299697876,5.594546794891357,76.25489044189453,0.013392857142857142,0.0,0.0
R00304,0.27849280834198,2.3333332538604736,0.373369038105011,1.3219887018203735,6.524713039398193,1.3231562376022339,0.05625,2.251063346862793,2.4091901779174805,22.27574920654297,0.05625,1.0,0.9736492037773132
R00305,0.4897816479206085,2.3333332538604736,0.21840009093284607,0.44558194279670715,2.598743200302124,1.2576717138290405,0.06547619047619048,11.374744415283203,2.322901964187622,18.628755569458008,0.047619047619047616,0.0,0.0
R00306,0.4034830331802368,2.6666667461395264,0.32984229922294617,0.8174852728843689,5.256945610046387,2.0033206939697266,0.05555555555555555,11.726569175720215,2.4049367904663086,17.077999114990234,0.052083333333333336,26.0,0.9985225200653076
R00307,0.39356520771980286,2.0,0.2667657136917114,0.6751679182052612,3.698368549346924,2.0316238403320312,0.06696428571428571,6.574909210205078,2.765122890472412,15.599651336669922,0.06696428571428571,3.0,0.9769797325134277
R00308,0.49305909872055054,2.3333332538604736,0.27615728974342346,0.5614168047904968,2.799952745437622,0.7164785861968994,0.044642857142857144,5.702114105224609,1.7892694473266602,13.70128345489502,0.044642857142857144,1.0,0.9802850484848022
R00309,0.4467904269695282,3.0,0.37670737504959106,0.8410201072692871,5.872812271118164,3.1595113277435303,0.047619047619047616,6.307168960571289,4.525095462799072,40.043155670166016,0.03720238095238095,7.0,0.9911689162254333
R00310,0.4170585572719574,2.3333332538604736,0.2676919996738434,0.6403449177742004,3.816296100616455,1.6615159511566162,0.050595238095238096,4.178914546966553,3.4583284854888916,55.55694580078125,0.03720238095238095,3.0,0.9813298583030701
R00311,0.32516995072364807,3.0,0.3924943506717682,1.2001773118972778,5.921541213989258,1.6468149423599243,0.043154761904761904,29.135719299316406,2.8711860179901123,30.359603881835938,0.049107142857142856,0.0,0.0
R00312,0.4713566303253174,2.0,0.20146247744560242,0.4274088740348816,3.716822624206543,1.6575478315353394,0.03125,9.326634407043457,3.177536725997925,52.13163375854492,0.013020833333333334,0.0,0.0
R00313,0.36322468519210815,3.3333332538604736,0.5534658432006836,1.5237517356872559,4.681718826293945,1.3727306127548218,0.09895833333333333,8.160518646240234,1.8864772319793701,10.168160438537598,0.05381944444444445,0.0,0.0
R00314,0.6591911911964417,3.0,0.4048764407634735,0.6101845502853394,3.358569860458374,1.3949381113052368,0.05654761904761905,34.87947463989258,1.4837156534194946,10.075528144836426,0.049107142857142856,0.0,0.0
R00315,0.39711159467697144,2.0,0.2585861384868622,0.6462059020996094,3.462965250015259,0.6544509530067444,0.04017857142857143,21.96854591369629,1.3806310892105103,9.256461143493652,0.05357142857142857,2.0,0.9868487119674683
R00316,0.5043926239013672,3.3333332538604736,0.41542935371398926,0.8168660402297974,4.197627544403076,1.8022563457489014,0.06994047619047619,48.83247375488281,2.4576821327209473,15.660436630249023,0.05952380952380952,37.0,0.9983987212181091
R00317,0.21109899878501892,2.0,0.26796427369117737,1.2693712711334229,7.506563186645508,2.0990703105926514,0.0634765625,9.197663307189941,2.887629985809326,35.73693084716797,0.0419921875,54.0,0.9990401268005371
R00318,0.2805851101875305,1.6666666269302368,0.1952599138021469,0.6958405375480652,3.316573143005371,0.6888284087181091,0.03720238095238095,3.3154449462890625,3.5623157024383545,30.665857315063477,0.041666666666666664,19.0,0.9875282049179077
R00319,0.5609249472618103,4.0,0.4997920095920563,0.882989227771759,4.490971565246582,1.2174402475357056,0.0625,41.85359191894531,2.0765931606292725,11.848917961120605,0.06875,0.0,0.0
R00320,0.8244360089302063,4.0,0.48502594232559204,0.5898051261901855,2.4051384925842285,0.24874581396579742,0.01636904761904762,54.20648956298828,1.381582498550415,11.246637344360352,0.06101190476190476,1.0,0.981090784072876
R00321,0.35352420806884766,2.0,0.1682492196559906,0.4770996570587158,3.648897409439087,1.6504789590835571,0.05952380952380952,13.410319328308105,2.5708439350128174,25.31814956665039,0.043154761904761904,0.0,0.0
R00322,0.20987635850906372,1.6666666269302368,0.21954886615276337,1.0460816621780396,5.417660236358643,1.1547349691390991,0.056640625,0.9293709993362427,5.8209075927734375,134.53822326660156,0.0185546875,23.0,0.9985931515693665
R00323,0.3018891513347626,2.0,0.24914954602718353,0.825298547744751,5.461465835571289,1.5984318256378174,0.057291666666666664,1.9097732305526733,3.2964353561401367,42.62345886230469,0.026041666666666668,9.0,0.9879904985427856
R00324,0.329606294631958,1.6666666269302368,0.1295354962348938,0.39408132433891296,3.491870403289795,1.9915156364440918,0.04017857142857143,3.8238139152526855,2.092921495437622,25.873493194580078,0.03273809523809524,10.0,0.9930260181427002
R00325,0.43450257182121277,3.0,0.3759755790233612,0.8645580410957336,5.185116291046143,2.5305819511413574,0.06101190476190476,29.01857566833496,3.4377496242523193,25.11880874633789,0.041666666666666664,2.0,0.9800974130630493
R00326,1.094842791557312,4.0,0.13914963603019714,0.12706123292446136,1.413978934288025,-0.2539328634738922,0.01625,79.60147094726562,0.3371603786945343,3.0639100074768066,0.03125,0.0,0.0
R00327,0.5614174604415894,3.3333332538604736,0.5846506953239441,1.0319749116897583,3.833031177520752,0.5840645432472229,0.018465909090909092,29.435504913330078,1.8470488786697388,13.93513011932373,0.048295454545454544,4.0,0.9994986653327942
R00328,0.47943249344825745,3.0,0.30215397477149963,0.6283334493637085,3.5057952404022217,1.2960429191589355,0.052083333333333336,1.8945436477661133,1.4769203662872314,14.136761665344238,0.043154761904761904,4.0,0.9843767285346985
R00329,0.5421181321144104,3.0,0.3843328058719635,0.7089453339576721,4.005668640136719,1.4514158964157104,0.059895833333333336,52.90959167480469,2.4690053462982178,30.885879516601562,0.040364583333333336,5.0,0.9897556900978088
R00330,0.21640507876873016,2.6666667461395264,0.3460090160369873,1.573136806488037,7.277095794677734,1.4154961109161377,0.06994047619047619,16.279502868652344,2.3020715713500977,21.374908447265625,0.05505952380952381,3.0,0.9909639954566956
R00331,0.3195517063140869,3.3333332538604736,0.4478594958782196,1.3955466747283936,6.140783309936523,1.8356645107269287,0.09226190476190477,36.290836334228516,3.027042865753174,27.373380661010742,0.050595238095238096,5.0,0.9872546195983887
R00332,0.23330256342887878,1.6666666269302368,0.1860593557357788,0.7953423857688904,4.379032135009766,1.6668809652328491,0.050595238095238096,2.3686070442199707,3.866915702819824,26.32980728149414,0.052083333333333336,102.0,0.9998719096183777
R00333,0.4476059377193451,1.6666666269302368,0.18345674872398376,0.4122164845466614,2.3200836181640625,0.5723685622215271,0.044642857142857144,3.0870699882507324,2.1295788288116455,26.496597290039062,0.03869047619047619,6.0,0.9889387488365173
R00334,0.567106306552887,2.3333332538604736,0.26226067543029785,0.4625486731529236,3.000927686691284,0.534578263759613,0.03125,14.83238410949707,1.6669275760650635,18.887784957885742,0.03571428571428571,1.0,0.9813147783279419
R00335,0.5235815048217773,4.666666507720947,0.7125636339187622,1.3609381914138794,5.076950550079346,1.779913306236267,0.11631944444444445,96.7156982421875,2.7298641204833984,14.324771881103516,0.08854166666666667,3.0,0.9831535816192627
R00336,0.3365708887577057,3.6666667461395264,0.5870386362075806,1.7238420248031616,7.673913955688477,2.011654853820801,0.08333333333333333,37.17191696166992,2.956313371658325,26.979738235473633,0.044642857142857144,27.0,0.9992296695709229
R00337,0.446615070104599,3.0,0.40261855721473694,0.9014871120452881,3.6756443977355957,1.0964246988296509,0.055989583333333336,29.557510375976562,1.6957833766937256,16.332195281982422,0.055989583333333336,4.0,0.9782466888427734
R00338,0.4288235306739807,3.0,0.38067901134490967,0.8982164859771729,5.750540733337402,2.3161237239837646,0.05654761904761905,38.807350158691406,4.27749490737915,39.65104293823242,0.044642857142857144,10.0,0.9942626357078552
R00339,0.26932013034820557,2.3333332538604736,0.26706749200820923,1.0057384967803955,5.192766189575195,1.2798066139221191,0.046130952380952384,0.8136284351348877,2.0971882343292236,17.376041412353516,0.050595238095238096,10.0,0.9944266080856323
R00340,0.4897213578224182,3.0,0.3579762578010559,0.7277882695198059,3.923837900161743,0.9355876445770264,0.04375,27.617841720581055,2.451641082763672,16.216781616210938,0.0475,8.0,0.9930645227432251
R00341,0.3201794922351837,1.6666666269302368,0.12341636419296265,0.3858751952648163,3.581559658050537,1.9464998245239258,0.046130952380952384,3.7012009620666504,2.2338924407958984,25.20431137084961,0.025297619047619048,8.0,0.9897876381874084
R00342,0.38235974311828613,2.6666667461395264,0.31500306725502014,0.8243023753166199,5.300909519195557,2.2753169536590576,0.06845238095238096,9.253312110900879,3.6939473152160645,43.683284759521484,0.03720238095238095,14.0,0.9841156005859375
R00343,0.2988647520542145,1.6666666269302368,0.20979471504688263,0.6989231109619141,7.482776165008545,3.283660650253296,0.047619047619047616,1.458880066871643,2.390897035598755,25.21039390563965,0.046130952380952384,25.0,0.9965755343437195
R00344,0.30578291416168213,2.3333332538604736,0.3212504982948303,1.044739842414856,7.535309314727783,2.726104259490967,0.0425,8.918905258178711,4.105220317840576,32.317176818847656,0.04125,12.0,0.9826236963272095
R00345,1.1144776344299316,5.0,0.5589956045150757,0.49846354126930237,2.1834192276000977,0.4301304817199707,0.010416666666666666,165.65011596679688,1.0631496906280518,7.337705135345459,0.05654761904761905,0.0,0.0
R00346,0.2120131105184555,1.6666666269302368,0.22440789639949799,1.0326108932495117,5.453785419464111,1.6418499946594238,0.05698529411764706,3.5373032093048096,4.186672687530518,48.75038146972656,0.02389705882352941,7.0,0.9923452138900757
R00347,0.36568140983581543,2.0,0.17999877035617828,0.49426645040512085,3.135667324066162,1.4316385984420776,0.052083333333333336,4.223586082458496,2.2381999492645264,14.928266525268555,0.050595238095238096,4.0,0.9848799705505371
R00348,0.482982337474823,4.0,0.5167369842529297,1.0573605298995972,5.2900800704956055,2.20369815826416,0.09,89.49860382080078,3.018327236175537,18.81182861328125,0.065,1.0,0.9734774231910706
R00349,0.30105406045913696,2.3333332538604736,0.3930569887161255,1.2712879180908203,5.567480087280273,1.028468370437622,0.061079545454545456,16.068605422973633,2.743175745010376,28.53104591369629,0.046875,14.0,0.9997477531433105
R00350,0.6423355340957642,3.6666667461395264,0.4793734848499298,0.7444825172424316,3.2910940647125244,1.1720762252807617,0.06696428571428571,47.171749114990234,2.3195881843566895,14.760738372802734,0.06547619047619048,0.0,0.0
R00351,0.6935198307037354,3.3333332538604736,0.35192859172821045,0.5083811283111572,2.8326871395111084,0.8525257706642151,0.05357142857142857,24.75104331970215,1.9756624698638916,14.43380069732666,0.05803571428571429,0.0,0.0
R00352,0.4632595181465149,2.0,0.17930521070957184,0.38723090291023254,3.6724767684936523,2.5819363594055176,0.03869047619047619,7.573704242706299,2.5924508571624756,35.8465576171875,0.03273809523809524,0.0,0.0
R00353,0.36123234033584595,1.6666666269302368,0.1818384975194931,0.5019481778144836,4.491950035095215,0.9886131286621094,0.023809523809523808,2.4134106636047363,2.3351292610168457,45.86638641357422,0.019345238095238096,2.0,0.9747938513755798
R00354,0.519983172416687,3.0,0.4393859803676605,0.8387137055397034,3.7064383029937744,1.170916199684143,0.06101190476190476,26.4921875,2.3581693172454834,15.750576972961426,0.03720238095238095,7.0,0.9806769490242004
R00355,0.29027870297431946,2.0,0.28406310081481934,0.9785841703414917,4.9543633460998535,2.2550623416900635,0.059027777777777776,6.494256973266602,2.57043194770813,12.988737106323242,0.06076388888888889,158.0,0.9880791306495667
R00356,0.3282190263271332,3.3333332538604736,0.5767832398414612,1.7485713958740234,8.420759201049805,2.2815680503845215,0.0744047619047619,21.07513427734375,2.949160099029541,20.92339324951172,0.043154761904761904,1.0,0.9733605980873108
R00357,0.3226364552974701,1.6666666269302368,0.1986391693353653,0.6172553896903992,3.9662094116210938,1.1678011417388916,0.044642857142857144,1.8101803064346313,2.3883023262023926,41.1917724609375,0.01636904761904762,0.0,0.0
R00358,0.9676764011383057,4.333333492279053,0.5372456908226013,0.555190920829773,2.9996249675750732,0.07460596412420273,0.018229166666666668,108.54322052001953,1.3972259759902954,9.227640151977539,0.049479166666666664,1.0,0.9812020659446716
R00359,0.5472443699836731,3.0,0.34513768553733826,0.6308601498603821,3.468275308609009,1.615023136138916,0.06547619047619048,24.357206344604492,3.8875441551208496,32.06650161743164,0.03571428571428571,5.0,0.9869991540908813
R00360,0.27466532588005066,1.3333333730697632,0.12680816650390625,0.46066415309906006,4.6225504875183105,1.4764649868011475,0.03422619047619048,1.8219940662384033,3.593813419342041,84.3834457397461,0.00744047619047619,1.0,0.9730855822563171
R00361,0.42552581429481506,3.0,0.4012569785118103,0.9365095496177673,4.370058536529541,1.74285888671875,0.09375,30.241039276123047,2.7798538208007812,17.472881317138672,0.05803571428571429,40.0,0.9982283711433411
R00362,0.28352484107017517,2.6666667461395264,0.3236929178237915,1.1515763998031616,5.102497577667236,1.4387540817260742,0.06101190476190476,13.756672859191895,3.0924370288848877,32.51414108276367,0.04017857142857143,1.0,0.9892953038215637
R00363,0.12192638218402863,2.0,0.22432121634483337,1.822021484375,10.98847484588623,2.847198247909546,0.06398809523809523,6.2427520751953125,3.7071685791015625,31.09540367126465,0.04017857142857143,4.0,0.987943172454834
R00364,0.3789559304714203,3.0,0.37744948267936707,0.9944249987602234,5.523893356323242,2.322033643722534,0.07886904761904762,2.595367431640625,4.101415157318115,64.83407592773438,0.020833333333333332,6.0,0.9754886627197266
R00365,0.39614829421043396,2.0,0.24101489782333374,0.6083940863609314,4.382192611694336,1.128644585609436,0.036458333333333336,10.775394439697266,3.661362886428833,56.42539978027344,0.015625,1.0,0.9728101491928101
R00366,0.3217587172985077,2.0,0.24410328269004822,0.7599660754203796,6.163760662078857,2.6788759231567383,0.03869047619047619,8.8956298828125,5.640810966491699,68.54196166992188,0.019345238095238096,25.0,0.9990306496620178
R00367,0.3371341824531555,2.0,0.2321377843618393,0.6869754791259766,4.4814019203186035,1.873111605644226,0.05625,2.560471296310425,3.3894739151000977,34.20292282104492,0.03,4.0,0.9819236993789673
R00368,0.8805557489395142,4.0,0.31890633702278137,0.35963431000709534,2.3009421825408936,0.4150749146938324,0.03422619047619048,71.7275161743164,1.1028943061828613,7.695120811462402,0.05357142857142857,0.0,0.0
R00369,0.4504373371601105,2.6666667461395264,0.31985464692115784,0.7126327753067017,4.4320454597473145,2.1719229221343994,0.05505952380952381,15.89471435546875,4.043889999389648,44.68259811401367,0.023809523809523808,1.0,0.9714849591255188
R00370,0.18805436789989471,2.0,0.18929755687713623,1.0066052675247192,6.233272075653076,2.3048527240753174,0.059027777777777776,3.60056209564209,3.0561513900756836,41.44001770019531,0.03993055555555555,113.0,0.9939166307449341
R00371,0.24546894431114197,1.3333333730697632,0.12126254290342331,0.4944799244403839,3.2269017696380615,1.1333836317062378,0.052083333333333336,0.9061813354492188,2.425644874572754,20.622699737548828,0.03869047619047619,16.0,0.9974805116653442
R00372,0.3939565122127533,2.6666667461395264,0.39564475417137146,0.9993988275527954,5.325815200805664,1.1707466840744019,0.050595238095238096,3.770627975463867,3.7376708984375,65.93819427490234,0.025297619047619048,0.0,0.0
R00373,0.5655474066734314,3.0,0.4102838337421417,0.7254617810249329,3.113910675048828,0.5394126772880554,0.018229166666666668,28.961685180664062,1.41590416431427,7.472888946533203,0.046875,16.0,0.9979235529899597
R00374,0.6969273090362549,5.0,0.8626492023468018,1.2317283153533936,4.692084789276123,0.9552788734436035,0.046130952380952384,53.247127532958984,2.3865151405334473,18.307275772094727,0.05952380952380952,0.0,0.0
R00375,0.08113999664783478,2.0,0.1941639482975006,2.3458633422851562,15.534955024719238,2.94283127784729,0.06114130434782609,5.369049549102783,3.5760717391967773,40.953277587890625,0.02717391304347826,52.0,1.0
R00376,0.387359619140625,4.0,0.39002734422683716,1.0068843364715576,5.579123497009277,2.1460444927215576,0.06640625,77.60112762451172,2.683528184890747,19.87811851501465,0.053385416666666664,0.0,0.0
R00377,0.6639418005943298,2.6666667461395264,0.21391618251800537,0.3235420286655426,2.892009973526001,1.3565126657485962,0.02976190476190476,9.11833381652832,1.0341933965682983,9.060379981994629,0.03869047619047619,2.0,0.9751549363136292
R00378,0.16630102694034576,3.0,0.4309086203575134,2.558105707168579,23.651464462280273,4.3024516105651855,0.046130952380952384,7.592426300048828,3.608971118927002,31.11727523803711,0.03869047619047619,0.0,0.0
R00379,0.4154166281223297,2.3333332538604736,0.3183411955833435,0.7688950300216675,5.023262977600098,1.2732828855514526,0.06547619047619048,12.208592414855957,2.6883437633514404,29.407644271850586,0.05803571428571429,7.0,0.9781290292739868
R00380,0.1259899139404297,1.0,0.07218203693628311,0.5691368579864502,3.100511074066162,0.2684699296951294,0.023809523809523808,0.23117654025554657,3.9082367420196533,84.76310729980469,0.008928571428571428,16.0,0.9894541501998901
R00381,0.5359446406364441,2.6666667461395264,0.31351238489151,0.5823348760604858,3.4748661518096924,1.3564605712890625,0.05654761904761905,7.627681255340576,3.309189558029175,34.7586555480957,0.03720238095238095,5.0,0.9874922633171082
R00382,0.700760006904602,3.0,0.4496830999851227,0.6388028264045715,2.8771934509277344,0.4831160008907318,0.020833333333333332,27.33820152282715,1.498602271080017,9.206206321716309,0.05952380952380952,1.0,0.9730945229530334
R00383,0.2777846157550812,1.6666666269302368,0.15111765265464783,0.5436849594116211,3.567309856414795,1.339920997619629,0.050595238095238096,1.4417179822921753,3.625795841217041,44.78300857543945,0.023809523809523808,13.0,0.9956387281417847
R00384,0.3962738811969757,2.0,0.10662105679512024,0.26875391602516174,2.291719913482666,0.7245981097221375,0.041666666666666664,8.584831237792969,1.3483963012695312,18.512632369995117,0.03273809523809524,10.0,0.9790224432945251
R00385,0.1560438871383667,2.0,0.2641298770904541,1.6903302669525146,9.27861213684082,1.8145214319229126,0.06392045454545454,14.057186126708984,4.572015285491943,42.45409393310547,0.028409090909090908,39.0,1.0
R00386,0.4733526408672333,2.0,0.2610924541950226,0.5491359233856201,3.6512022018432617,1.1561520099639893,0.041666666666666664,11.866780281066895,2.8722641468048096,30.160940170288086,0.03571428571428571,1.0,0.98301762342453
R00387,0.7492979764938354,4.0,0.5803018808364868,0.77280193567276,3.382197141647339,1.050397276878357,0.06547619047619048,26.464942932128906,1.9132760763168335,11.353344917297363,0.05803571428571429,1.0,0.9806229472160339
R00388,0.5604074597358704,3.0,0.2529940605163574,0.4492438733577728,2.4768600463867188,0.7363888025283813,0.04875,90.57955169677734,3.4074676036834717,32.42809295654297,0.02625,1.0,0.9906763434410095
R00389,0.4399615526199341,3.6666667461395264,0.5180158019065857,1.1603527069091797,6.512172222137451,2.0413310527801514,0.06125,48.68659210205078,2.548356294631958,17.59654426574707,0.04375,146.0,0.9984060525894165
R00390,0.21122071146965027,1.6666666269302368,0.1781306266784668,0.8439362645149231,5.504228115081787,2.1585566997528076,0.057065217391304345,3.0881764888763428,5.093421936035156,74.96080017089844,0.014945652173913044,12.0,0.9946310520172119
R00391,0.5122671723365784,3.0,0.3536742329597473,0.6884502172470093,3.8151931762695312,1.4411441087722778,0.05505952380952381,4.735361576080322,2.3817944526672363,19.798410415649414,0.044642857142857144,4.0,0.9781830906867981
R00392,0.5355191230773926,3.0,0.4182611405849457,0.7743146419525146,4.118354320526123,1.0348283052444458,0.045,38.223392486572266,2.4306857585906982,20.17607307434082,0.05375,4.0,0.9819257259368896
R00393,0.45404568314552307,3.0,0.4399265646934509,0.9689016938209534,4.985549449920654,1.6543097496032715,0.06770833333333333,26.861722946166992,2.5659875869750977,24.05577278137207,0.041666666666666664,4.0,0.9985209703445435
R00394,0.5926700234413147,4.666666507720947,0.5170584917068481,0.8724207282066345,6.325090408325195,1.241738200187683,0.0390625,18.162580490112305,2.419830322265625,28.68639373779297,0.036458333333333336,29.0,0.9984918832778931
R00395,0.9361175298690796,3.0,0.2283368855714798,0.24374611675739288,1.9664372205734253,0.12439770996570587,0.03125,48.85444641113281,0.8537223935127258,8.322158813476562,0.0425,0.0,0.0
R00396,0.4185757339000702,2.6666667461395264,0.3041508197784424,0.7318793535232544,3.8859617710113525,0.8759284019470215,0.029829545454545456,13.328713417053223,2.0847792625427246,22.037893295288086,0.02556818181818182,1.0,0.9794996976852417
R00397,0.22419564425945282,2.0,0.18348775804042816,0.8184230923652649,6.774766445159912,2.9350149631500244,0.046875,10.157693862915039,4.1995673179626465,44.87006378173828,0.032552083333333336,29.0,0.9968374371528625
R00398,0.18102963268756866,2.0,0.21342988312244415,1.167136788368225,8.441252708435059,2.297086715698242,0.05952380952380952,4.587015151977539,3.5038902759552,31.484251022338867,0.03720238095238095,0.0,0.0
R00399,0.9088094830513,3.0,0.2489251047372818,0.2743830978870392,1.8116437196731567,0.16170738637447357,0.025297619047619048,35.251644134521484,1.031397819519043,6.245711326599121,0.047619047619047616,0.0,0.0
R00400,0.16935350000858307,1.0,0.11139923334121704,0.6567445993423462,3.9916868209838867,1.4721474647521973,0.0525,0.6889732480049133,4.116427898406982,85.26768493652344,0.01875,0.0,0.0
R00401,0.12721849977970123,1.3333333730697632,0.19554579257965088,1.5270315408706665,11.441615104675293,3.6887011528015137,0.05654761904761905,2.6587371826171875,5.728985786437988,60.656009674072266,0.020833333333333332,105.0,0.9965633153915405
R00402,0.5128772854804993,2.0,0.274479478597641,0.5337308049201965,3.575080633163452,1.1518194675445557,0.03571428571428571,12.262475967407227,3.001535177230835,33.00446701049805,0.03571428571428571,1.0,0.9835120439529419
R00403,0.45848074555397034,2.0,0.1765548586845398,0.38460734486579895,2.5570688247680664,1.276839017868042,0.05505952380952381,15.3501615524292,1.991511344909668,16.108999252319336,0.043154761904761904,8.0,0.9908433556556702
R00404,0.5780066251754761,3.3333332538604736,0.45260047912597656,0.7777231931686401,3.6397340297698975,1.0997825860977173,0.05357142857142857,50.02983856201172,2.1735007762908936,20.698654174804688,0.050595238095238096,4.0,0.987727701663971
R00405,0.13408784568309784,1.3333333730697632,0.186183363199234,1.3898017406463623,10.708627700805664,3.502368927001953,0.05505952380952381,2.9292221069335938,4.856840133666992,50.14052200317383,0.023809523809523808,105.0,0.9964823126792908
R00406,0.31070590019226074,2.0,0.24434515833854675,0.7864170670509338,3.38923978805542,0.7973290681838989,0.037760416666666664,2.9754302501678467,1.969161033630371,20.06376075744629,0.046875,0.0,0.0
R00407,0.17663250863552094,1.3333333730697632,0.18882523477077484,1.0525615215301514,6.488790512084961,1.7593883275985718,0.06696428571428571,1.6587305068969727,3.8300065994262695,40.41056442260742,0.046130952380952384,50.0,0.9947112798690796
R00408,0.1935231238603592,1.6666666269302368,0.16285736858844757,0.8512257933616638,5.6742963790893555,1.5769977569580078,0.04375,2.2951626777648926,4.391669750213623,75.1668701171875,0.02,4.0,0.9888100624084473
R00409,0.2170545607805252,2.0,0.22797982394695282,1.0449475049972534,7.034909725189209,2.4395363330841064,0.05241935483870968,4.235280513763428,3.689531087875366,52.600833892822266,0.036290322580645164,137.0,0.9974992275238037
R00410,0.5115981698036194,3.0,0.37154215574264526,0.7228386998176575,3.5243356227874756,1.497541069984436,0.07738095238095238,28.909616470336914,2.147329807281494,15.310861587524414,0.05357142857142857,0.0,0.0
R00411,0.19360101222991943,2.3333332538604736,0.2780918478965759,1.4132760763168335,7.606528282165527,1.8099868297576904,0.052083333333333336,0.22419226169586182,3.177046775817871,39.096683502197266,0.02976190476190476,52.0,0.998837947845459
R00412,0.4611223638057709,2.3333332538604736,0.28389355540275574,0.6156564950942993,3.960268020629883,1.0418115854263306,0.04513888888888889,20.306989669799805,3.3470160961151123,38.626285552978516,0.020833333333333332,6.0,0.9932714700698853
R00413,0.6265632510185242,3.3333332538604736,0.4502768814563751,0.7152552008628845,3.374483108520508,1.0728496313095093,0.05505952380952381,49.3179817199707,2.1080868244171143,15.074122428894043,0.046130952380952384,2.0,0.9801152348518372
R00414,0.2696118950843811,2.0,0.2286149561405182,0.8420232534408569,5.294528484344482,1.913268804550171,0.05505952380952381,5.312939167022705,3.270493984222412,32.743839263916016,0.043154761904761904,168.0,0.9988453388214111
R00415,0.25347068905830383,1.3333333730697632,0.08828761428594589,0.3501304090023041,4.324676513671875,3.356398582458496,0.03375,0.9479818940162659,3.058016777038574,61.6251106262207,0.02,36.0,0.9913802146911621
R00416,0.28593432903289795,2.0,0.27911654114723206,0.9697685241699219,4.078373908996582,1.1367266178131104,0.0625,4.575579643249512,2.889158248901367,29.859384536743164,0.051470588235294115,10.0,0.991921067237854
R00417,0.21860790252685547,2.0,0.20672091841697693,0.9387649893760681,4.757045745849609,1.6704400777816772,0.06101190476190476,3.3155324459075928,2.9582366943359375,32.9033203125,0.046130952380952384,0.0,0.0
R00418,0.5116708874702454,3.6666667461395264,0.4227280914783478,0.8261703252792358,4.758706092834473,1.1279064416885376,0.037760416666666664,11.616557121276855,2.3379201889038086,19.683753967285156,0.03515625,19.0,0.9954207539558411
R00419,0.2607559859752655,1.6666666269302368,0.1607675999403,0.6211429238319397,3.209611654281616,0.6829537749290466,0.03125,0.6104329228401184,4.409156799316406,73.09773254394531,0.01636904761904762,8.0,0.9955058097839355
R00420,0.18850760161876678,1.3333333730697632,0.15216602385044098,0.807044267654419,7.7742838859558105,4.206136226654053,0.03422619047619048,3.1490213871002197,6.907060623168945,111.80200958251953,0.01636904761904762,7.0,0.9904157519340515
R00421,0.4468569755554199,2.0,0.20320025086402893,0.4547310769557953,3.0326030254364014,0.8364595770835876,0.044270833333333336,3.9322669506073,2.2422616481781006,49.46226119995117,0.006510416666666667,0.0,0.0
R00422,0.25279316306114197,1.6666666269302368,0.17163607478141785,0.6800441145896912,4.5592851638793945,1.9715121984481812,0.05803571428571429,2.244048833847046,5.763422966003418,96.81086730957031,0.01488095238095238,16.0,0.9881190061569214
R00423,0.2316739410161972,1.3333333730697632,0.16049101948738098,0.6959624886512756,3.5925405025482178,0.6621984839439392,0.03571428571428571,0.7390258312225342,4.747957706451416,77.01148986816406,0.020833333333333332,7.0,0.9950393438339233
R00424,0.46290650963783264,3.3333332538604736,0.45154306292533875,0.9739859700202942,7.164778232574463,2.2467572689056396,0.05654761904761905,14.733436584472656,3.127129077911377,28.49761962890625,0.050595238095238096,134.0,0.9961232542991638
R00425,0.2124500721693039,2.0,0.23463347554206848,1.1062391996383667,10.35189437866211,3.941681385040283,0.03125,17.315956115722656,5.202733993530273,57.78223419189453,0.026785714285714284,52.0,0.9947227239608765
R00426,0.45354360342025757,2.6666667461395264,0.29076579213142395,0.6403653025627136,4.578889846801758,2.180204153060913,0.05654761904761905,7.310655117034912,4.0229105949401855,39.623661041259766,0.022321428571428572,8.0,0.9881952404975891
R00427,0.5706917643547058,3.3333332538604736,0.40766260027885437,0.7143294215202332,3.827357292175293,1.3981893062591553,0.0703125,8.060739517211914,2.380932092666626,34.8383903503418,0.0380859375,2442.0,0.9990746974945068
R00428,0.28142812848091125,1.6666666269302368,0.13826940953731537,0.4903138279914856,3.681131601333618,1.3665038347244263,0.049107142857142856,1.1611204147338867,5.574862003326416,127.69020080566406,0.010416666666666666,3.0,0.9759426116943359
R00429,0.617196261882782,3.0,0.29116854071617126,0.47175920009613037,2.3934216499328613,0.9175289869308472,0.05859375,30.697168350219727,1.4158090353012085,7.487271308898926,0.053385416666666664,2.0,0.9760739207267761
R00430,0.3124222159385681,3.3333332538604736,0.5191802978515625,1.6798937320709229,8.175532341003418,1.745078682899475,0.06547619047619048,23.26359748840332,3.754500389099121,39.658695220947266,0.023809523809523808,22.0,1.0
R00431,0.26774707436561584,2.0,0.22618751227855682,0.8377068042755127,5.1406660079956055,1.0029051303863525,0.03273809523809524,5.247366905212402,3.1940598487854004,44.30007553100586,0.025297619047619048,6.0,0.9870938658714294
R00432,0.6651503443717957,4.0,0.6047089695930481,0.897439181804657,4.317468643188477,0.9973210692405701,0.046130952380952384,13.85401439666748,2.151510715484619,26.796932220458984,0.03125,0.0,0.0
R00433,1.183663010597229,4.0,0.3926970958709717,0.33299514651298523,1.9002023935317993,0.3165733218193054,0.03125,53.24681854248047,0.8752594590187073,5.376891613006592,0.0625,0.0,0.0
R00434,0.09257183223962784,1.6666666269302368,0.2042302042245865,2.1961910724639893,21.16046714782715,3.457012176513672,0.05357142857142857,2.113873243331909,4.687380313873291,63.738311767578125,0.023809523809523808,1.0,0.9817413687705994
R00435,0.1342500001192093,1.6666666269302368,0.16880224645137787,1.257362961769104,7.90942907333374,2.1758058071136475,0.0546875,2.503040313720703,3.515944242477417,38.294986724853516,0.0361328125,14.0,0.9991558194160461
R00436,0.4554259181022644,2.3333332538604736,0.26567450165748596,0.5859835743904114,3.1390228271484375,1.2336872816085815,0.061079545454545456,8.615402221679688,2.2333526611328125,24.34665298461914,0.032670454545454544,9.0,0.9954681396484375
R00437,0.17231637239456177,2.0,0.2446659356355667,1.4004873037338257,8.47059440612793,2.0156092643737793,0.046130952380952384,6.498547554016113,3.5305042266845703,45.26325225830078,0.04017857142857143,3.0,0.9892730712890625
R00438,0.5648877620697021,2.0,0.15601930022239685,0.27616825699806213,2.005180597305298,1.5975373983383179,0.06994047619047619,19.77813720703125,0.6327242851257324,4.5660319328308105,0.05357142857142857,32.0,0.9961220622062683
R00439,0.0850304439663887,1.0,0.1209736317396164,1.4226927757263184,8.081416130065918,2.320505380630493,0.08506944444444445,1.2505156993865967,4.682130813598633,64.38672637939453,0.019097222222222224,16.0,0.998920738697052
R00440,0.5841887593269348,2.6666667461395264,0.3103908896446228,0.527633547782898,2.6406002044677734,0.6051754355430603,0.029017857142857144,19.658050537109375,1.6907764673233032,12.194121360778809,0.06808035714285714,0.0,0.0
R00441,0.7186475396156311,3.0,0.298261821269989,0.41589057445526123,2.4664926528930664,-0.3278638422489166,0.026785714285714284,25.374488830566406,0.8046729564666748,7.7407546043396,0.028273809523809524,0.0,0.0
R00442,0.5081130266189575,3.3333332538604736,0.4923030734062195,0.9688830375671387,3.7112576961517334,0.6338996887207031,0.022135416666666668,41.711761474609375,1.6093902587890625,9.95395278930664,0.057291666666666664,0.0,0.0
R00443,0.3805772364139557,2.0,0.24768386781215668,0.6475517153739929,3.8663241863250732,2.095684051513672,0.06696428571428571,6.564842700958252,2.5111329555511475,19.084619522094727,0.06994047619047619,9.0,0.9859490990638733
R00444,0.41522708535194397,2.3333332538604736,0.3116191029548645,0.7532529830932617,4.797464370727539,1.2280703783035278,0.06398809523809523,10.569808959960938,2.6841683387756348,28.060611724853516,0.06398809523809523,4.0,0.9860196709632874
R00445,0.4736059606075287,2.6666667461395264,0.32812005281448364,0.6940833926200867,4.187286376953125,1.903227686882019,0.049107142857142856,18.478952407836914,3.2256546020507812,28.4677677154541,0.03422619047619048,0.0,0.0
R00446,0.4323867857456207,3.6666667461395264,0.5458365678787231,1.2358009815216064,3.9318697452545166,0.7368019223213196,0.024305555555555556,48.57881546020508,1.7412738800048828,16.352561950683594,0.057291666666666664,1.0,0.9830043315887451
R00447,0.36871451139450073,2.0,0.20772618055343628,0.5623917579650879,3.025521755218506,0.876722514629364,0.043154761904761904,5.873514175415039,2.220710277557373,25.62784194946289,0.026785714285714284,2.0,0.9779030084609985
R00448,0.6810358762741089,2.3333332538604736,0.2122642695903778,0.3119526505470276,1.9982739686965942,0.6549424529075623,0.05357142857142857,17.669979095458984,0.8140767812728882,6.875005722045898,0.03273809523809524,0.0,0.0
R00449,0.6249251961708069,2.6666667461395264,0.29321229457855225,0.4703221321105957,2.7370898723602295,1.5283761024475098,0.06994047619047619,8.712077140808105,2.257474422454834,14.996931076049805,0.06696428571428571,2.0,0.9861711859703064
R00450,0.31151390075683594,2.0,0.2206820547580719,0.7159081101417542,4.560917854309082,0.9586653113365173,0.03720238095238095,4.359961986541748,2.2581372261047363,33.91820526123047,0.028273809523809524,11.0,0.9911863207817078
R00451,0.13208390772342682,1.3333333730697632,0.1369519978761673,1.0327874422073364,7.263841152191162,2.764326572418213,0.07142857142857142,0.8701823353767395,3.7689883708953857,46.43051528930664,0.03273809523809524,0.0,0.0
R00452,0.6690959930419922,3.0,0.4117460250854492,0.6091059446334839,2.59989333152771,0.002225926611572504,0.017857142857142856,41.90531921386719,1.1474748849868774,6.7552809715271,0.03720238095238095,0.0,0.0
R00453,0.3245363235473633,2.0,0.3179507553577423,0.9731870293617249,3.6815412044525146,1.2055000066757202,0.08,15.687538146972656,2.141732692718506,9.38338851928711,0.07875,0.0,0.0
R00454,0.3312456011772156,1.6666666269302368,0.17147506773471832,0.5180743336677551,3.3359973430633545,1.6222591400146484,0.05952380952380952,4.064157962799072,3.1839778423309326,35.87984848022461,0.03273809523809524,39.0,0.9986823797225952
R00455,0.5216975212097168,3.0,0.29278260469436646,0.5612102746963501,2.7878684997558594,1.0812960863113403,0.06640625,25.257720947265625,1.6252607107162476,8.99366283416748,0.0546875,7.0,0.9989997744560242
R00456,0.201610267162323,2.3333332538604736,0.25914469361305237,1.2767976522445679,9.023152351379395,2.532745122909546,0.07065217391304347,5.67671012878418,4.754803657531738,56.92680740356445,0.029891304347826088,20.0,0.9890982508659363
R00457,0.656773030757904,3.0,0.2891277074813843,0.44073009490966797,2.476562976837158,0.8786237239837646,0.0525,17.049388885498047,1.469678282737732,18.491731643676758,0.04875,18.0,0.986566424369812
R00458,0.38860979676246643,2.6666667461395264,0.3601244390010834,0.9249603748321533,6.188685894012451,3.115125894546509,0.046130952380952384,4.9744343757629395,2.77933406829834,26.17263412475586,0.043154761904761904,3.0,0.9879860281944275
R00459,0.49690720438957214,3.0,0.31910598278045654,0.6411861181259155,3.0591118335723877,0.5440715551376343,0.03422619047619048,33.54180145263672,2.356027841567993,28.44147300720215,0.047619047619047616,2.0,0.9803922176361084
R00460,0.09964272379875183,1.3333333730697632,0.1564776748418808,1.5940240621566772,11.06566333770752,4.008302688598633,0.041666666666666664,1.02415132522583,4.095877170562744,33.21061706542969,0.035416666666666666,24.0,0.9895570874214172
R00461,0.23170556128025055,3.0,0.47422629594802856,2.0466675758361816,8.670943260192871,1.9401315450668335,0.07291666666666667,28.7766170501709,2.9855756759643555,26.631736755371094,0.045572916666666664,9.0,1.0
R00462,0.20745126903057098,3.0,0.4042177200317383,1.948485255241394,8.380754470825195,1.893661618232727,0.07552083333333333,17.00054168701172,2.840327024459839,27.495559692382812,0.04296875,16.0,0.9983488917350769
R00463,0.0704135075211525,2.0,0.18278680741786957,2.676298141479492,17.920753479003906,3.471142053604126,0.06547619047619048,2.8100688457489014,3.64725661277771,55.0955810546875,0.028273809523809524,54.0,1.0000001192092896
R00464,0.46223679184913635,2.3333332538604736,0.30460262298583984,0.6534015536308289,3.7085282802581787,1.0778510570526123,0.06398809523809523,9.581514358520508,3.351264715194702,22.26675796508789,0.049107142857142856,0.0,0.0
R00465,0.3646746873855591,2.0,0.2620595395565033,0.7205303311347961,3.8602066040039062,1.2814513444900513,0.05505952380952381,5.43629789352417,4.448413372039795,74.10985565185547,0.01636904761904762,8.0,0.9877753853797913
R00466,0.39708593487739563,2.0,0.25988394021987915,0.6516476273536682,3.6142632961273193,2.177738666534424,0.06696428571428571,6.1775126457214355,2.6942520141601562,14.721970558166504,0.06398809523809523,1.0,0.9720105528831482
R00467,0.3567214012145996,2.0,0.25653818249702454,0.7236884832382202,4.496851444244385,2.018009662628174,0.058423913043478264,7.8282694816589355,3.703584909439087,40.40121078491211,0.03125,76.0,0.9972399473190308
R00468,0.26394346356391907,1.6666666269302368,0.18790991604328156,0.7087269425392151,4.369543075561523,0.9681355953216553,0.03869047619047619,2.048534393310547,2.4109268188476562,39.88884735107422,0.03571428571428571,0.0,0.0
R00469,0.40462079644203186,2.0,0.23210176825523376,0.5736263990402222,4.057125568389893,1.6319348812103271,0.0517578125,5.208235263824463,2.774786949157715,44.24393081665039,0.033203125,5.0,0.9796800017356873
R00470,0.46352165937423706,4.0,0.6006858944892883,1.2860134840011597,5.4979248046875,1.6447789669036865,0.08035714285714286,69.5073013305664,3.0894148349761963,20.817216873168945,0.05357142857142857,0.0,0.0
R00471,0.280754953622818,3.0,0.4365076422691345,1.5367653369903564,7.521368503570557,1.9308074712753296,0.0818452380952381,31.898752212524414,3.0430727005004883,28.210769653320312,0.052083333333333336,6.0,0.9789098501205444
R00472,0.2770831286907196,3.0,0.4595458507537842,1.637878656387329,8.196789741516113,1.70530366897583,0.06696428571428571,28.31460952758789,3.4606733322143555,30.42110824584961,0.026785714285714284,0.0,0.0
R00473,0.3303990364074707,2.0,0.2592128813266754,0.7844590544700623,5.584688663482666,2.0324113368988037,0.045572916666666664,11.1221284866333,3.728734254837036,54.522796630859375,0.01953125,16.0,0.9810007810592651
R00474,0.43050602078437805,3.0,0.4067557156085968,0.9402344822883606,4.868391990661621,1.3533107042312622,0.050595238095238096,7.685693740844727,2.4531667232513428,21.096891403198242,0.08035714285714286,2.0,0.9745372533798218
R00475,0.3938421308994293,2.0,0.2385115623474121,0.606909990310669,3.9667835235595703,1.3306541442871094,0.04017857142857143,3.1915347576141357,2.495630979537964,41.49617385864258,0.020833333333333332,3.0,0.9775697588920593
R00476,0.29835987091064453,2.0,0.22371017932891846,0.7479009628295898,4.987546920776367,2.088090181350708,0.052083333333333336,5.563403129577637,4.291863441467285,46.23067855834961,0.03125,5.0,0.9931724071502686
R00477,0.3382319509983063,1.6666666269302368,0.23221038281917572,0.6847448348999023,4.43761682510376,1.720227599143982,0.06101190476190476,3.5640711784362793,2.923574924468994,30.70903205871582,0.03422619047619048,1.0,0.9737260341644287
R00478,0.5394083857536316,3.6666667461395264,0.4505007266998291,0.835174024105072,3.528526544570923,1.3252438306808472,0.07291666666666667,39.358612060546875,1.9919421672821045,11.462682723999023,0.06770833333333333,5.0,0.9871670603752136
R00479,0.5035287737846375,2.0,0.22167162597179413,0.4394696056842804,3.606879711151123,1.117305040359497,0.044642857142857144,3.6338627338409424,2.7986793518066406,47.04020690917969,0.028273809523809524,0.0,0.0
R00480,0.6869245171546936,2.3333332538604736,0.2108636349439621,0.30732330679893494,2.1615054607391357,0.781335175037384,0.06398809523809523,15.130293846130371,0.7575098276138306,5.301907539367676,0.03869047619047619,0.0,0.0
R00481,0.2637380063533783,2.0,0.2959304749965668,1.121976613998413,5.995569229125977,1.757246732711792,0.06101190476190476,5.678254127502441,3.22884464263916,32.51957702636719,0.043154761904761904,20.0,0.9952784180641174
R00482,0.07297409325838089,1.0,0.152115136384964,2.020836353302002,10.538846015930176,2.440761089324951,0.07333333333333333,0.6637005805969238,4.326131820678711,62.010276794433594,0.03333333333333333,0.0,0.0
R00483,0.3983454704284668,3.0,0.42685598134994507,1.0715693235397339,4.873661041259766,1.6945817470550537,0.07682291666666667,48.50334167480469,2.822352409362793,18.723955154418945,0.055989583333333336,14.0,0.9950665235519409
R00484,0.20687375962734222,1.6666666269302368,0.15341532230377197,0.7439947128295898,5.402066707611084,2.4764907360076904,0.05803571428571429,3.1524171829223633,4.023891448974609,54.977394104003906,0.020833333333333332,7.0,0.9859835505485535
R00485,0.5932130217552185,3.3333332538604736,0.44234102964401245,0.7409765720367432,3.2150189876556396,0.5360828042030334,0.03571428571428571,27.919788360595703,1.992917776107788,13.873454093933105,0.05654761904761905,0.0,0.0
R00486,0.1431119590997696,1.3333333730697632,0.1806684285402298,1.2341008186340332,7.9091715812683105,1.7386187314987183,0.05698529411764706,1.220486044883728,4.457951545715332,43.699710845947266,0.027573529411764705,8.0,0.97952800989151
R00487,0.3209277093410492,2.0,0.20127885043621063,0.6270796656608582,3.9775068759918213,1.3719571828842163,0.06398809523809523,2.8115129470825195,2.6562037467956543,29.21880340576172,0.03422619047619048,64.0,0.9925287365913391
R00488,0.23399418592453003,2.0,0.2439124435186386,1.048038125038147,5.621341228485107,1.5960439443588257,0.06696428571428571,2.942823648452759,2.4463396072387695,28.325841903686523,0.05654761904761905,77.0,0.9995211362838745
R00489,0.6805328130722046,2.6666667461395264,0.26298195123672485,0.38881856203079224,2.3823471069335938,0.8329684734344482,0.03869047619047619,18.203659057617188,1.40034019947052,12.31876277923584,0.06101190476190476,7.0,0.978510856628418
R00490,0.5722523331642151,3.6666667461395264,0.5053382515907288,0.8810712695121765,3.5273516178131104,0.6891493201255798,0.03273809523809524,47.79515075683594,1.9605199098587036,13.889594078063965,0.05357142857142857,13.0,0.9973355531692505
R00491,0.29846638441085815,2.3333332538604736,0.3570537269115448,1.1860369443893433,5.773024082183838,1.9015679359436035,0.07738095238095238,14.419633865356445,3.5850563049316406,27.98615837097168,0.050595238095238096,14.0,0.9876863360404968
R00492,0.6465440392494202,3.0,0.2938796281814575,0.4540901780128479,3.761793375015259,1.6223987340927124,0.03422619047619048,22.06955909729004,1.55925452709198,12.48507022857666,0.06101190476190476,0.0,0.0
R00493,0.5148270726203918,2.0,0.15958841145038605,0.30984362959861755,2.381392002105713,1.3403624296188354,0.050595238095238096,8.681745529174805,1.9688785076141357,18.264678955078125,0.04017857142857143,0.0,0.0
R00494,0.1373036503791809,1.3333333730697632,0.1695788949728012,1.2350555658340454,9.267426490783691,3.693824052810669,0.036458333333333336,6.717790603637695,6.106504440307617,77.55326843261719,0.024305555555555556,125.0,0.998268723487854
R00495,0.3669086992740631,2.0,0.22912055253982544,0.623545229434967,4.010450839996338,1.5111665725708008,0.06696428571428571,3.592236042022705,2.4378623962402344,24.753543853759766,0.03869047619047619,5.0,0.994419276714325
R00496,0.5447542667388916,2.6666667461395264,0.3231068253517151,0.5904787182807922,3.58540415763855,1.377395510673523,0.05505952380952381,7.532721996307373,3.3727378845214844,36.14759826660156,0.03571428571428571,5.0,0.9898396730422974
R00497,0.33672451972961426,2.6666667461395264,0.2704983353614807,0.8061016201972961,4.755292892456055,2.2737677097320557,0.06845238095238096,14.489821434020996,3.0947608947753906,29.805370330810547,0.047619047619047616,17.0,0.9886218309402466
R00498,0.34298017621040344,2.0,0.23686538636684418,0.6890540719032288,4.363580226898193,2.2905189990997314,0.07291666666666667,1.9867477416992188,1.553371787071228,24.24068832397461,0.019345238095238096,18.0,0.9973779916763306
R00499,0.5500972270965576,2.6666667461395264,0.3036686182022095,0.5537669658660889,3.5996897220611572,1.903502106666565,0.044642857142857144,16.498647689819336,2.2694742679595947,21.364160537719727,0.03422619047619048,0.0,0.0
R00500,0.5952251553535461,3.0,0.37361568212509155,0.6223236918449402,3.0868194103240967,0.5381924510002136,0.03869047619047619,37.29856491088867,1.208067536354065,6.409337043762207,0.05357142857142857,0.0,0.0
R00501,0.42010533809661865,2.0,0.2416335493326187,0.5751721858978271,3.850245475769043,1.5239219665527344,0.059895833333333336,11.393610954284668,3.1394386291503906,45.57455062866211,0.032552083333333336,0.0,0.0
R00502,0.5974719524383545,2.3333332538604736,0.26194512844085693,0.43914148211479187,2.456848621368408,0.6329237818717957,0.04017857142857143,4.545226573944092,2.085050344467163,26.351970672607422,0.028273809523809524,0.0,0.0
R00503,0.36207690834999084,2.0,0.341440349817276,0.9254952669143677,3.962608814239502,0.8023369908332825,0.04,8.656268119812012,3.08852219581604,36.92684555053711,0.04125,20.0,0.9965566396713257
R00504,0.318419486284256,2.0,0.21834082901477814,0.687609851360321,4.472713470458984,2.2326531410217285,0.06845238095238096,8.797959327697754,2.8143880367279053,23.576404571533203,0.046130952380952384,10.0,0.9983282089233398
R00505,0.3601952791213989,2.0,0.19445110857486725,0.5378240942955017,3.8048553466796875,1.5285989046096802,0.047619047619047616,7.767292022705078,2.900440216064453,44.27817916870117,0.025297619047619048,45.0,0.9919758439064026
R00506,0.5731030702590942,2.0,0.20455443859100342,0.3569236695766449,2.159520387649536,0.7221441864967346,0.041666666666666664,14.906420707702637,1.3246673345565796,7.495067596435547,0.061197916666666664,0.0,0.0
R00507,0.36001986265182495,2.0,0.26623451709747314,0.7410181760787964,3.9013712406158447,2.3170435428619385,0.05952380952380952,6.445427417755127,2.6253821849823,13.570930480957031,0.06101190476190476,27.0,0.9966983795166016
R00508,0.1599927544593811,2.0,0.30693742632865906,1.8916332721710205,14.167512893676758,2.806504726409912,0.06845238095238096,8.316822052001953,2.851583480834961,24.638916015625,0.05654761904761905,3.0,0.9844929575920105
R00509,1.0728275775909424,4.0,0.4193525016307831,0.3931353986263275,1.8099626302719116,-0.3773386776447296,0.002976190476190476,121.53792572021484,0.846868097782135,5.193291187286377,0.022321428571428572,0.0,0.0
R00510,0.27155256271362305,1.6666666269302368,0.18668986856937408,0.6814934015274048,4.073432922363281,2.1042027473449707,0.06398809523809523,3.4069325923919678,3.6385529041290283,30.53597640991211,0.046130952380952384,20.0,0.98948073387146
R00511,0.23350609838962555,2.3333332538604736,0.22059139609336853,0.9446882009506226,5.765795707702637,2.851518392562866,0.06380208333333333,3.4942409992218018,5.088316917419434,52.85240173339844,0.02734375,4.0,0.9914471507072449
R00512,0.10698626190423965,1.3333333730697632,0.17184922099113464,1.623635172843933,10.407586097717285,3.135111093521118,0.044642857142857144,1.5990583896636963,7.208600044250488,106.7258071899414,0.017857142857142856,17.0,0.9976643919944763
R00513,0.5787234902381897,3.0,0.36467474699020386,0.625690221786499,3.2332258224487305,1.2548009157180786,0.07291666666666667,50.19156265258789,2.934504508972168,41.70558547973633,0.02976190476190476,0.0,0.0
R00514,0.1718994379043579,2.0,0.25638893246650696,1.463503360748291,10.217789649963379,2.952298164367676,0.06712962962962964,1.0174599885940552,3.1443259716033936,33.72793197631836,0.03819444444444445,1.0,0.978987455368042
R00515,0.2605283260345459,1.6666666269302368,0.18639804422855377,0.7096120715141296,4.576545238494873,1.2332504987716675,0.05803571428571429,4.6016411781311035,4.212734222412109,54.02768325805664,0.03422619047619048,2.0,0.9882736802101135
R00516,0.2273091971874237,1.3333333730697632,0.12866878509521484,0.5626458525657654,3.047595739364624,0.8772128224372864,0.04017857142857143,0.6565751433372498,2.752918243408203,36.29117202758789,0.025297619047619048,28.0,0.9900012612342834
R00517,0.2697785794734955,1.6666666269302368,0.16424506902694702,0.6123475432395935,3.8411223888397217,1.9938157796859741,0.07291666666666667,4.180812358856201,3.371446132659912,55.71035385131836,0.026785714285714284,2.0,0.9734303951263428
R00518,0.48287612199783325,2.6666667461395264,0.3272264301776886,0.6751617789268494,3.0015709400177,1.1873573064804077,0.06696428571428571,16.811668395996094,1.944454550743103,11.250386238098145,0.06994047619047619,0.0,0.0
R00519,0.5214453339576721,3.0,0.34395092725753784,0.6569519639015198,3.410921335220337,1.2873897552490234,0.0625,18.510765075683594,2.0129241943359375,11.997316360473633,0.0625,1.0,0.9708621501922607
R00520,0.5089871287345886,2.3333332538604736,0.3404131531715393,0.6716185808181763,2.7128078937530518,-0.1423075944185257,0.013392857142857142,23.019899368286133,1.2590233087539673,7.25754451751709,0.05803571428571429,1.0,0.9835798144340515
R00521,0.20070777833461761,3.0,0.3584294021129608,1.7858185768127441,11.177836418151855,2.954219102859497,0.080078125,38.085716247558594,4.648703098297119,62.64813995361328,0.033203125,0.0,0.0
R00522,0.2099595069885254,1.3333333730697632,0.15338952839374542,0.7310546040534973,4.083370685577393,0.9711608290672302,0.050595238095238096,1.1422967910766602,3.0190420150756836,35.029911041259766,0.03720238095238095,76.0,0.9958348274230957
R00523,0.37005484104156494,1.6666666269302368,0.1945461928844452,0.5257211327552795,3.2107338905334473,1.0701260566711426,0.049479166666666664,1.7897714376449585,2.204484224319458,51.23072052001953,0.005208333333333333,0.0,0.0
R00524,0.7601261138916016,3.6666667461395264,0.4669058918952942,0.6208809614181519,4.27113151550293,2.1065289974212646,0.03125,27.062252044677734,2.0371549129486084,16.170015335083008,0.05505952380952381,1.0,0.9841632843017578
R00525,0.40051162242889404,2.0,0.19453993439674377,0.4873984754085541,3.613731622695923,1.5839217901229858,0.03869047619047619,3.2032787799835205,1.868021011352539,16.857954025268555,0.03422619047619048,36.0,0.9971316456794739
R00526,0.34668782353401184,2.0,0.15574240684509277,0.4491032063961029,3.183067560195923,1.597687005996704,0.05357142857142857,8.651668548583984,2.3988752365112305,21.792797088623047,0.041666666666666664,4.0,0.9786844849586487
R00527,0.36737060546875,2.6666667461395264,0.292532354593277,0.796284556388855,5.689522743225098,2.014523983001709,0.041666666666666664,26.755056381225586,3.436131238937378,33.720130920410156,0.036458333333333336,1.0,0.976034939289093
R00528,0.518024206161499,2.6666667461395264,0.3169323801994324,0.6097975373268127,2.741412401199341,0.9183952212333679,0.06845238095238096,17.458187103271484,2.0517220497131348,10.198205947875977,0.07142857142857142,0.0,0.0
R00529,0.4059329926967621,2.3333332538604736,0.25007182359695435,0.6116514205932617,3.884622573852539,1.1997759342193604,0.05357142857142857,15.44041633605957,2.168044328689575,15.805790901184082,0.052083333333333336,2.0,0.9767959713935852
R00530,0.6065695881843567,3.0,0.3401212692260742,0.5607283115386963,4.573934555053711,1.1640396118164062,0.028645833333333332,27.795122146606445,3.608165740966797,59.55622863769531,0.020833333333333332,1.0,0.9719535112380981
R00531,0.19188715517520905,2.6666667461395264,0.33468854427337646,1.7243306636810303,9.591324806213379,2.6595263481140137,0.06994047619047619,16.681814193725586,2.9987289905548096,24.433795928955078,0.052083333333333336,0.0,0.0
R00532,0.40706491470336914,2.6666667461395264,0.3243483901023865,0.8046099543571472,7.858769416809082,2.84149169921875,0.05357142857142857,15.138999938964844,3.113600969314575,28.44529151916504,0.043154761904761904,18.0,0.9926049709320068
R00533,0.36689844727516174,3.0,0.40872064232826233,1.1028728485107422,8.010737419128418,2.200770854949951,0.08125,27.469472885131836,2.719022035598755,18.004863739013672,0.07125,16.0,0.9904580116271973
R00534,0.4422993063926697,1.6666666269302368,0.2215755134820938,0.5009417533874512,2.3542819023132324,0.3302968740463257,0.03571428571428571,2.748894214630127,2.135016441345215,15.942304611206055,0.06547619047619048,0.0,0.0
R00535,0.3338078558444977,2.3333332538604736,0.32359302043914795,0.9684314727783203,5.364924907684326,1.5755988359451294,0.049107142857142856,4.105399131774902,3.4819185733795166,43.120094299316406,0.03422619047619048,3.0,0.9780198335647583
R00536,0.3732740879058838,1.6666666269302368,0.1455608308315277,0.39058545231819153,2.6370201110839844,1.0703251361846924,0.052083333333333336,3.4423182010650635,1.2998143434524536,10.09842300415039,0.052083333333333336,6.0,0.9873168468475342
R00537,0.41301918029785156,2.3333332538604736,0.29035818576812744,0.7022018432617188,4.158197402954102,1.639264464378357,0.07291666666666667,5.89047384262085,2.700702428817749,28.004362106323242,0.03571428571428571,3.0,0.9800276160240173
R00538,0.20290446281433105,1.3333333730697632,0.13035087287425995,0.6370949149131775,4.632979393005371,1.9628658294677734,0.03869047619047619,0.2950703203678131,3.365291118621826,54.18931198120117,0.022321428571428572,262.0,0.9985009431838989
R00539,0.6004909873008728,6.0,0.8348698019981384,1.3652424812316895,4.516171932220459,1.418088436126709,0.12375,199.8304443359375,2.2213103771209717,10.200826644897461,0.09125,0.0,0.0
R00540,0.15700367093086243,1.0,0.11652184277772903,0.7426314353942871,3.5829200744628906,0.6873327493667603,0.03125,0.4739907681941986,3.4866366386413574,37.934871673583984,0.01636904761904762,76.0,0.9945307970046997
R00541,0.5276489853858948,3.3333332538604736,0.3738565444946289,0.708531379699707,4.369067668914795,1.8121377229690552,0.0625,57.40049362182617,2.798199415206909,38.24587631225586,0.0390625,0.0,0.0
R00542,0.46781864762306213,2.6666667461395264,0.33386823534965515,0.713682234287262,3.2196457386016846,0.6953975558280945,0.046130952380952384,13.571707725524902,2.113475799560547,17.862226486206055,0.05357142857142857,1.0,0.982334554195404
R00543,0.17687563598155975,1.3333333730697632,0.17526774108409882,0.9890977144241333,4.344573497772217,1.1137137413024902,0.041666666666666664,0.6849947571754456,1.9932702779769897,20.121173858642578,0.028273809523809524,1.0,0.977270245552063
R00544,0.38934317231178284,2.0,0.12342537939548492,0.31711968779563904,1.5506267547607422,-1.4260281324386597,0.0,8.149070739746094,0.5574559569358826,3.1292788982391357,0.025,2.0,0.9789456129074097
R00545,0.26538166403770447,2.0,0.24472135305404663,0.9221449494361877,3.8613646030426025,0.8900752067565918,0.0390625,5.682399749755859,1.7729986906051636,18.136043548583984,0.040364583333333336,2.0,0.9787954092025757
R00546,0.3159887492656708,2.0,0.25478294491767883,0.806476891040802,4.261680603027344,0.9977291226387024,0.041666666666666664,5.835860252380371,2.3457186222076416,21.29631996154785,0.05357142857142857,37.0,0.9976351857185364
R00547,0.3518054485321045,3.0,0.41102516651153564,1.1679874658584595,5.479786396026611,1.9672497510910034,0.07589285714285714,39.62578582763672,3.6105730533599854,27.245731353759766,0.052083333333333336,9.0,0.9792774319648743
R00548,0.13351505994796753,2.0,0.30029791593551636,2.240295171737671,11.416211128234863,2.4204659461975098,0.07886904761904762,11.787092208862305,3.195248603820801,32.35835647583008,0.046130952380952384,0.0,0.0
R00549,0.6907055377960205,3.0,0.3195890784263611,0.46174946427345276,2.1860463619232178,0.13998016715049744,0.03125,32.23807144165039,1.1416281461715698,6.731934070587158,0.06398809523809523,0.0,0.0
R00550,0.38244202733039856,2.0,0.2089347243309021,0.5457983016967773,3.759420394897461,2.1613407135009766,0.05952380952380952,1.972744345664978,2.800104856491089,25.05341911315918,0.03720238095238095,1.0,0.9817572236061096
R00551,0.21296070516109467,2.0,0.2921019494533539,1.3560121059417725,6.964895248413086,1.9743915796279907,0.07738095238095238,7.660486698150635,3.314821481704712,32.01848220825195,0.04017857142857143,0.0,0.0
R00552,0.2090010792016983,1.3333333730697632,0.1357700228691101,0.6519688367843628,4.603488445281982,1.019299030303955,0.03720238095238095,1.3566889762878418,4.301962852478027,56.837650299072266,0.023809523809523808,49.0,0.996563196182251
R00553,0.38687723875045776,2.6666667461395264,0.3063180446624756,0.7884989380836487,4.099149703979492,1.9644544124603271,0.07886904761904762,8.6780424118042,2.681363821029663,23.935049057006836,0.06845238095238096,0.0,0.0
R00554,0.42392081022262573,3.0,0.3321712613105774,0.7823401093482971,3.906985282897949,1.5991710424423218,0.07142857142857142,23.4107666015625,2.2686431407928467,15.891875267028809,0.0625,0.0,0.0
R00555,0.29028788208961487,2.3333332538604736,0.2235775738954544,0.7701900005340576,4.489959716796875,1.8744993209838867,0.07942708333333333,1.810774803161621,3.290494680404663,30.549169540405273,0.033854166666666664,2.0,0.991908609867096
R00556,0.3582856357097626,3.0,0.3149847984313965,0.8748414516448975,4.717616081237793,1.3227289915084839,0.06994047619047619,22.116247177124023,2.0275020599365234,13.87701416015625,0.0625,35.0,0.9915745854377747
R00557,0.28818172216415405,2.0,0.2467135190963745,0.851070761680603,6.515222549438477,3.105099678039551,0.03869047619047619,5.203492164611816,2.753936767578125,26.926315307617188,0.043154761904761904,0.0,0.0
R00558,0.663441002368927,2.3333332538604736,0.21972128748893738,0.33293065428733826,2.5461175441741943,0.8075781464576721,0.03869047619047619,13.63653564453125,1.2967687845230103,11.210429191589355,0.050595238095238096,0.0,0.0
R00559,0.29651519656181335,2.0,0.19022756814956665,0.6415420174598694,4.693172931671143,1.7931143045425415,0.0625,5.827863693237305,3.3564679622650146,63.049983978271484,0.03515625,4.0,0.9829137325286865
R00560,0.20690014958381653,1.3333333730697632,0.17179501056671143,0.8275656700134277,5.300140857696533,1.8258038759231567,0.05654761904761905,0.8103702068328857,4.008406639099121,43.8592414855957,0.017857142857142856,1.0,0.9918281435966492
R00561,0.41580986976623535,2.0,0.23635192215442657,0.5698214769363403,2.7522902488708496,0.6879406571388245,0.03869047619047619,4.044046878814697,1.714170217514038,12.899321556091309,0.046130952380952384,1.0,0.9831119179725647
R00562,0.145577535033226,1.0,0.09722298383712769,0.6707227826118469,6.57318115234375,2.6678595542907715,0.04125,0.5010997653007507,4.941741943359375,96.96222686767578,0.01875,33.0,0.9883350729942322
R00563,0.14691489934921265,1.3333333730697632,0.19789059460163116,1.3379077911376953,22.001358032226562,8.06266975402832,0.013392857142857142,0.6146274209022522,2.9069793224334717,29.144723892211914,0.03571428571428571,28.0,0.9965751767158508
R00564,0.19672954082489014,1.6666666269302368,0.19805766642093658,0.9830936193466187,5.172109127044678,1.5279059410095215,0.051470588235294115,2.251986503601074,4.039288520812988,45.811519622802734,0.02389705882352941,7.0,0.9930555820465088
R00565,0.3393968641757965,2.0,0.20797066390514374,0.6174487471580505,3.7498106956481934,1.1527957916259766,0.049107142857142856,3.941884994506836,2.2553634643554688,29.561891555786133,0.026785714285714284,8.0,0.9871092438697815
R00566,0.4039365351200104,2.0,0.1837124228477478,0.4548039138317108,2.4869120121002197,1.1051875352859497,0.057291666666666664,11.536724090576172,1.8100143671035767,11.641676902770996,0.05078125,6.0,0.9993557333946228
R00567,0.37278977036476135,3.6666667461395264,0.5722101330757141,1.534936547279358,4.927466869354248,1.5077881813049316,0.11284722222222222,11.156352043151855,1.9114700555801392,8.437566757202148,0.06770833333333333,1.0,0.9982135891914368
R00568,0.5536631345748901,2.6666667461395264,0.30026790499687195,0.5423287153244019,3.1448872089385986,1.119596004486084,0.0546875,20.69552993774414,1.8348920345306396,9.812747955322266,0.07161458333333333,72.0,0.9986277222633362
R00569,0.5007168054580688,3.0,0.33802491426467896,0.6688012480735779,3.291797161102295,0.7121419310569763,0.03273809523809524,10.107921600341797,1.9317339658737183,25.416845321655273,0.017857142857142856,4.0,0.9805963635444641
R00570,0.1171875,1.0,0.10628794133663177,0.9342189431190491,5.570695400238037,1.528489351272583,0.06398809523809523,0.9360983967781067,2.9904139041900635,29.84609031677246,0.03869047619047619,5.0,0.9866081476211548
R00571,0.23605793714523315,1.6666666269302368,0.20311008393764496,0.8539934754371643,6.258972644805908,2.3229191303253174,0.06398809523809523,3.803607702255249,5.476110935211182,89.8752670288086,0.013392857142857142,6.0,0.9853920936584473
R00572,0.4402020275592804,2.0,0.24747857451438904,0.556937038898468,3.2086429595947266,1.092347502708435,0.0575,10.656209945678711,2.213597059249878,21.6845645904541,0.0525,0.0,0.0
R00573,0.25136077404022217,2.0,0.19955085217952728,0.7912670969963074,4.3318190574646,1.9888349771499634,0.07291666666666667,3.2116663455963135,3.04846453666687,32.106143951416016,0.03869047619047619,0.0,0.0
R00574,0.8452789783477783,4.0,0.5343113541603088,0.6301012635231018,2.3374412059783936,0.5097832679748535,0.001488095238095238,98.19049835205078,1.304219126701355,8.80528736114502,0.020833333333333332,3.0,0.9881279468536377
R00575,0.5676236748695374,3.0,0.32269880175590515,0.5659834742546082,3.6945078372955322,2.513444423675537,0.08258928571428571,25.12956428527832,2.682480812072754,15.3389310836792,0.06473214285714286,0.0,0.0
R00576,0.5062379240989685,3.6666667461395264,0.44882723689079285,0.884722113609314,4.409502983093262,1.1484241485595703,0.050595238095238096,54.340972900390625,2.497249126434326,24.455018997192383,0.047619047619047616,0.0,0.0
R00577,0.4044569134712219,2.3333332538604736,0.3585646450519562,0.871353030204773,4.200490474700928,0.8342846632003784,0.03625,9.205376625061035,3.164428234100342,34.8778076171875,0.0375,18.0,0.9966282844543457
R00578,1.3941599130630493,4.666666507720947,0.3215722143650055,0.2307904213666916,1.6662086248397827,-0.7274933457374573,0.003472222222222222,159.16928100585938,0.713931143283844,2.7076973915100098,0.005208333333333333,0.0,0.0
R00579,0.2258996069431305,2.0,0.23872898519039154,1.0511919260025024,7.431977272033691,2.3878767490386963,0.06994047619047619,2.6827659606933594,5.7377190589904785,64.54215240478516,0.017857142857142856,57.0,0.9927355051040649
R00580,0.6920466423034668,3.3333332538604736,0.3735792338848114,0.5392751097679138,2.990450382232666,0.20868699252605438,0.025297619047619048,35.371673583984375,1.400250792503357,12.58089828491211,0.03125,1.0,0.9804601669311523
R00581,0.397463321685791,2.3333332538604736,0.3370639979839325,0.8514955639839172,4.608366012573242,2.0671212673187256,0.05803571428571429,11.08950424194336,3.6905784606933594,29.22669219970703,0.043154761904761904,201.0,0.9961791038513184
R00582,0.24343767762184143,1.6666666269302368,0.15256154537200928,0.6273191571235657,3.9539642333984375,1.2825018167495728,0.050595238095238096,0.7774491310119629,2.387876510620117,30.35370445251465,0.03720238095238095,76.0,0.9932980537414551
R00583,0.08926515281200409,2.0,0.2249096781015396,2.4789626598358154,19.062524795532227,3.634613037109375,0.052083333333333336,9.554086685180664,6.986875534057617,98.84123992919922,0.01488095238095238,19.0,0.9988199472427368
R00584,0.6817362308502197,3.3333332538604736,0.562009334564209,0.8156411647796631,3.333442449569702,0.6402198672294617,0.02976190476190476,25.6696720123291,1.9530925750732422,13.800742149353027,0.050595238095238096,27.0,0.9944864511489868
R00585,0.4029313921928406,2.3333332538604736,0.28587228059768677,0.7079427242279053,4.4659576416015625,1.2260653972625732,0.036458333333333336,4.7255072593688965,3.409088611602783,52.540470123291016,0.029947916666666668,5.0,0.9790877103805542
R00586,0.18822504580020905,1.6666666269302368,0.2144254446029663,1.140158772468567,6.523699760437012,1.9419147968292236,0.05357142857142857,2.353722095489502,4.344499588012695,59.642765045166016,0.03720238095238095,2.0,0.9829763174057007
R00587,0.9594266414642334,5.0,0.5669239163398743,0.5895900130271912,2.5153181552886963,0.2532634437084198,0.019345238095238096,128.70480346679688,1.4096593856811523,10.05755615234375,0.03869047619047619,13.0,0.9990206360816956
R00588,0.4681103825569153,4.0,0.567196249961853,1.2033134698867798,4.773401260375977,1.006805658340454,0.052083333333333336,41.190547943115234,2.417332410812378,20.497724533081055,0.05505952380952381,3.0,0.9984716176986694
R00589,0.6454233527183533,3.3333332538604736,0.4389652907848358,0.6759439706802368,3.8200693130493164,0.7190732359886169,0.03422619047619048,28.415550231933594,2.034745931625366,16.091760635375977,0.050595238095238096,1.0,0.9737296104431152
R00590,0.6006801128387451,4.0,0.49840888381004333,0.8297396302223206,3.7831406593322754,2.0527312755584717,0.09895833333333333,69.34134674072266,2.726548910140991,27.36045265197754,0.06380208333333333,1.0,0.973662793636322
R00591,0.562307596206665,4.0,0.4411970376968384,0.7800196409225464,4.402064323425293,2.120941162109375,0.07291666666666667,76.28042602539062,3.176194906234741,30.060009002685547,0.03125,7.0,0.9857412576675415
R00592,0.2989484965801239,3.3333332538604736,0.4474005401134491,1.4965755939483643,8.628303527832031,3.295945405960083,0.06640625,65.67684173583984,4.422203063964844,36.62729263305664,0.032552083333333336,49.0,0.9998403787612915
R00593,0.45647314190864563,2.0,0.20378780364990234,0.44612252712249756,2.7528305053710938,1.3551937341690063,0.0625,12.496614456176758,2.4436216354370117,22.29969024658203,0.044642857142857144,0.0,0.0
R00594,0.26431331038475037,2.0,0.21412822604179382,0.807593584060669,5.843925476074219,2.2555999755859375,0.03720238095238095,5.353269100189209,4.580976486206055,49.189449310302734,0.026785714285714284,1.0,0.9737458229064941
R00595,0.524036705493927,2.0,0.13367880880832672,0.25420328974723816,2.018590211868286,1.2702648639678955,0.05505952380952381,15.992565155029297,0.9854491949081421,11.102665901184082,0.044642857142857144,4.0,0.9779253005981445
R00596,0.5883467197418213,5.0,0.730499267578125,1.2416114807128906,4.452241897583008,1.7765378952026367,0.11458333333333333,147.09121704101562,2.746379852294922,13.53641128540039,0.08854166666666667,7.0,0.9876656532287598
R00597,0.14300593733787537,2.0,0.2125229388475418,1.4861023426055908,11.137735366821289,3.3689513206481934,0.03819444444444445,5.75222635269165,4.797341823577881,54.82372283935547,0.036458333333333336,20.0,0.998023509979248
R00598,0.30860471725463867,2.0,0.210394024848938,0.6800398826599121,4.391695499420166,1.0613822937011719,0.041666666666666664,5.961662292480469,2.5968189239501953,35.93947219848633,0.03869047619047619,1.0,0.9796848893165588
R00599,0.28612378239631653,2.6666667461395264,0.4542190134525299,1.587485671043396,4.696377277374268,1.4516063928604126,0.13020833333333334,5.556107521057129,2.0436289310455322,10.698187828063965,0.06770833333333333,0.0,0.0
R00600,1.5714960098266602,6.0,0.38235312700271606,0.243142232298851,1.6050933599472046,-0.10057216882705688,0.014945652173913044,261.0395812988281,0.7630170583724976,7.314243793487549,0.035326086956521736,3.0,0.9807841777801514
R00601,0.5780592560768127,4.0,0.7109189629554749,1.2257444858551025,4.20322322845459,0.8907000422477722,0.03720238095238095,29.242630004882812,2.3512909412384033,17.13086700439453,0.05654761904761905,0.0,0.0
R00602,0.7994168400764465,3.6666667461395264,0.4682571589946747,0.5879320502281189,2.63499116897583,0.2896546423435211,0.013392857142857142,47.336971282958984,1.4414818286895752,12.393342971801758,0.05357142857142857,1.0,0.9708208441734314
R00603,0.5724881291389465,3.0,0.39523687958717346,0.6853947639465332,3.2007012367248535,0.25042784214019775,0.023809523809523808,11.53687858581543,1.8947011232376099,17.57086753845215,0.03273809523809524,0.0,0.0
R00604,0.528188169002533,3.0,0.37514281272888184,0.7125777006149292,3.5040283203125,1.5274983644485474,0.07589285714285714,24.544950485229492,2.4517905712127686,16.20179557800293,0.0625,13.0,0.9936039447784424
R00605,0.06529366970062256,1.0,0.14093132317066193,2.1267426013946533,10.433755874633789,2.524113655090332,0.08035714285714286,0.4361138939857483,4.550368785858154,60.507598876953125,0.023809523809523808,2.0,0.9770968556404114
R00606,0.33935147523880005,3.0,0.5011837482452393,1.4768822193145752,4.764549732208252,1.5122170448303223,0.11979166666666667,8.983182907104492,1.7433476448059082,8.30988883972168,0.050347222222222224,7.0,0.9896779656410217
R00607,0.4276743531227112,2.0,0.257089763879776,0.617231011390686,3.537954568862915,0.7938156127929688,0.04261363636363636,7.160995960235596,2.337543487548828,16.392210006713867,0.05539772727272727,1.0,0.9707779288291931
R00608,0.45490166544914246,2.3333332538604736,0.2608620524406433,0.5734456777572632,3.4240658283233643,1.3466744422912598,0.06640625,16.283050537109375,2.7971980571746826,26.88570213317871,0.040364583333333336,0.0,0.0
R00609,0.5512385964393616,3.0,0.2623525559902191,0.47593197226524353,2.643190383911133,0.8636250495910645,0.05078125,4.799736976623535,1.8269890546798706,40.764949798583984,0.006510416666666667,6.0,0.987817108631134
R00610,0.2341862916946411,1.3333333730697632,0.12444757670164108,0.5335789322853088,3.3105921745300293,1.1352874040603638,0.047619047619047616,2.277388572692871,3.082921028137207,40.758506774902344,0.044642857142857144,10.0,0.9788481593132019
R00611,0.24028517305850983,2.0,0.19590769708156586,0.8144438862800598,6.123602867126465,1.9931466579437256,0.05555555555555555,4.244309425354004,2.93161940574646,24.995134353637695,0.03819444444444445,286.0,0.9985657334327698
R00612,0.4258986711502075,2.0,0.22871902585029602,0.5370255708694458,3.8490822315216064,0.9026839733123779,0.037760416666666664,10.576950073242188,3.4651546478271484,53.482666015625,0.015625,9.0,0.9911105036735535
R00613,0.26180705428123474,2.0,0.223795086145401,0.8509522080421448,6.479628086090088,2.3199374675750732,0.04017857142857143,5.301713466644287,5.076270580291748,55.32809066772461,0.022321428571428572,0.0,0.0
R00614,0.4607292115688324,3.6666667461395264,0.43640491366386414,0.9466874003410339,5.053195476531982,2.2215964794158936,0.07904411764705882,40.129398345947266,3.124253511428833,24.979555130004883,0.05698529411764706,185.0,0.9984657168388367
R00615,0.47313934564590454,2.6666667461395264,0.39271071553230286,0.8198899626731873,3.85068678855896,0.7572757601737976,0.04017857142857143,19.612316131591797,2.2773096561431885,15.877195358276367,0.041666666666666664,3.0,0.9857532382011414
R00616,0.47606751322746277,2.6666667461395264,0.30611106753349304,0.6367573142051697,4.477200508117676,2.070274829864502,0.05965909090909091,7.075633525848389,3.6632742881774902,79.1967544555664,0.007102272727272727,12.0,0.9894725680351257
R00617,0.2843931019306183,1.3333333730697632,0.12468165159225464,0.4382753372192383,3.107800006866455,1.3137277364730835,0.046130952380952384,0.8899621367454529,4.817327499389648,100.11392211914062,0.00744047619047619,5.0,0.9775417447090149
R00618,1.0277469158172607,4.333333492279053,0.486748069524765,0.4763185977935791,2.3601067066192627,1.0042897462844849,0.06101190476190476,74.31170654296875,1.7550859451293945,11.251935005187988,0.06696428571428571,0.0,0.0
R00619,0.21115800738334656,2.6666667461395264,0.3350139558315277,1.5803064107894897,8.846165657043457,2.715487480163574,0.0744047619047619,21.515151977539062,4.317306995391846,41.276771545410156,0.03720238095238095,0.0,0.0
R00620,0.1244959756731987,1.6666666269302368,0.19337031245231628,1.6067429780960083,8.852815628051758,2.4402670860290527,0.07142857142857142,1.4278761148452759,3.9352056980133057,65.16251373291016,0.04017857142857143,8.0,0.9999571442604065
R00621,0.33581021428108215,2.3333332538604736,0.3068408668041229,0.917526364326477,4.535969257354736,1.667618751525879,0.07142857142857142,6.779184818267822,2.907952070236206,23.27524757385254,0.05357142857142857,1.0,0.9812768697738647
R00622,0.2146703004837036,2.3333332538604736,0.3348696529865265,1.5599185228347778,8.312734603881836,1.7056663036346436,0.0625,10.760491371154785,4.133324146270752,62.871604919433594,0.024305555555555556,4.0,0.9886502623558044
R00623,0.6974508762359619,3.3333332538604736,0.5021384954452515,0.713457465171814,3.7519004344940186,0.6986873149871826,0.01636904761904762,11.532533645629883,1.9169764518737793,11.159017562866211,0.05803571428571429,3.0,0.9977017045021057
R00624,0.441215842962265,2.0,0.18422316014766693,0.4167097806930542,2.4107210636138916,0.1904762238264084,0.03273809523809524,4.889172077178955,2.1613752841949463,39.249122619628906,0.01488095238095238,1.0,0.985077440738678
R00625,1.0974012613296509,5.0,0.5074186325073242,0.46052417159080505,1.926544189453125,-0.1178489699959755,0.001488095238095238,127.27706146240234,1.0036152601242065,4.262517929077148,0.050595238095238096,0.0,0.0
R00626,0.2711731791496277,2.0,0.20667532086372375,0.7603060603141785,4.677468299865723,2.2128989696502686,0.05952380952380952,7.713271141052246,2.9263854026794434,24.580059051513672,0.028273809523809524,36.0,0.9967674612998962
R00627,0.2576603889465332,2.0,0.23752892017364502,0.9136710166931152,6.792848110198975,2.066345453262329,0.047619047619047616,6.390842914581299,4.548543453216553,60.97580337524414,0.020833333333333332,14.0,0.9998359084129333
R00628,0.3318265378475189,2.0,0.19523555040359497,0.5854912996292114,4.767777442932129,1.714384913444519,0.044642857142857144,4.3563456535339355,3.1608734130859375,49.779537200927734,0.03571428571428571,11.0,0.9865273833274841
R00629,0.5107707977294922,2.6666667461395264,0.3301031291484833,0.6495200991630554,4.091538429260254,1.076032280921936,0.043154761904761904,20.3721866607666,2.1010806560516357,25.26133918762207,0.03273809523809524,6.0,0.9906443953514099
R00630,0.23247961699962616,2.0,0.24884507060050964,1.0681720972061157,6.034956932067871,2.062661647796631,0.06398809523809523,3.3682701587677,3.054419755935669,26.275373458862305,0.03720238095238095,10.0,0.9936075806617737
R00631,0.27249956130981445,2.0,0.221963033080101,0.8083022832870483,4.141854763031006,0.9587005972862244,0.047619047619047616,3.821383476257324,2.658853054046631,45.00104522705078,0.03422619047619048,0.0,0.0
R00632,0.12188944220542908,1.0,0.17705325782299042,1.452560305595398,11.301983833312988,4.178517818450928,0.041666666666666664,6.709719657897949,5.9803996086120605,74.10588836669922,0.024305555555555556,120.0,0.9976087212562561
R00633,0.6347007751464844,3.0,0.40794679522514343,0.6393218040466309,2.7828481197357178,0.971076250076294,0.03422619047619048,26.62728500366211,1.937479019165039,15.572021484375,0.047619047619047616,0.0,0.0
R00634,0.2857615351676941,2.0,0.21296744048595428,0.7453619241714478,4.929690361022949,1.8380579948425293,0.06696428571428571,4.99208927154541,2.874124050140381,38.35283660888672,0.043154761904761904,16.0,0.9903764724731445
R00635,0.5682113170623779,3.0,0.3341096043586731,0.5869616270065308,3.0000455379486084,0.8579671382904053,0.052083333333333336,10.849837303161621,1.8307386636734009,17.089696884155273,0.046130952380952384,4.0,0.9823979735374451
R00636,0.8639927506446838,3.0,0.2533282935619354,0.29388895630836487,2.137444019317627,0.2941463887691498,0.02976190476190476,26.669376373291016,1.6922284364700317,25.534442901611328,0.023809523809523808,1.0,0.9782942533493042
R00637,0.34787818789482117,2.0,0.23995089530944824,0.6902515292167664,3.96942138671875,1.2356997728347778,0.041666666666666664,5.539806842803955,2.3936965465545654,25.121061325073242,0.03869047619047619,0.0,0.0
R00638,0.5359996557235718,5.0,0.6980922818183899,1.3031607866287231,4.618251323699951,1.76034414768219,0.11755952380952381,172.45974731445312,2.422855854034424,12.453072547912598,0.08035714285714286,3.0,0.9956149458885193
R00639,0.4204845130443573,3.0,0.44360700249671936,1.0546350479125977,3.8307852745056152,0.8392698764801025,0.0390625,22.27960968017578,1.7632428407669067,10.832303047180176,0.05859375,20.0,0.9996418952941895
R00640,0.4569113850593567,3.0,0.37015244364738464,0.8273199200630188,3.5257790088653564,0.9557584524154663,0.05952380952380952,21.828262329101562,2.1568899154663086,18.901336669921875,0.06696428571428571,2.0,0.9783985018730164
R00641,0.34986412525177,2.0,0.19618681073188782,0.5607636570930481,3.878077983856201,1.7484413385391235,0.0625,5.858696460723877,2.4511258602142334,22.2579288482666,0.043154761904761904,1.0,0.9743283987045288
R00642,0.6308212876319885,2.6666667461395264,0.24627140164375305,0.3904478847980499,2.8792824745178223,1.4008570909500122,0.052083333333333336,10.212146759033203,2.4290828704833984,29.67674446105957,0.03720238095238095,0.0,0.0
R00643,0.5061525702476501,3.6666667461395264,0.6237866282463074,1.2324055433273315,3.749427080154419,1.2091763019561768,0.06640625,57.97794723510742,1.8452379703521729,6.918694496154785,0.08723958333333333,50.0,0.9970102310180664
R00644,0.15646642446517944,1.3333333730697632,0.1465482860803604,0.9366055727005005,8.217730522155762,2.36013126373291,0.059027777777777776,0.9786898493766785,8.074520111083984,165.91513061523438,0.006944444444444444,11.0,0.9850578308105469
R00645,0.08505529165267944,1.0,0.11016112565994263,1.2951834201812744,9.273317337036133,2.797379493713379,0.05505952380952381,1.896369218826294,9.102522850036621,162.3184814453125,0.010416666666666666,6.0,0.9984832406044006
R00646,0.46781259775161743,2.0,0.20174244046211243,0.43115419149398804,2.7952721118927,1.4115052223205566,0.05952380952380952,10.026911735534668,1.4135959148406982,8.822958946228027,0.06101190476190476,3.0,0.9807784557342529
R00647,0.6674599051475525,4.0,0.4919813871383667,0.7374148368835449,2.932842254638672,0.8197759389877319,0.052083333333333336,110.62706756591797,1.950836181640625,7.337756156921387,0.12053571428571429,4.0,0.9974409341812134
R00648,0.2524590492248535,2.6666667461395264,0.4864485263824463,1.9055193662643433,8.581640243530273,2.0986225605010986,0.07886904761904762,12.786454200744629,2.9271700382232666,20.824647903442383,0.044642857142857144,0.0,0.0
R00649,0.17627118527889252,1.3333333730697632,0.14703106880187988,0.8291385173797607,4.827836036682129,1.6942886114120483,0.046130952380952384,0.5099599957466125,3.782249689102173,45.910560607910156,0.017857142857142856,1.0,0.9790953397750854
R00650,0.22964352369308472,2.0,0.2578984797000885,1.1230335235595703,6.89329719543457,2.808832883834839,0.0703125,12.76509952545166,4.531271457672119,48.63943099975586,0.032552083333333336,1531.0,0.9969624280929565
R00651,0.05323744937777519,1.3333333730697632,0.15461291372776031,2.861577033996582,25.797943115234375,3.4677927494049072,0.07291666666666667,1.0726828575134277,7.076424598693848,109.05514526367188,0.010416666666666666,0.0,0.0
R00652,0.19007457792758942,1.6666666269302368,0.24548588693141937,1.2768187522888184,7.160101413726807,1.691053032875061,0.05654761904761905,3.259326696395874,5.2072529792785645,88.33719635009766,0.01636904761904762,6.0,0.9865158796310425
R00653,0.14463409781455994,1.6666666269302368,0.1685442328453064,1.1653066873550415,10.026580810546875,3.748722791671753,0.036458333333333336,6.340403079986572,5.113998889923096,64.79023742675781,0.026041666666666668,59.0,0.9977341294288635
R00654,0.21251317858695984,1.3333333730697632,0.15649239718914032,0.7355855107307434,4.810622215270996,1.5764520168304443,0.044642857142857144,2.242448329925537,4.212016582489014,53.72481918334961,0.03273809523809524,56.0,0.9931445717811584
R00655,0.1918296217918396,1.3333333730697632,0.18309800326824188,0.946774423122406,4.8594651222229,1.0175312757492065,0.05803571428571429,0.7966439127922058,2.2840163707733154,21.16257095336914,0.03869047619047619,4.0,0.9874891042709351
R00656,0.24015770852565765,2.3333332538604736,0.35392507910728455,1.4802721738815308,7.884289741516113,2.4981205463409424,0.06398809523809523,13.856247901916504,4.05268669128418,32.63851547241211,0.03571428571428571,20.0,0.9979844689369202
R00657,0.34495311975479126,2.0,0.31334513425827026,0.9049290418624878,4.425013065338135,1.5852707624435425,0.08125,8.6056489944458,3.676865816116333,29.631685256958008,0.045,1.0,0.9811611771583557
R00658,0.2732449769973755,1.6666666269302368,0.16566617786884308,0.6048714518547058,3.147212028503418,0.625485897064209,0.03720238095238095,2.3583028316497803,2.097862482070923,25.2777099609375,0.03422619047619048,3.0,0.973379373550415
R00659,0.701679527759552,4.0,0.49657532572746277,0.7126410603523254,2.7725870609283447,0.6729907393455505,0.011904761904761904,52.55253601074219,1.5437716245651245,8.32197380065918,0.050595238095238096,19.0,0.9953434467315674
R00660,0.3051891326904297,2.0,0.254462867975235,0.8246314525604248,5.102586269378662,1.6902674436569214,0.06375,11.84667682647705,2.4906084537506104,16.33829689025879,0.06375,2.0,0.9927099347114563
R00661,0.4162791669368744,2.0,0.1460319608449936,0.3519503176212311,2.6007330417633057,1.623816728591919,0.05125,4.604599475860596,1.4108308553695679,13.117767333984375,0.06,2.0,0.9720848798751831
R00662,0.3761889636516571,2.0,0.2433454990386963,0.6423997282981873,3.3737363815307617,1.1940248012542725,0.049107142857142856,2.597522497177124,2.252955198287964,17.304805755615234,0.050595238095238096,2.0,0.9724904894828796
R00663,0.49504566192626953,2.3333332538604736,0.30017125606536865,0.5973724126815796,3.2319774627685547,1.1876202821731567,0.046875,2.896469831466675,2.1051955223083496,19.91680908203125,0.04861111111111111,0.0,0.0
R00664,0.31140652298927307,1.6666666269302368,0.1865711361169815,0.5962557792663574,3.395604372024536,1.926024317741394,0.05952380952380952,1.9976952075958252,2.6058788299560547,20.128501892089844,0.043154761904761904,2.0,0.9825478196144104
R00665,0.39237526059150696,2.0,0.22230874001979828,0.5665702223777771,4.805123329162598,1.8127639293670654,0.0517578125,2.8110947608947754,3.845353364944458,64.1378402709961,0.0244140625,1.0,0.9853215217590332
R00666,0.43798571825027466,4.0,0.48505938053131104,1.0964621305465698,5.739474296569824,2.395200252532959,0.0925,73.36328125,3.047215461730957,18.537996292114258,0.065,1.0,0.9726773500442505
R00667,0.21482425928115845,3.0,0.31411367654800415,1.4621822834014893,10.159965515136719,3.179859161376953,0.057291666666666664,37.73134994506836,3.6744344234466553,30.730756759643555,0.048177083333333336,2.0,0.9916923642158508
R00668,0.4749367833137512,2.0,0.18820856511592865,0.39640697836875916,3.200453519821167,1.3252413272857666,0.041666666666666664,8.356199264526367,3.419358968734741,40.867916107177734,0.026785714285714284,0.0,0.0
R00669,0.30121514201164246,2.0,0.20749901235103607,0.6866949796676636,4.719542503356934,1.7739135026931763,0.06994047619047619,4.94389009475708,3.0884971618652344,44.2878532409668,0.041666666666666664,40.0,0.9961815476417542
R00670,0.6440300345420837,2.6666667461395264,0.30367374420166016,0.4750402569770813,2.6718556880950928,0.41622310876846313,0.028273809523809524,10.448394775390625,1.761518120765686,17.58005714416504,0.049107142857142856,1.0,0.9723070859909058
R00671,0.6271459460258484,3.0,0.3924276828765869,0.6281042695045471,3.2219619750976562,0.8118354082107544,0.044642857142857144,14.353105545043945,1.969140648841858,13.517607688903809,0.05952380952380952,0.0,0.0
R00672,0.5397610664367676,4.0,0.497567743062973,0.9218279123306274,4.6111650466918945,1.957943320274353,0.07682291666666667,22.981904983520508,3.755979299545288,52.70781707763672,0.029947916666666668,41.0,0.998473048210144
R00673,0.5042957067489624,3.0,0.4444541335105896,0.8795839548110962,4.903101444244385,1.7475417852401733,0.06696428571428571,35.7606086730957,3.2547073364257812,28.707643508911133,0.049107142857142856,49.0,0.988990843296051
R00674,0.2834508717060089,1.6666666269302368,0.21574264764785767,0.7580345273017883,3.6211178302764893,0.36476433277130127,0.025297619047619048,0.7436473965644836,1.6639738082885742,20.347434997558594,0.028273809523809524,25.0,0.9963855147361755
R00675,0.4247746765613556,2.3333332538604736,0.2796728014945984,0.6584010124206543,4.188024520874023,1.0986700057983398,0.036458333333333336,20.86675453186035,3.6164417266845703,43.38218307495117,0.017361111111111112,1.0,0.9833276271820068
R00676,0.37087592482566833,3.0,0.4068024158477783,1.096866488456726,5.491805553436279,1.483431100845337,0.059895833333333336,21.7687931060791,3.0303421020507812,38.54480743408203,0.040364583333333336,24.0,0.9983299374580383
R00677,0.5110697746276855,3.6666667461395264,0.5546694993972778,1.0841845273971558,3.7737720012664795,0.7513085007667542,0.03125,51.85679244995117,1.7468451261520386,11.656538963317871,0.057291666666666664,1.0,0.9746777415275574
R00678,0.5224798917770386,3.3333332538604736,0.474507600069046,0.9081816077232361,3.651573657989502,1.0650402307510376,0.06793478260869565,51.387908935546875,2.23234224319458,13.5125093460083,0.05434782608695652,0.0,0.0
R00679,0.2175675481557846,1.3333333730697632,0.17394043505191803,0.792976975440979,5.734241008758545,2.309743881225586,0.041666666666666664,1.9090547561645508,4.958934783935547,55.11418151855469,0.022321428571428572,0.0,0.0
R00680,0.15480944514274597,2.0,0.3240063190460205,2.063392400741577,9.251965522766113,2.525996208190918,0.07738095238095238,6.991589546203613,2.726102828979492,18.0123233795166,0.07291666666666667,8.0,0.9960862398147583
R00681,0.3143666982650757,2.0,0.20270757377147675,0.6448105573654175,4.590274333953857,2.0040946006774902,0.06770833333333333,5.407114028930664,3.7765932083129883,66.69367980957031,0.037760416666666664,8.0,0.9936777949333191
R00682,0.8567652106285095,5.0,0.6484346389770508,0.7568395733833313,3.0456089973449707,1.027913212776184,0.055989583333333336,101.447998046875,2.166503429412842,15.924844741821289,0.06640625,0.0,0.0
R00683,0.4640606641769409,2.0,0.20860989391803741,0.44769227504730225,3.256136655807495,1.4631471633911133,0.046130952380952384,6.02506160736084,2.3299198150634766,26.173933029174805,0.03571428571428571,1.0,0.987115204334259
R00684,0.3137901723384857,2.3333332538604736,0.27383312582969666,0.8707131743431091,5.952662944793701,2.247648000717163,0.05357142857142857,13.110867500305176,2.9609785079956055,23.632308959960938,0.052083333333333336,0.0,0.0
R00685,0.7962360382080078,4.0,0.657636821269989,0.8187517523765564,3.443582534790039,0.5821734666824341,0.026785714285714284,23.400197982788086,2.0542473793029785,14.194231986999512,0.049107142857142856,14.0,0.9884658455848694
R00686,0.6273258924484253,3.0,0.3964204788208008,0.6246839165687561,3.0213310718536377,0.7029269933700562,0.043154761904761904,4.062302589416504,4.140237331390381,47.77141189575195,0.03273809523809524,1.0,0.9737331867218018
R00687,0.5267431735992432,3.0,0.34657028317451477,0.6529415249824524,4.229820728302002,1.8646724224090576,0.052083333333333336,17.572858810424805,1.8325366973876953,12.50230884552002,0.05505952380952381,0.0,0.0
R00688,0.09955915063619614,1.3333333730697632,0.19046761095523834,1.913090705871582,12.663119316101074,3.4508912563323975,0.048828125,0.9560495615005493,6.600711822509766,96.77794647216797,0.017578125,0.0,0.0
R00689,0.6795141100883484,3.3333332538604736,0.36489036679267883,0.5393691062927246,3.686758041381836,1.3308464288711548,0.049107142857142856,36.465484619140625,1.6881486177444458,11.899711608886719,0.049107142857142856,0.0,0.0
R00690,0.3867073655128479,2.3333332538604736,0.2703922688961029,0.6992701888084412,4.09891939163208,1.6009650230407715,0.06901041666666667,12.328158378601074,2.1466140747070312,17.355464935302734,0.052083333333333336,17.0,0.9846544861793518
R00691,0.1503143459558487,1.6666666269302368,0.20705339312553406,1.3702296018600464,10.223921775817871,2.4249305725097656,0.05654761904761905,2.8913326263427734,3.7670881748199463,30.99299430847168,0.03869047619047619,14.0,0.9914535880088806
R00692,0.4275185763835907,2.0,0.24743472039699554,0.5782246589660645,3.464999198913574,1.1272262334823608,0.049107142857142856,9.52075481414795,1.9094654321670532,14.768301963806152,0.05654761904761905,6.0,0.9848911166191101
R00693,0.7554059028625488,3.0,0.25369390845298767,0.33699047565460205,2.343179225921631,0.3953777849674225,0.03571428571428571,26.9728946685791,1.9327430725097656,28.84178924560547,0.023809523809523808,0.0,0.0
R00694,0.7398806214332581,4.0,0.5125372409820557,0.6908501386642456,3.327195167541504,1.6129498481750488,0.07142857142857142,84.3638916015625,2.273824453353882,13.519735336303711,0.05654761904761905,0.0,0.0
R00695,0.4667973816394806,2.0,0.2785899341106415,0.593538224697113,3.413529634475708,1.1040328741073608,0.050347222222222224,3.139600992202759,2.160090446472168,26.252561569213867,0.050347222222222224,1.0,0.97066330909729
R00696,0.25111332535743713,2.0,0.27171778678894043,1.0711308717727661,5.216314792633057,1.9890810251235962,0.0744047619047619,8.444761276245117,3.0901641845703125,17.217288970947266,0.07589285714285714,10.0,0.9936221837997437
R00697,0.13835924863815308,1.0,0.14541511237621307,1.087591290473938,8.813400268554688,2.7565810680389404,0.052083333333333336,1.692039132118225,5.525028705596924,115.27386474609375,0.020833333333333332,2.0,0.9853311777114868
R00698,0.08279731869697571,1.3333333730697632,0.18102729320526123,2.163135290145874,15.107673645019531,2.934187173843384,0.0744047619047619,3.382089614868164,4.039849281311035,39.768104553222656,0.03125,0.0,0.0
R00699,0.2155495434999466,1.6666666269302368,0.1791725903749466,0.8376306891441345,8.528210639953613,3.464134454727173,0.041666666666666664,2.3662497997283936,5.641286373138428,91.443603515625,0.020833333333333332,0.0,0.0
R00700,0.3005412220954895,2.0,0.34851157665252686,1.1596091985702515,5.205434799194336,1.0424776077270508,0.04296875,6.629520416259766,2.4219179153442383,26.900346755981445,0.0419921875,3.0,0.9981582164764404
R00701,0.1522236317396164,2.0,0.24173419177532196,1.5931607484817505,12.288625717163086,2.2765774726867676,0.0625,6.509915828704834,3.2700746059417725,27.853464126586914,0.043154761904761904,6.0,0.9984576106071472
R00702,0.3309747874736786,1.0,0.07918442785739899,0.2392105609178543,2.0149362087249756,-0.5292327404022217,0.00375,4.747968673706055,0.5955849289894104,6.997072219848633,0.0125,2.0,0.9883539080619812
R00703,0.4380530118942261,3.0,0.3962622582912445,0.9045965075492859,4.391016006469727,1.7897881269454956,0.07421875,18.337862014770508,2.925457239151001,20.356632232666016,0.0625,0.0,0.0
R00704,1.1282235383987427,4.0,0.15679891407489777,0.13896749913692474,1.4162569046020508,-0.1338728368282318,0.01,87.34642791748047,0.36269107460975647,3.0875275135040283,0.03,0.0,0.0
R00705,0.5413439869880676,3.6666667461395264,0.45145776867866516,0.8270090222358704,4.750800132751465,1.809455394744873,0.06547619047619048,52.7705192565918,2.460482597351074,16.12921905517578,0.05803571428571429,36.0,0.9983170032501221
R00706,0.4717605710029602,2.3333332538604736,0.29572418332099915,0.6270887851715088,3.3602497577667236,1.4292762279510498,0.06392045454545454,13.048046112060547,2.3592441082000732,16.079795837402344,0.05113636363636364,0.0,0.0
R00707,0.4750002324581146,3.3333332538604736,0.3958840072154999,0.8334379196166992,4.421589374542236,2.0008363723754883,0.06901041666666667,16.53630256652832,3.6429805755615234,46.434791564941406,0.026041666666666668,22.0,0.9862229824066162
R00708,0.3498077690601349,2.0,0.23859407007694244,0.6797943115234375,3.943572998046875,2.7155284881591797,0.06398809523809523,6.8968353271484375,2.3868658542633057,11.490466117858887,0.06398809523809523,2.0,0.9748624563217163
R00709,0.2943729758262634,1.6666666269302368,0.23464755713939667,0.7938046455383301,3.9225659370422363,0.46126753091812134,0.028273809523809524,1.0455288887023926,1.9414786100387573,23.36404037475586,0.03273809523809524,24.0,0.9962632060050964
R00710,0.34550905227661133,2.0,0.31643277406692505,0.9158424735069275,4.370614051818848,1.1142078638076782,0.06380208333333333,9.784507751464844,2.9257192611694336,37.00483322143555,0.037760416666666664,24.0,0.9981460571289062
R00711,0.44194942712783813,2.0,0.17733217775821686,0.3997441232204437,2.6255099773406982,0.6287264823913574,0.03869047619047619,5.259702205657959,1.598616123199463,19.45917510986328,0.03720238095238095,10.0,0.9965381026268005
R00712,0.3247060477733612,2.0,0.22656068205833435,0.6965934038162231,3.7262041568756104,0.8579801321029663,0.052083333333333336,4.399712085723877,2.030766725540161,26.091758728027344,0.03869047619047619,3.0,0.9792126417160034
R00713,1.5880681276321411,6.0,0.46111470460891724,0.2900954484939575,1.6749849319458008,-0.07203486561775208,0.006793478260869565,311.62060546875,0.8418630957603455,5.829774856567383,0.042119565217391304,0.0,0.0
R00714,0.21550767123699188,1.3333333730697632,0.1243586391210556,0.5767897963523865,3.3970577716827393,0.9844859838485718,0.041666666666666664,1.869063377380371,4.633351802825928,61.4498405456543,0.026785714285714284,22.0,0.9901975393295288
R00715,0.4922104775905609,2.6666667461395264,0.2933318614959717,0.5950020551681519,2.946896553039551,1.2464205026626587,0.059782608695652176,20.9722843170166,1.8756988048553467,10.27687931060791,0.06657608695652174,0.0,0.0
R00716,0.5096524357795715,3.0,0.38473188877105713,0.7545172572135925,3.680988311767578,1.050939917564392,0.049107142857142856,18.522388458251953,2.4535465240478516,18.412450790405273,0.05357142857142857,1.0,0.9808691740036011
R00717,0.5599468350410461,3.0,0.33235883712768555,0.5929778218269348,3.180919885635376,1.5477458238601685,0.0625,14.188923835754395,2.1467931270599365,14.693861961364746,0.06845238095238096,0.0,0.0
R00718,0.6879485845565796,3.6666667461395264,0.47847363352775574,0.6923080086708069,3.308298110961914,1.121237874031067,0.06547619047619048,43.49234390258789,1.9021711349487305,16.00956916809082,0.0625,0.0,0.0
R00719,0.44123655557632446,2.3333332538604736,0.29275768995285034,0.672377347946167,3.3815057277679443,0.6979163289070129,0.041193181818181816,7.037349224090576,2.5213141441345215,17.042877197265625,0.056818181818181816,15.0,0.9965704083442688
R00720,0.576202392578125,2.6666667461395264,0.36949390172958374,0.6424788236618042,2.586702823638916,0.10779859125614166,0.022321428571428572,9.990456581115723,2.335308313369751,18.07685661315918,0.049107142857142856,0.0,0.0
R00721,0.47878313064575195,2.3333332538604736,0.36442437767982483,0.7534413933753967,3.3751399517059326,0.520749568939209,0.0325,16.70262908935547,2.234530210494995,23.013050079345703,0.04625,3.0,0.9876056909561157
R00722,0.6151046752929688,4.0,0.5283197164535522,0.8589088320732117,3.9738471508026123,1.9299286603927612,0.11328125,95.6294937133789,2.596287727355957,22.490556716918945,0.053385416666666664,5.0,0.9923484921455383
R00723,0.6418659687042236,3.0,0.41669580340385437,0.6427198648452759,3.0401535034179688,0.7324608564376831,0.043154761904761904,4.291654109954834,4.0329060554504395,36.32318878173828,0.04017857142857143,2.0,0.9826824069023132
R00724,0.5187894701957703,2.3333332538604736,0.24729900062084198,0.47668370604515076,2.916438579559326,0.9652630686759949,0.045572916666666664,5.42108678817749,2.5592126846313477,29.17882537841797,0.033854166666666664,12.0,0.9928516149520874
R00725,0.32446837425231934,1.6666666269302368,0.22450324892997742,0.6894769072532654,4.03184700012207,1.2469191551208496,0.05654761904761905,3.7833049297332764,2.5755231380462646,30.373384475708008,0.043154761904761904,1.0,0.972998857498169
R00726,0.4847925007343292,3.0,0.3808065354824066,0.7866964936256409,3.777339458465576,1.2913603782653809,0.06398809523809523,29.437002182006836,2.199899911880493,17.21844482421875,0.05505952380952381,0.0,0.0
R00727,0.34631508588790894,2.6666667461395264,0.3130108714103699,0.9024116396903992,5.590512275695801,1.9515961408615112,0.08333333333333333,13.144964218139648,3.1103785037994385,41.32461929321289,0.050595238095238096,17.0,0.9883232712745667
R00728,0.11666514724493027,1.0,0.13368232548236847,1.1439332962036133,7.133703231811523,2.0365049839019775,0.0744047619047619,1.8709317445755005,2.8488354682922363,27.219451904296875,0.041666666666666664,11.0,0.998644232749939
R00729,0.25598108768463135,1.3333333730697632,0.13196392357349396,0.51633620262146,2.943446159362793,1.1455973386764526,0.05654761904761905,1.9480490684509277,3.0159707069396973,42.27653121948242,0.02976190476190476,38.0,0.9986556768417358
R00730,0.3223114311695099,1.6666666269302368,0.14015339314937592,0.4319576025009155,3.5284883975982666,2.3895623683929443,0.044642857142857144,1.4586890935897827,4.614227294921875,87.79661560058594,0.01636904761904762,8.0,0.9889183044433594
R00731,0.4236156642436981,2.6666667461395264,0.3051651120185852,0.7239436507225037,4.607917785644531,2.116133689880371,0.05357142857142857,14.98229694366455,3.3807592391967773,28.6771297454834,0.03422619047619048,2.0,0.9813606142997742
R00732,0.5000696778297424,2.0,0.25321197509765625,0.505735456943512,3.1155500411987305,1.1711872816085815,0.05952380952380952,7.631625175476074,3.761831283569336,34.06891632080078,0.02976190476190476,6.0,0.9814416766166687
R00733,0.23243485391139984,1.6666666269302368,0.1900610774755478,0.8315467834472656,4.521849155426025,1.1169860363006592,0.04411764705882353,2.359891891479492,3.030622959136963,32.06559371948242,0.04044117647058824,32.0,0.9981895685195923
R00734,0.4787021279335022,2.0,0.24331842362880707,0.5051191449165344,3.6390106678009033,1.3709583282470703,0.02976190476190476,8.29736328125,4.653479099273682,63.01908874511719,0.019345238095238096,6.0,0.9820432066917419
R00735,0.4083259403705597,2.0,0.24544595181941986,0.6168615221977234,3.305974006652832,0.8320761919021606,0.045454545454545456,6.274407863616943,2.264559507369995,15.27112865447998,0.05113636363636364,1.0,0.9828256964683533
R00736,0.2024572640657425,1.6666666269302368,0.23044008016586304,1.1359692811965942,6.169979572296143,1.7994439601898193,0.05952380952380952,2.7467551231384277,2.7782986164093018,22.774017333984375,0.047619047619047616,7.0,0.997096061706543
R00737,0.5375450253486633,2.6666667461395264,0.36059197783470154,0.6667134165763855,3.3909294605255127,1.0021198987960815,0.05505952380952381,16.4329776763916,2.8202083110809326,21.486114501953125,0.03720238095238095,5.0,0.9836325645446777
R00738,0.7848526835441589,4.666666507720947,0.6189919114112854,0.7831068634986877,2.9177942276000977,0.5848915576934814,0.03422619047619048,121.33147430419922,1.563582181930542,7.792481899261475,0.06696428571428571,1.0,0.9732719659805298
R00739,0.6833397150039673,4.0,0.4113105237483978,0.6003955602645874,2.9588661193847656,1.462451696395874,0.0744047619047619,59.72196578979492,2.1272058486938477,12.024219512939453,0.06398809523809523,0.0,0.0
R00740,0.4986109435558319,4.0,0.5631241798400879,1.1236616373062134,6.586400508880615,2.755659341812134,0.0744047619047619,38.077972412109375,3.7124667167663574,35.887168884277344,0.03571428571428571,10.0,0.9905204176902771
R00741,0.24169586598873138,1.6666666269302368,0.19521591067314148,0.8076891899108887,4.888937473297119,1.0628606081008911,0.0390625,2.186493158340454,3.7798635959625244,57.6216926574707,0.02734375,0.0,0.0
R00742,0.4782114028930664,3.3333332538604736,0.5151433348655701,1.0761569738388062,3.441617965698242,0.5895584225654602,0.015625,38.75474166870117,1.6613012552261353,10.63746452331543,0.05078125,3.0,0.990506649017334
R00743,0.31061258912086487,2.0,0.28859761357307434,0.9415218234062195,5.1686577796936035,1.7165992259979248,0.05952380952380952,6.809277534484863,2.9288690090179443,26.214862823486328,0.03571428571428571,8.0,0.9955530762672424
R00744,0.3346138596534729,2.0,0.28897416591644287,0.8636024594306946,3.952578067779541,0.34734606742858887,0.0205078125,8.630908966064453,1.8098539113998413,16.029796600341797,0.044921875,1.0,0.9961197376251221
R00745,0.2143893539905548,2.3333332538604736,0.29720523953437805,1.3862806558609009,6.8401923179626465,1.658145785331726,0.052083333333333336,7.884685039520264,3.571141481399536,44.15673065185547,0.029513888888888888,12.0,0.9966065883636475
R00746,0.7281975746154785,4.0,0.4487598240375519,0.6127216815948486,2.788512706756592,0.8965241312980652,0.05505952380952381,67.19495391845703,1.5953612327575684,8.268754005432129,0.06101190476190476,0.0,0.0
R00747,0.46018001437187195,4.0,0.5196149349212646,1.125319242477417,6.205178737640381,2.519181251525879,0.0818452380952381,52.58314895629883,3.504702568054199,33.896854400634766,0.044642857142857144,12.0,0.9955268502235413
R00748,0.6610679030418396,2.6666667461395264,0.22309501469135284,0.33870622515678406,2.4695708751678467,0.5155006051063538,0.026785714285714284,14.996612548828125,1.0651981830596924,9.770004272460938,0.03869047619047619,1.0,0.9882639050483704
R00749,0.3376591205596924,2.6666667461395264,0.35162121057510376,1.0350019931793213,7.513051509857178,2.6812710762023926,0.05952380952380952,22.903366088867188,5.967502593994141,84.97029876708984,0.01488095238095238,305.0,0.9986445903778076
R00750,0.4814037084579468,3.3333332538604736,0.42237454652786255,0.868348240852356,3.9397530555725098,1.0553821325302124,0.044642857142857144,20.48805809020996,2.2108073234558105,14.992222785949707,0.06547619047619048,2.0,0.9828311204910278
R00751,0.5194174647331238,2.6666667461395264,0.39780741930007935,0.7580437064170837,3.0332555770874023,0.5295854806900024,0.03375,19.808338165283203,1.8562055826187134,16.81528663635254,0.045,2.0,0.9858145117759705
R00752,0.17996367812156677,1.6666666269302368,0.18930596113204956,1.0454763174057007,5.794140815734863,1.8136632442474365,0.05654761904761905,2.466283082962036,3.3328192234039307,34.451805114746094,0.03869047619047619,0.0,0.0
R00753,0.2289547622203827,2.3333332538604736,0.2681257724761963,1.171081304550171,5.799372673034668,1.5427292585372925,0.0798611111111111,0.9487003684043884,2.7753467559814453,22.689083099365234,0.03993055555555555,18.0,0.9939550757408142
R00754,1.0206093788146973,4.0,0.42679768800735474,0.4193469285964966,1.993870735168457,0.3116810619831085,0.025735294117647058,79.73445129394531,1.3327070474624634,6.896294593811035,0.06985294117647059,0.0,0.0
R00755,0.4751479923725128,3.0,0.42003557085990906,0.8840079307556152,4.358554840087891,1.7566430568695068,0.07552083333333333,24.361907958984375,2.765732526779175,17.219615936279297,0.06770833333333333,0.0,0.0
R00756,0.3555021584033966,2.0,0.2403942197561264,0.6771568059921265,3.5852608680725098,0.8485916256904602,0.046130952380952384,4.705680847167969,2.134643316268921,21.423728942871094,0.05654761904761905,6.0,0.9875944256782532
R00757,0.5620997548103333,3.0,0.2699582278728485,0.4788523018360138,3.6140048503875732,2.2369978427886963,0.047619047619047616,38.806365966796875,2.615521192550659,22.422157287597656,0.041666666666666664,0.0,0.0
R00758,0.30492833256721497,1.6666666269302368,0.14955991506576538,0.490474134683609,3.309340238571167,1.3536622524261475,0.034722222222222224,3.057138204574585,3.3291542530059814,55.21000671386719,0.013888888888888888,15.0,0.9887345433235168
R00759,0.20472395420074463,2.0,0.278355211019516,1.3414915800094604,7.018807411193848,1.6119519472122192,0.05952380952380952,7.1801228523254395,5.352708339691162,91.65780639648438,0.017857142857142856,33.0,0.9918457865715027
R00760,0.48288464546203613,2.3333332538604736,0.2885740399360657,0.5946019291877747,3.7621257305145264,0.9105522036552429,0.023809523809523808,19.605464935302734,1.2476692199707031,7.454878330230713,0.06398809523809523,0.0,0.0
R00761,0.6487650275230408,4.0,0.49585792422294617,0.7568925023078918,3.0379538536071777,0.893302857875824,0.06845238095238096,111.68518829345703,2.071427583694458,7.759180068969727,0.10416666666666667,4.0,0.9914964437484741
R00762,0.3070061504840851,2.0,0.22028400003910065,0.7146774530410767,4.204342842102051,1.0886878967285156,0.049107142857142856,5.969552993774414,4.254604816436768,60.3918571472168,0.026785714285714284,27.0,0.992707371711731
R00763,0.28650936484336853,2.0,0.19784335792064667,0.6862722039222717,4.713094234466553,2.3953967094421387,0.05505952380952381,4.438900470733643,3.5528252124786377,29.47998809814453,0.047619047619047616,70.0,0.9986122846603394
R00764,0.28827744722366333,2.0,0.2797849774360657,0.9617348909378052,12.6911039352417,6.381880760192871,0.02375,0.7690655589103699,1.8894203901290894,21.212976455688477,0.03625,84.0,0.9987388849258423
R00765,0.5986050963401794,2.3333332538604736,0.2204931676387787,0.3705475926399231,4.136251449584961,2.4403889179229736,0.02976190476190476,11.517745971679688,2.6042087078094482,42.149227142333984,0.03720238095238095,0.0,0.0
R00766,0.1700378656387329,1.3333333730697632,0.18838448822498322,1.1016063690185547,5.843842029571533,1.72080659866333,0.052083333333333336,1.1274904012680054,3.908679246902466,43.103763580322266,0.04017857142857143,2.0,0.9765439629554749
R00767,0.41902193427085876,2.0,0.24864979088306427,0.5934037566184998,4.492562770843506,1.7276146411895752,0.0556640625,6.106048583984375,3.6636252403259277,67.88470458984375,0.0263671875,2.0,0.9839592576026917
R00768,0.5319360494613647,3.3333332538604736,0.477701872587204,0.8971099257469177,4.158188343048096,1.3459265232086182,0.06770833333333333,61.251953125,2.2961928844451904,10.741795539855957,0.07465277777777778,5.0,0.9898608326911926
R00769,0.5653109550476074,3.0,0.3226616084575653,0.5707672834396362,2.7299866676330566,1.084673523902893,0.061197916666666664,30.22629737854004,1.667075276374817,9.619440078735352,0.052083333333333336,5.0,0.9990710020065308
R00770,0.5540794134140015,2.0,0.24543504416942596,0.4458426535129547,2.349912405014038,0.5388914346694946,0.03869047619047619,7.664133548736572,1.5403800010681152,9.374319076538086,0.047619047619047616,0.0,0.0
R00771,0.11700109392404556,2.0,0.23982147872447968,2.032675266265869,16.830169677734375,5.108549118041992,0.0425,8.217641830444336,5.904321193695068,64.64261627197266,0.02125,1.0,0.9701989889144897
R00772,0.36017104983329773,2.0,0.19395712018013,0.5385124683380127,2.778258800506592,0.8321567177772522,0.046875,4.0979485511779785,2.0962023735046387,15.74495792388916,0.06510416666666667,2.0,0.9834657907485962
R00773,0.3589736819267273,2.0,0.20458079874515533,0.5654565691947937,2.8629472255706787,0.7390986680984497,0.043154761904761904,5.542351722717285,2.3440818786621094,25.550046920776367,0.03273809523809524,1.0,0.9782634973526001
R00774,0.33387887477874756,2.6666667461395264,0.3684117794036865,1.0892930030822754,4.747895240783691,1.13856041431427,0.050595238095238096,10.836376190185547,3.0347747802734375,46.49090576171875,0.03422619047619048,1.0,0.9782737493515015
R00775,0.41397348046302795,2.0,0.17018403112888336,0.41109785437583923,3.0910658836364746,0.9473884701728821,0.028645833333333332,7.447320461273193,2.328007221221924,39.71172332763672,0.01953125,0.0,0.0
R00776,0.04840046539902687,1.0,0.13991402089595795,2.848313570022583,22.650482177734375,3.229501724243164,0.06845238095238096,0.7440340518951416,10.352142333984375,237.30137634277344,0.00744047619047619,0.0,0.0
R00777,0.32432571053504944,2.6666667461395264,0.438791424036026,1.3435803651809692,6.130982398986816,1.3209950923919678,0.047619047619047616,16.397335052490234,2.8843154907226562,31.56928253173828,0.03869047619047619,0.0,0.0
R00778,0.13238926231861115,1.6666666269302368,0.1932348906993866,1.4494624137878418,8.941668510437012,2.338014841079712,0.06547619047619048,2.7040302753448486,3.888496160507202,32.733245849609375,0.03571428571428571,15.0,0.9931371212005615
R00779,0.2846226394176483,2.0,0.24772168695926666,0.8703482747077942,5.207214832305908,1.3915975093841553,0.0546875,2.4359614849090576,5.471804141998291,95.35186767578125,0.018229166666666668,7.0,0.9948201775550842
R00780,0.40471258759498596,2.6666667461395264,0.39436572790145874,0.972445011138916,4.814499855041504,1.4522228240966797,0.07589285714285714,19.065908432006836,2.7433905601501465,33.95952224731445,0.04017857142857143,1005.0,0.9981585144996643
R00781,0.6277249455451965,3.0,0.4012526869773865,0.6340229511260986,2.98276424407959,0.523740828037262,0.03273809523809524,18.60080909729004,1.917115569114685,20.2831974029541,0.028273809523809524,2.0,0.9912858009338379
R00782,0.5067764520645142,2.6666667461395264,0.29448288679122925,0.5802805423736572,2.704315185546875,1.123164415359497,0.08482142857142858,18.12578010559082,1.931139588356018,9.327431678771973,0.08482142857142858,4.0,0.9902359843254089
R00783,0.24339662492275238,2.0,0.19981220364570618,0.8291038274765015,5.723005294799805,2.0011794567108154,0.07589285714285714,1.3523133993148804,4.247174263000488,86.90528106689453,0.019345238095238096,14.0,0.9975796341896057
R00784,0.36672353744506836,2.0,0.28135985136032104,0.7637245655059814,5.082440376281738,1.2362987995147705,0.05357142857142857,4.136756420135498,2.67226505279541,27.72433853149414,0.050595238095238096,21.0,0.9894186854362488
R00785,0.42210283875465393,3.0,0.46640992164611816,1.1051325798034668,4.231371879577637,1.6670173406600952,0.11011904761904762,67.20204162597656,2.416830539703369,11.295544624328613,0.08482142857142858,3.0,0.9944888353347778
R00786,0.6827216744422913,3.6666667461395264,0.39748284220695496,0.5814053416252136,2.7873542308807373,0.9619083404541016,0.06994047619047619,57.82467269897461,1.6006135940551758,7.843352317810059,0.06994047619047619,0.0,0.0
R00787,0.5635116696357727,2.3333332538604736,0.22661204636096954,0.40073370933532715,2.89662504196167,1.1017993688583374,0.04393939393939394,17.11741828918457,1.4324826002120972,13.837228775024414,0.05,0.0,0.0
R00788,0.23746547102928162,1.3333333730697632,0.16748535633087158,0.7045708298683167,3.307072639465332,0.6855615973472595,0.04861111111111111,1.6739461421966553,1.6396385431289673,10.438060760498047,0.057291666666666664,20.0,0.9862123727798462
R00789,0.3438204824924469,2.0,0.25422367453575134,0.737064778804779,3.629758596420288,1.1815098524093628,0.06101190476190476,4.148140907287598,3.982675790786743,72.25405883789062,0.020833333333333332,0.0,0.0
R00790,0.4568383991718292,2.0,0.2535317540168762,0.558551549911499,3.8783442974090576,1.412290334701538,0.03273809523809524,9.50320816040039,1.991876482963562,18.571535110473633,0.04017857142857143,0.0,0.0
R00791,0.32845625281333923,1.6666666269302368,0.1706712692975998,0.5257062911987305,3.4401886463165283,1.185633897781372,0.047619047619047616,3.0457515716552734,2.781393527984619,30.137004852294922,0.026785714285714284,5.0,0.9896815419197083
R00792,0.33983102440834045,2.0,0.1709604412317276,0.5065469145774841,4.146390914916992,1.1788841485977173,0.03422619047619048,10.950194358825684,3.1471610069274902,34.2595100402832,0.03720238095238095,26.0,0.992725133895874
R00793,0.12854830920696259,2.0,0.16879500448703766,1.3029862642288208,7.907801628112793,2.6897671222686768,0.06994047619047619,5.941465854644775,3.778918504714966,45.299072265625,0.046130952380952384,8.0,0.9903539419174194
R00794,0.1195763424038887,1.6666666269302368,0.2140689194202423,1.7902131080627441,10.56237506866455,1.9755477905273438,0.06510416666666667,0.3572796881198883,3.2855474948883057,34.073974609375,0.032552083333333336,1.0,0.9743760228157043
R00795,0.4861065149307251,3.0,0.3500770032405853,0.7172266840934753,3.7580759525299072,1.5312776565551758,0.06696428571428571,24.103330612182617,2.209010124206543,17.71251678466797,0.05505952380952381,0.0,0.0
R00796,0.5348288416862488,2.0,0.2443535327911377,0.45588213205337524,2.7493069171905518,0.78071129322052,0.052083333333333336,10.130475997924805,2.1442501544952393,21.227231979370117,0.050595238095238096,0.0,0.0
R00797,0.36553511023521423,2.0,0.24184340238571167,0.6593366265296936,3.619086265563965,1.4244049787521362,0.07142857142857142,4.729304790496826,2.750419855117798,26.709789276123047,0.044642857142857144,13.0,0.993668794631958
R00798,0.19310395419597626,1.3333333730697632,0.1318969577550888,0.6830325722694397,4.028870582580566,1.4766199588775635,0.04513888888888889,2.13551926612854,2.419739007949829,22.131010055541992,0.057291666666666664,6.0,0.9951842427253723
R00799,0.28867602348327637,1.6666666269302368,0.1836250126361847,0.6297680139541626,4.970301151275635,1.4860248565673828,0.03422619047619048,3.827173948287964,5.335297584533691,90.59139251708984,0.01636904761904762,8.0,0.9858695864677429
R00800,1.0528687238693237,4.0,0.4042520821094513,0.38395261764526367,2.105480670928955,-0.04116596281528473,0.026041666666666668,102.367919921875,0.9054520130157471,5.255605220794678,0.049479166666666664,3.0,0.981304407119751
R00801,0.44687801599502563,2.6666667461395264,0.3191973567008972,0.7129303812980652,3.885375738143921,1.8146549463272095,0.07142857142857142,13.620637893676758,3.3205220699310303,29.076143264770508,0.043154761904761904,19.0,0.992599606513977
R00802,0.1983642578125,2.0,0.2853110432624817,1.4364068508148193,6.666818618774414,1.5952184200286865,0.06398809523809523,13.039692878723145,3.2126660346984863,31.905349731445312,0.03720238095238095,15.0,0.9997778534889221
R00803,0.6349064707756042,4.0,0.5059384703636169,0.7946105599403381,3.246453046798706,0.9117977619171143,0.08035714285714286,107.86652374267578,1.934476613998413,6.894837856292725,0.11458333333333333,6.0,0.9985648393630981
R00804,0.15454700589179993,1.6666666269302368,0.16219045221805573,1.0530294179916382,7.659178256988525,2.6146180629730225,0.050595238095238096,1.98031747341156,4.694915771484375,67.40735626220703,0.017857142857142856,0.0,0.0
R00805,0.2004150152206421,1.6666666269302368,0.15555709600448608,0.7746610045433044,5.445160865783691,2.7505736351013184,0.0625,0.7449444532394409,5.044118881225586,84.2405014038086,0.01488095238095238,5.0,0.979087769985199
R00806,0.4544238746166229,5.0,0.710469126701355,1.5567166805267334,8.826497077941895,3.5378170013427734,0.05505952380952381,26.396102905273438,4.032974720001221,23.642637252807617,0.047619047619047616,3.0,0.9824022054672241
R00807,0.16292975842952728,1.3333333730697632,0.16730362176895142,1.0168665647506714,11.752326965332031,4.504701137542725,0.0425,1.3860703706741333,8.423029899597168,118.3741455078125,0.0075,1.0,0.9862817525863647
R00808,0.39407965540885925,2.0,0.23239357769489288,0.5883472561836243,2.7954020500183105,0.16542820632457733,0.028273809523809524,2.7283878326416016,1.7481316328048706,15.597058296203613,0.03571428571428571,0.0,0.0
R00809,0.8618983626365662,3.0,0.2823159396648407,0.32875898480415344,2.1144602298736572,0.29236912727355957,0.04017857142857143,34.366024017333984,1.8206093311309814,20.185766220092773,0.02976190476190476,0.0,0.0
R00810,0.7454657554626465,3.0,0.24344028532505035,0.3250257670879364,2.0835413932800293,0.5015011429786682,0.047619047619047616,19.355886459350586,1.4813710451126099,10.113801956176758,0.06101190476190476,0.0,0.0
R00811,0.529657781124115,3.3333332538604736,0.4556586444377899,0.855108380317688,4.075832843780518,1.2013962268829346,0.06398809523809523,28.44974136352539,2.40667724609375,16.910736083984375,0.050595238095238096,1.0,0.987200140953064
R00812,0.435295969247818,3.0,0.35891154408454895,0.8245211243629456,3.942471504211426,1.4107555150985718,0.0642361111111111,29.822649002075195,2.144934892654419,21.732707977294922,0.057291666666666664,9.0,0.9846771955490112
R00813,0.2638721466064453,1.6666666269302368,0.20043060183525085,0.7595988512039185,4.686713218688965,1.8200163841247559,0.049107142857142856,4.705926895141602,4.305035591125488,46.93410873413086,0.02976190476190476,118.0,0.9978039264678955
R00814,0.5145620703697205,2.3333332538604736,0.26068583130836487,0.5064377784729004,2.8154163360595703,1.1537851095199585,0.059782608695652176,16.51161003112793,1.8695327043533325,12.800506591796875,0.06521739130434782,0.0,0.0
R00815,0.35489189624786377,4.0,0.529727578163147,1.492640495300293,6.455512046813965,2.1496338844299316,0.0859375,71.8910903930664,3.1034557819366455,23.12361717224121,0.057291666666666664,0.0,0.0
R00816,0.8368874788284302,3.3333332538604736,0.33794113993644714,0.4035749137401581,2.5101094245910645,0.9058068990707397,0.049107142857142856,39.0073127746582,1.4636869430541992,11.99380874633789,0.05654761904761905,6.0,0.9887387156486511
R00817,0.2836723327636719,2.0,0.24395368993282318,0.8567691445350647,5.294317722320557,2.0977001190185547,0.05803571428571429,6.970836639404297,3.4142098426818848,32.03164291381836,0.041666666666666664,138.0,0.9980862140655518
R00818,0.1909315139055252,2.0,0.24359382688999176,1.2595142126083374,7.799587726593018,1.8565564155578613,0.052083333333333336,7.116694927215576,3.2735812664031982,34.294921875,0.04017857142857143,13.0,0.9863486289978027
R00819,0.342800110578537,3.0,0.3272254765033722,0.9790895581245422,5.299475193023682,2.286679744720459,0.05952380952380952,10.02866268157959,4.063479423522949,33.671871185302734,0.02976190476190476,18.0,0.9938986897468567
R00820,0.30606746673583984,2.0,0.2914316654205322,0.953262209892273,6.052133560180664,2.0536882877349854,0.05298913043478261,9.436681747436523,4.265387058258057,50.07829284667969,0.02717391304347826,125.0,0.9968889951705933
R00821,0.36257681250572205,2.0,0.21412375569343567,0.5860361456871033,3.8086798191070557,1.1296982765197754,0.03720238095238095,6.405344486236572,2.5998761653900146,32.372581481933594,0.03125,2.0,0.9829152226448059
R00822,0.3784696161746979,2.6666667461395264,0.31527698040008545,0.8273978233337402,5.845847129821777,1.8710544109344482,0.06994047619047619,20.857242584228516,2.7556498050689697,23.325111389160156,0.044642857142857144,6.0,0.9795705080032349
R00823,0.9900389313697815,5.0,0.48779311776161194,0.49270036816596985,2.355820417404175,1.2651773691177368,0.11197916666666667,136.9234619140625,1.1986697912216187,6.089601516723633,0.052083333333333336,12.0,0.995798647403717
R00824,0.5098986029624939,3.0,0.40061891078948975,0.7824169397354126,3.6892507076263428,1.1445057392120361,0.05654761904761905,26.933706283569336,2.602259874343872,16.358041763305664,0.052083333333333336,0.0,0.0
R00825,0.23119789361953735,3.0,0.4130629003047943,1.7878872156143188,10.110791206359863,2.867710828781128,0.07291666666666667,37.55619430541992,3.6191213130950928,34.14154815673828,0.05357142857142857,94.0,0.9966616034507751
R00826,0.49162614345550537,2.6666667461395264,0.30858680605888367,0.6320229768753052,3.395533323287964,0.8538869023323059,0.04282407407407408,10.823326110839844,2.0393764972686768,18.678863525390625,0.03935185185185185,7.0,0.9809983372688293
R00827,0.4847548007965088,3.0,0.4092996418476105,0.834349513053894,3.2063605785369873,0.732088029384613,0.049107142857142856,22.45721435546875,2.1945273876190186,12.893156051635742,0.06696428571428571,0.0,0.0
R00828,0.3168809413909912,2.0,0.2805621325969696,0.8973424434661865,4.506041526794434,1.7115095853805542,0.06994047619047619,8.337489128112793,2.62267804145813,26.452383041381836,0.06547619047619048,8.0,0.9899758696556091
R00829,0.5923385620117188,3.3333332538604736,0.3974427282810211,0.6709710955619812,3.4291985034942627,1.323846697807312,0.078125,47.854156494140625,1.6985349655151367,9.087658882141113,0.07291666666666667,0.0,0.0
R00830,0.38988953828811646,3.0,0.3390487730503082,0.8669788837432861,4.6006011962890625,2.0488486289978027,0.06845238095238096,16.27305793762207,2.9722602367401123,21.075584411621094,0.047619047619047616,0.0,0.0
R00831,0.6325318217277527,2.3333332538604736,0.22488923370838165,0.3577931523323059,2.442913055419922,0.637586772441864,0.03422619047619048,10.93381118774414,1.2979344129562378,10.277461051940918,0.049107142857142856,0.0,0.0
R00832,0.33454430103302,2.0,0.2420967072248459,0.7203711271286011,5.841649532318115,1.19483482837677,0.03720238095238095,3.355323314666748,4.053854942321777,80.97518157958984,0.011904761904761904,5.0,0.9840437173843384
R00833,1.248397707939148,4.666666507720947,0.2240317463874817,0.1793261468410492,1.5894346237182617,-1.3146076202392578,0.009114583333333334,136.32716369628906,0.4016290009021759,3.9994118213653564,0.029947916666666668,0.0,0.0
R00834,0.24291959404945374,1.6666666269302368,0.13159464299678802,0.5425933003425598,3.0910706520080566,0.8634150624275208,0.043154761904761904,2.0597217082977295,3.17409610748291,39.12826919555664,0.025297619047619048,10.0,0.9950824975967407
R00835,0.314220130443573,2.0,0.2348826378583908,0.746892511844635,4.900205135345459,2.14082670211792,0.05505952380952381,1.3402308225631714,4.66689395904541,63.000396728515625,0.019345238095238096,12.0,0.9917256832122803
R00836,0.4554920494556427,4.666666507720947,0.6386914849281311,1.381823182106018,9.052002906799316,2.628587007522583,0.05625,38.435054779052734,2.711446762084961,22.88047218322754,0.0375,127.0,0.9965458512306213
R00837,0.45222902297973633,3.3333332538604736,0.5121482610702515,1.1324950456619263,3.779735565185547,1.215482234954834,0.07682291666666667,43.358245849609375,1.8610533475875854,7.391536712646484,0.08723958333333333,20.0,0.9918387532234192
R00838,0.3288660943508148,2.3333332538604736,0.3338316082954407,1.0281989574432373,5.959465503692627,2.5885462760925293,0.050595238095238096,9.310113906860352,3.4193544387817383,41.13581848144531,0.025297619047619048,594.0,0.9989418387413025
R00839,0.4568231701850891,2.0,0.2601429522037506,0.5678804516792297,3.1770811080932617,0.9662826061248779,0.047619047619047616,14.80250358581543,2.3015499114990234,17.21161651611328,0.05505952380952381,2.0,0.9760520458221436
R00840,0.6198346018791199,4.0,0.6539191603660583,1.0511897802352905,4.112473487854004,1.7006230354309082,0.09077380952380952,31.655452728271484,2.244356632232666,14.8272123336792,0.05505952380952381,0.0,0.0
R00841,0.276988685131073,2.6666667461395264,0.3481285870075226,1.2568703889846802,7.680247783660889,2.1137497425079346,0.0744047619047619,26.939823150634766,3.414015531539917,38.0115966796875,0.03720238095238095,0.0,0.0
R00842,0.3060844838619232,2.3333332538604736,0.35305944085121155,1.1462864875793457,4.790820121765137,1.472119688987732,0.05952380952380952,6.975649833679199,2.3410117626190186,11.359231948852539,0.05952380952380952,19.0,0.9988862872123718
R00843,0.700928807258606,2.3333332538604736,0.20159269869327545,0.2910021245479584,1.818490743637085,0.19612795114517212,0.013392857142857142,13.217391014099121,1.4066311120986938,11.604191780090332,0.06101190476190476,1.0,0.9703794717788696
R00844,0.6481144428253174,3.6666667461395264,0.510644257068634,0.7703676819801331,3.658597707748413,0.9254145622253418,0.043154761904761904,28.345924377441406,2.3258094787597656,23.064512252807617,0.05654761904761905,16.0,0.9858264327049255
R00845,0.2544705271720886,2.0,0.26150181889533997,1.0232634544372559,5.6861162185668945,2.391425132751465,0.06101190476190476,5.320129871368408,2.869194269180298,17.18531608581543,0.06994047619047619,54.0,0.99184250831604
R00846,0.10519758611917496,1.3333333730697632,0.1886386275291443,1.7931668758392334,12.086515426635742,2.1348371505737305,0.060546875,2.24056077003479,3.764235019683838,53.231834411621094,0.0361328125,0.0,0.0
R00847,0.4988909661769867,3.0,0.32643386721611023,0.6510968208312988,3.8937065601348877,1.9126299619674683,0.0625,16.322786331176758,2.7024807929992676,20.090654373168945,0.04595588235294118,0.0,0.0
R00848,0.4949873387813568,2.3333332538604736,0.23938269913196564,0.48618966341018677,2.989002227783203,0.7760697603225708,0.041666666666666664,3.6000728607177734,1.461470365524292,11.684348106384277,0.050595238095238096,1.0,0.9835782647132874
R00849,0.43299320340156555,2.0,0.24492357671260834,0.5645931363105774,2.999286413192749,1.015978217124939,0.050595238095238096,12.904508590698242,2.2229292392730713,15.003518104553223,0.047619047619047616,2.0,0.9876697063446045
R00850,0.4442012906074524,3.0,0.39528483152389526,0.8855724930763245,3.5559566020965576,0.7536469101905823,0.03571428571428571,15.676170349121094,2.2032172679901123,29.070194244384766,0.03125,4.0,0.9933182597160339
R00851,0.4518705904483795,3.0,0.32629936933517456,0.7237375378608704,5.020141124725342,1.7483240365982056,0.03720238095238095,19.32219123840332,2.2018892765045166,18.52727699279785,0.050595238095238096,5.0,0.9879198670387268
R00852,0.3625943064689636,1.6666666269302368,0.20017436146736145,0.5490386486053467,4.14902400970459,1.4893637895584106,0.03571428571428571,2.702409505844116,2.7215967178344727,41.121124267578125,0.03720238095238095,10.0,0.9866130948066711
R00853,0.5861967206001282,4.333333492279053,0.7471370100975037,1.2700518369674683,4.515336513519287,0.9664846062660217,0.05654761904761905,38.748016357421875,2.3825013637542725,15.618560791015625,0.0625,0.0,0.0
R00854,0.2849789261817932,2.6666667461395264,0.3481089770793915,1.2080971002578735,10.8666410446167,3.9787373542785645,0.052083333333333336,8.752937316894531,3.837919235229492,38.234535217285156,0.03571428571428571,0.0,0.0
R00855,0.3186700940132141,2.0,0.23695847392082214,0.7427707314491272,5.406985759735107,2.231637954711914,0.05505952380952381,1.5046271085739136,4.694355010986328,56.4719123840332,0.022321428571428572,9.0,0.9912093281745911
R00856,0.46542415022850037,2.3333332538604736,0.2976185977458954,0.6392934918403625,3.891205072402954,1.1216682195663452,0.0575,7.622185707092285,3.178985595703125,38.756649017333984,0.0225,0.0,0.0
R00857,0.5280559062957764,4.0,0.48014888167381287,0.9092749357223511,5.867990970611572,2.044219732284546,0.078125,9.688485145568848,2.996812343597412,25.538921356201172,0.029513888888888888,4.0,0.9832407236099243
R00858,0.6497504711151123,3.6666667461395264,0.401454895734787,0.6140941977500916,3.204742193222046,1.5077497959136963,0.07142857142857142,44.925716400146484,2.171175003051758,13.509700775146484,0.07291666666666667,0.0,0.0
R00859,0.4771178364753723,2.6666667461395264,0.2948257327079773,0.6184350848197937,4.278562545776367,1.9738494157791138,0.0625,12.15784740447998,2.8026952743530273,25.264371871948242,0.05505952380952381,1.0,0.9788879752159119
R00860,0.34467843174934387,2.3333332538604736,0.29930737614631653,0.8709343671798706,6.218441486358643,2.186279058456421,0.05803571428571429,11.686253547668457,3.1323070526123047,31.446617126464844,0.043154761904761904,13.0,0.9889708757400513
R00861,0.2780448794364929,1.6666666269302368,0.1750643104314804,0.6277311444282532,4.191507339477539,1.8928279876708984,0.052083333333333336,3.7107937335968018,3.935986280441284,60.1878662109375,0.019345238095238096,11.0,0.992957592010498
R00862,0.1494436413049698,1.3333333730697632,0.10699957609176636,0.7197515368461609,4.747211933135986,1.210788369178772,0.047619047619047616,1.059114933013916,3.2346689701080322,24.617366790771484,0.043154761904761904,101.0,0.9981117844581604
R00863,0.6197009682655334,3.3333332538604736,0.7287709712982178,1.1610169410705566,3.718308448791504,0.6248144507408142,0.002976190476190476,33.73754119873047,1.591426968574524,6.4582414627075195,0.06398809523809523,13.0,0.9852516651153564
R00864,0.3304637670516968,2.3333332538604736,0.30015435814857483,0.9118953347206116,5.0990824699401855,1.6448899507522583,0.050595238095238096,12.37346076965332,4.471354007720947,50.73024368286133,0.022321428571428572,7.0,0.9948415160179138
R00865,0.46286869049072266,3.0,0.426949679851532,0.9110471606254578,3.7780003547668457,1.0637081861495972,0.06696428571428571,27.518476486206055,2.327763080596924,13.918729782104492,0.06398809523809523,0.0,0.0
R00866,0.23629003763198853,1.6666666269302368,0.25864100456237793,1.0824536085128784,4.855437755584717,1.533247947692871,0.08779761904761904,1.3385801315307617,2.2465980052948,18.011409759521484,0.05357142857142857,9.0,0.9971490502357483
R00867,0.1867307424545288,1.3333333730697632,0.18082916736602783,0.9597653746604919,4.72533655166626,1.0023478269577026,0.05803571428571429,0.7116283178329468,2.2340140342712402,20.278268814086914,0.044642857142857144,3.0,0.9816775918006897
R00868,0.19687052071094513,2.0,0.24537144601345062,1.2343125343322754,7.435863018035889,2.9403934478759766,0.05952380952380952,3.7067179679870605,3.4189908504486084,21.733266830444336,0.05505952380952381,56.0,0.9959608316421509
R00869,0.26177552342414856,1.6666666269302368,0.19649460911750793,0.7450171709060669,3.859422206878662,1.2702515125274658,0.05654761904761905,3.3551273345947266,2.7519371509552,22.71194076538086,0.04017857142857143,2.0,0.9928062558174133
R00870,0.3807506263256073,3.0,0.5014775991439819,1.3081910610198975,6.038500785827637,1.742537260055542,0.08928571428571429,75.93941497802734,2.4946277141571045,12.960962295532227,0.07886904761904762,143.0,0.9973713755607605
R00871,0.14603351056575775,1.3333333730697632,0.1438549906015396,0.9823064804077148,8.806742668151855,2.971137762069702,0.05803571428571429,1.7950849533081055,5.093228340148926,91.7562026977539,0.017857142857142856,1.0,0.9850289225578308
R00872,0.3585291802883148,2.0,0.2462557703256607,0.6832478046417236,4.845519542694092,1.645219326019287,0.041666666666666664,8.96900749206543,4.986863136291504,69.19143676757812,0.028273809523809524,3.0,0.9796474575996399
R00873,0.9829702973365784,5.0,0.4812941253185272,0.48780474066734314,2.011218309402466,0.1902860701084137,0.004464285714285714,153.6434326171875,0.9561513066291809,4.687186241149902,0.047619047619047616,6.0,0.9798291325569153
R00874,0.2563900351524353,2.0,0.24588459730148315,0.9590217471122742,6.330357074737549,2.375041961669922,0.04861111111111111,4.982944965362549,4.545712947845459,57.23307800292969,0.022569444444444444,10.0,0.9892799258232117
R00875,0.709771990776062,2.6666667461395264,0.18160629272460938,0.25607210397720337,2.58782696723938,2.0972650051116943,0.04875,20.451072692871094,0.8566673398017883,9.493205070495605,0.03125,0.0,0.0
R00876,0.21900402009487152,2.0,0.3065435588359833,1.3797978162765503,5.569291114807129,1.3920890092849731,0.08035714285714286,2.8963255882263184,2.5523252487182617,22.998777389526367,0.05654761904761905,9.0,0.9972596168518066
R00877,0.5228953957557678,3.0,0.31692036986351013,0.613097071647644,3.885465145111084,1.3395017385482788,0.05125,23.79766273498535,2.2098445892333984,22.993877410888672,0.03625,0.0,0.0
R00878,0.18431486189365387,1.3333333730697632,0.17463092505931854,0.9410187602043152,5.567533493041992,1.8558076620101929,0.049107142857142856,3.727698802947998,4.001359939575195,49.83907699584961,0.03125,22.0,0.9795507788658142
R00879,0.18491768836975098,2.0,0.29650408029556274,1.586248517036438,7.350801467895508,2.2647957801818848,0.075,8.231988906860352,3.1264872550964355,40.01841735839844,0.0675,7.0,0.982450544834137
R00880,0.04989762604236603,1.0,0.10101653635501862,1.9918315410614014,10.064332962036133,2.0517938137054443,0.06994047619047619,0.4106602370738983,3.5721638202667236,32.64588165283203,0.03422619047619048,0.0,0.0
R00881,0.8187911510467529,3.6666667461395264,0.387665331363678,0.4741009473800659,2.5649609565734863,1.1184916496276855,0.05952380952380952,50.45043182373047,1.7228765487670898,9.43320369720459,0.0625,0.0,0.0
R00882,0.33970049023628235,2.0,0.15881173312664032,0.4662473499774933,2.8488824367523193,1.776790976524353,0.05803571428571429,5.609096050262451,2.069244384765625,13.57317066192627,0.049107142857142856,0.0,0.0
R00883,0.36464056372642517,2.3333332538604736,0.34985920786857605,0.9570920467376709,4.8595170974731445,1.5438076257705688,0.05357142857142857,7.701894283294678,3.752790927886963,42.672855377197266,0.03422619047619048,14.0,0.9934622049331665
R00884,0.2015535831451416,2.0,0.2746714949607849,1.3419780731201172,8.158832550048828,1.9235550165176392,0.05505952380952381,21.70520782470703,3.8456380367279053,36.3751220703125,0.03422619047619048,5.0,0.9966776967048645
R00885,0.557622492313385,3.0,0.308832049369812,0.5556684136390686,3.6190145015716553,1.584818959236145,0.05654761904761905,24.952796936035156,3.592106819152832,32.73311233520508,0.028273809523809524,6.0,0.9967878460884094
R00886,0.6981949806213379,3.6666667461395264,0.45899882912635803,0.6578171849250793,2.8439199924468994,0.25489556789398193,0.018465909090909092,59.50240707397461,1.3660454750061035,7.302680015563965,0.0625,1.0,0.994634211063385
R00887,0.1849406212568283,2.0,0.2469584196805954,1.3168494701385498,7.920298099517822,1.880140781402588,0.05803571428571429,11.668027877807617,3.624899387359619,47.26023483276367,0.03720238095238095,10.0,0.9910190105438232
R00888,0.2953784465789795,1.6666666269302368,0.20111694931983948,0.6812346577644348,4.124910831451416,2.110724449157715,0.0625,3.5088071823120117,3.298753023147583,26.612707138061523,0.047619047619047616,16.0,0.9912673234939575
R00889,0.3420000672340393,2.0,0.28251492977142334,0.8369909524917603,3.73223614692688,0.2607659697532654,0.0275,3.8820629119873047,1.0153573751449585,3.844050645828247,0.035,73.0,0.9961518049240112
R00890,0.6208116412162781,3.6666667461395264,0.5212104320526123,0.8387837409973145,5.349664211273193,1.2133712768554688,0.03273809523809524,25.55132484436035,1.6954199075698853,13.192187309265137,0.052083333333333336,346.0,0.9937647581100464
R00891,0.19615982472896576,1.6666666269302368,0.21679987013339996,1.1069839000701904,9.936123847961426,3.1358001232147217,0.06929347826086957,4.41475772857666,6.74271821975708,126.38108825683594,0.010869565217391304,37.0,0.9876397252082825
R00892,0.23604370653629303,2.3333332538604736,0.28422191739082336,1.2041020393371582,8.228877067565918,1.996331810951233,0.06510416666666667,22.559913635253906,3.077098846435547,35.384849548339844,0.045572916666666664,3.0,0.9908167123794556
R00893,0.4297275245189667,3.0,0.45189419388771057,1.0436381101608276,4.957250595092773,1.5611213445663452,0.08779761904761904,39.87506866455078,2.1000356674194336,15.343117713928223,0.07291666666666667,9.0,0.9870116710662842
R00894,0.33795061707496643,2.3333332538604736,0.28709784150123596,0.84122234582901,4.802408695220947,2.24997615814209,0.07244318181818182,11.0537109375,2.585245370864868,22.053325653076172,0.05397727272727273,12.0,0.9906594157218933
R00895,0.27995553612709045,2.0,0.19567859172821045,0.6960361003875732,6.194710731506348,2.404911994934082,0.043154761904761904,6.7882537841796875,4.179775238037109,72.23526763916016,0.03125,12.0,0.9900699853897095
R00896,0.26630035042762756,3.0,0.4033883512020111,1.4990726709365845,7.394903659820557,1.9030466079711914,0.08333333333333333,24.837669372558594,2.9595422744750977,25.80185890197754,0.052083333333333336,5.0,0.9781478643417358
R00897,0.28936612606048584,1.6666666269302368,0.1487436145544052,0.5134315490722656,3.125936269760132,1.4298073053359985,0.05952380952380952,3.042753219604492,2.485856533050537,23.387056350708008,0.044642857142857144,1.0,0.977108895778656
R00898,1.0353072881698608,4.0,0.4080639183521271,0.3964805603027344,1.7619990110397339,-0.4005509316921234,0.0,103.40493774414062,0.8259830474853516,5.562496185302734,0.020833333333333332,0.0,0.0
R00899,0.7745255827903748,2.6666667461395264,0.24042479693889618,0.31060558557510376,2.09261417388916,0.4703735113143921,0.03869047619047619,14.130318641662598,1.9379223585128784,14.067663192749023,0.046130952380952384,0.0,0.0
R00900,0.18949979543685913,2.0,0.20236095786094666,1.0678637027740479,6.412477493286133,2.7160415649414062,0.07421875,5.4392547607421875,4.923258304595947,56.66865158081055,0.026041666666666668,11.0,0.989315390586853
R00901,0.5732492804527283,3.0,0.3608624041080475,0.6296489834785461,3.7651617527008057,1.545712947845459,0.05654761904761905,29.80398178100586,3.8952603340148926,32.795650482177734,0.03273809523809524,4.0,0.9881397485733032
R00902,0.11358372867107391,1.6666666269302368,0.19390404224395752,1.7071309089660645,9.735411643981934,2.5229876041412354,0.0625,3.9538562297821045,4.583800792694092,42.72834396362305,0.029605263157894735,0.0,0.0
R00903,0.5096433162689209,2.6666667461395264,0.277824342250824,0.5474625825881958,3.248945474624634,0.9509400129318237,0.047619047619047616,19.88852882385254,1.7750481367111206,12.659226417541504,0.05803571428571429,12.0,0.9881092309951782
R00904,0.6059272885322571,3.0,0.36022526025772095,0.5891073942184448,3.511928081512451,1.684932827949524,0.058823529411764705,18.795230865478516,2.5146358013153076,20.06163787841797,0.04411764705882353,1.0,0.9829405546188354
R00905,0.3670564293861389,2.3333332538604736,0.26190185546875,0.7144331932067871,4.609489917755127,1.6734389066696167,0.05803571428571429,15.59710693359375,3.374659776687622,27.847858428955078,0.043154761904761904,2.0,0.976137101650238
R00906,0.24713435769081116,1.6666666269302368,0.19661375880241394,0.7943429946899414,5.176402568817139,1.7495988607406616,0.052083333333333336,4.504078388214111,4.408934116363525,56.57292938232422,0.028273809523809524,88.0,0.9934302568435669
R00907,0.36801019310951233,2.0,0.20990616083145142,0.5668960213661194,3.9104058742523193,1.504599928855896,0.052083333333333336,5.107607841491699,2.8967244625091553,43.91825485229492,0.03571428571428571,6.0,0.9821529984474182
R00908,1.0082415342330933,5.0,0.5739037394523621,0.5692120790481567,2.6325979232788086,-0.03211617469787598,0.013020833333333334,138.83213806152344,1.411726951599121,9.050189971923828,0.053385416666666664,0.0,0.0
R00909,0.24371027946472168,1.6666666269302368,0.1726529747247696,0.7094090580940247,4.978262424468994,1.6099432706832886,0.05505952380952381,2.1417269706726074,3.811765670776367,43.226295471191406,0.025297619047619048,2.0,0.9939484596252441
R00910,0.3551822900772095,3.0,0.3151037096977234,0.8871580958366394,4.521946430206299,1.286685824394226,0.061197916666666664,8.897790908813477,3.5900630950927734,48.85643768310547,0.024739583333333332,21.0,0.9986894726753235
R00911,0.37314364314079285,2.0,0.2923634350299835,0.7844918370246887,4.522787570953369,0.8019936084747314,0.03273809523809524,7.56686544418335,1.2370147705078125,10.081629753112793,0.017857142857142856,17.0,0.9972213506698608
R00912,1.292556881904602,5.666666507720947,0.5889118909835815,0.45323991775512695,1.945852518081665,-0.1525120586156845,0.001488095238095238,193.16358947753906,0.9918996095657349,4.657577037811279,0.05803571428571429,0.0,0.0
R00913,0.30295440554618835,2.0,0.31391116976737976,1.043933391571045,4.812982082366943,1.0930802822113037,0.052083333333333336,10.051226615905762,2.460143804550171,27.068525314331055,0.04017857142857143,51.0,0.9998460412025452
R00914,1.0498275756835938,6.0,0.8006982207298279,0.7624128460884094,2.6894888877868652,0.6055809855461121,0.02403846153846154,339.70440673828125,1.8270835876464844,14.356050491333008,0.056490384615384616,0.0,0.0
R00915,0.34389081597328186,3.0,0.45321404933929443,1.3144581317901611,11.137655258178711,3.4662322998046875,0.028273809523809524,4.440695285797119,3.7681384086608887,47.8797721862793,0.049107142857142856,3.0,0.9872409701347351
R00916,0.6489821076393127,3.6666667461395264,0.42161235213279724,0.6496506333351135,3.023560047149658,1.44881010055542,0.08072916666666667,36.8126220703125,1.8900439739227295,8.012802124023438,0.08463541666666667,0.0,0.0
R00917,0.4497106969356537,3.0,0.42147693037986755,0.9273651242256165,4.054608345031738,1.5210086107254028,0.07886904761904762,24.81522560119629,2.0932908058166504,10.925867080688477,0.07589285714285714,1.0,0.9908666014671326
R00918,0.596933901309967,3.6666667461395264,0.4440317749977112,0.7428298592567444,4.450230121612549,1.5767779350280762,0.05505952380952381,32.77518844604492,2.5723724365234375,31.824386596679688,0.03422619047619048,4.0,0.988838255405426
R00919,0.251481294631958,1.6666666269302368,0.22472797334194183,0.8838127255439758,5.719987392425537,2.7920196056365967,0.05952380952380952,3.37746000289917,4.792539596557617,57.30422592163086,0.03422619047619048,216.0,0.9991298317909241
R00920,0.4084097146987915,3.6666667461395264,0.5489606261253357,1.3329272270202637,6.451992511749268,2.1013009548187256,0.07291666666666667,47.56305694580078,3.454843521118164,25.33367156982422,0.052083333333333336,11.0,0.9922109246253967
R00921,0.4450506567955017,2.6666667461395264,0.3457856774330139,0.777413547039032,5.509389877319336,2.9263863563537598,0.046130952380952384,3.5268616676330566,4.221073150634766,37.55513381958008,0.03869047619047619,3.0,0.9840701818466187
R00922,0.2747315466403961,2.0,0.26536980271339417,0.9659204483032227,4.391107559204102,1.0673514604568481,0.052083333333333336,7.586416721343994,3.1395528316497803,32.80189895629883,0.055989583333333336,0.0,0.0
R00923,0.925507128238678,4.666666507720947,0.6962136030197144,0.7560732960700989,4.072420597076416,0.8997891545295715,0.03422619047619048,32.38387680053711,2.8757922649383545,44.58689880371094,0.01636904761904762,5.0,0.9896936416625977
R00924,0.2523558437824249,2.0,0.3032078742980957,1.1859792470932007,5.645612716674805,1.5548526048660278,0.06398809523809523,8.487358093261719,5.209183216094971,96.78160858154297,0.019345238095238096,0.0,0.0
R00925,0.4438115358352661,3.0,0.4214402437210083,0.9605639576911926,4.594095230102539,1.1996532678604126,0.04971590909090909,42.822998046875,2.5038323402404785,17.840110778808594,0.045454545454545456,1.0,0.9727945327758789
R00926,0.04744359105825424,1.0,0.12456391751766205,2.583177328109741,16.626667022705078,2.9636380672454834,0.06398809523809523,0.598708987236023,4.448153495788574,50.06148147583008,0.03273809523809524,1.0,0.9833866953849792
R00927,0.1968321055173874,1.3333333730697632,0.14262405037879944,0.7218935489654541,5.130713939666748,1.7883692979812622,0.050595238095238096,0.5378060936927795,5.21270751953125,109.6098861694336,0.013392857142857142,68.0,0.9939885139465332
R00928,0.08044575154781342,1.3333333730697632,0.1537109911441803,1.9409064054489136,13.724447250366211,4.0218119621276855,0.04375,1.1275062561035156,4.3247857093811035,39.004058837890625,0.04583333333333333,4.0,0.9844954609870911
R00929,0.2846514582633972,1.6666666269302368,0.1792573183774948,0.6252599358558655,3.934284210205078,1.3620210886001587,0.052083333333333336,2.0499978065490723,2.831127882003784,32.045135498046875,0.0390625,0.0,0.0
R00930,0.298144668340683,1.6666666269302368,0.16695532202720642,0.5579150915145874,4.544802665710449,2.362229347229004,0.043154761904761904,2.1830227375030518,5.094773769378662,78.46604919433594,0.019345238095238096,24.0,0.9962059855461121
R00931,0.7245069742202759,3.0,0.2773914039134979,0.38216283917427063,2.4015614986419678,0.7739743590354919,0.044642857142857144,26.838890075683594,1.4328489303588867,9.738923072814941,0.05654761904761905,2.0,0.9797700643539429
R00932,0.3612498939037323,2.0,0.33649688959121704,0.914272665977478,4.14718770980835,0.8857330083847046,0.04375,8.755622863769531,3.14132022857666,37.25588607788086,0.04125,31.0,0.996466875076294
R00933,0.2026994675397873,3.0,0.3986974060535431,1.9669291973114014,8.688031196594238,1.9157675504684448,0.07552083333333333,15.435383796691895,3.0687358379364014,27.034393310546875,0.041666666666666664,23.0,1.0000001192092896
R00934,0.42838725447654724,3.0,0.3330398499965668,0.7805805802345276,4.16422176361084,1.2728022336959839,0.041666666666666664,16.109943389892578,2.5492162704467773,27.936674118041992,0.044642857142857144,9.0,0.9825995564460754
R00935,0.27277785539627075,2.0,0.20925213396549225,0.7602653503417969,4.34760046005249,1.2019466161727905,0.052083333333333336,6.598764419555664,4.509897708892822,62.24970245361328,0.028273809523809524,39.0,0.997300386428833
R00936,0.24341562390327454,1.6666666269302368,0.19973130524158478,0.8269396424293518,5.501479148864746,1.667235255241394,0.03869047619047619,2.9671359062194824,4.3203444480896,44.052772521972656,0.022321428571428572,0.0,0.0
R00937,0.23217836022377014,1.6666666269302368,0.17049984633922577,0.7378031611442566,5.372494220733643,1.760093331336975,0.046130952380952384,1.040261149406433,4.246084690093994,61.843955993652344,0.025297619047619048,6.0,0.996644914150238
R00938,0.5389770865440369,2.0,0.17895734310150146,0.3313553035259247,3.3596198558807373,3.0313608646392822,0.047619047619047616,24.263248443603516,2.360955238342285,36.500343322753906,0.017857142857142856,11.0,0.9779321551322937
R00939,0.2587418258190155,2.0,0.2959240674972534,1.1323860883712769,4.275041103363037,0.9965794682502747,0.03273809523809524,9.463457107543945,2.0423696041107178,13.941488265991211,0.05357142857142857,7.0,0.9939964413642883
R00940,0.6081827282905579,4.666666507720947,0.6362036466598511,1.0460714101791382,3.5464625358581543,1.0595535039901733,0.07291666666666667,85.68948364257812,1.755447506904602,12.542091369628906,0.07942708333333333,1.0,0.9700865149497986
R00941,0.42860880494117737,3.0,0.4244486093521118,0.9791542887687683,4.3922438621521,1.5305781364440918,0.08,24.288000106811523,2.323666572570801,13.565459251403809,0.07125,4.0,0.987471878528595
R00942,0.4344528913497925,3.0,0.4606192708015442,1.0602258443832397,4.222854137420654,1.1234850883483887,0.061197916666666664,14.379807472229004,1.8709717988967896,9.982195854187012,0.05859375,13.0,0.9967264533042908
R00943,0.6224039793014526,3.0,0.3443272113800049,0.5532205104827881,3.015122890472412,0.4985540807247162,0.03125,27.110239028930664,1.6059948205947876,15.439123153686523,0.0546875,7.0,0.9834927320480347
R00944,0.5087336897850037,2.6666667461395264,0.2979434132575989,0.5827562808990479,3.7495014667510986,1.3892711400985718,0.052083333333333336,6.2296671867370605,3.25053071975708,33.87382507324219,0.03422619047619048,5.0,0.9866327047348022
R00945,0.5423362255096436,3.3333332538604736,0.4442652463912964,0.8166107535362244,5.625638008117676,2.153421640396118,0.07886904761904762,19.031253814697266,3.12355375289917,28.785789489746094,0.044642857142857144,9.0,0.9877089858055115
R00946,0.5552698373794556,3.3333332538604736,0.4045109748840332,0.7417638301849365,4.386147975921631,1.8218499422073364,0.0818452380952381,23.567928314208984,2.514486074447632,15.268561363220215,0.06845238095238096,2.0,0.9822044372558594
R00947,0.27765828371047974,2.0,0.23738950490951538,0.8549669981002808,3.610915422439575,0.7940318584442139,0.0390625,3.8704240322113037,2.231098175048828,24.031047821044922,0.033854166666666664,0.0,0.0
R00948,0.42807093262672424,3.0,0.32436448335647583,0.7637563943862915,3.3104233741760254,1.2475944757461548,0.07886904761904762,25.084121704101562,2.1413958072662354,11.220223426818848,0.08779761904761904,1.0,0.9743967652320862
R00949,0.9989495873451233,5.0,0.4820121228694916,0.48251843452453613,2.3348066806793213,1.3417315483093262,0.11588541666666667,121.619384765625,1.1648937463760376,6.70676326751709,0.041666666666666664,10.0,0.9954865574836731
R00950,0.23840056359767914,2.0,0.2151300460100174,0.9054545164108276,4.729499340057373,1.7781339883804321,0.06845238095238096,2.3168880939483643,2.779487133026123,33.04570388793945,0.05357142857142857,4.0,0.9856857061386108
R00951,0.5461319088935852,3.0,0.3559948801994324,0.6529080271720886,3.2519543170928955,1.3272870779037476,0.06696428571428571,20.953947067260742,2.532369613647461,15.554286003112793,0.06398809523809523,11.0,0.9873170852661133
R00952,0.293067991733551,2.0,0.27220481634140015,0.9310406446456909,5.785231590270996,1.966100811958313,0.052083333333333336,6.900776386260986,3.867920398712158,43.516090393066406,0.043154761904761904,110.0,0.9972876906394958
R00953,0.8820859789848328,4.0,0.606090784072876,0.68602055311203,2.1031110286712646,-0.2190835028886795,0.0,66.73388671875,1.0104693174362183,4.313144207000732,0.022321428571428572,0.0,0.0
R00954,0.5784514546394348,2.6666667461395264,0.3179868161678314,0.5506079196929932,2.9321248531341553,1.2256640195846558,0.06696428571428571,14.87256908416748,2.2940685749053955,14.994440078735352,0.0625,0.0,0.0
R00955,0.3389364182949066,2.0,0.2405042201280594,0.7099948525428772,4.158131122589111,0.9834852814674377,0.050595238095238096,2.7449398040771484,4.827445983886719,93.77501678466797,0.01488095238095238,2.0,0.9916909337043762
R00956,0.45057806372642517,2.6666667461395264,0.38215357065200806,0.8365728259086609,3.841616153717041,1.2766584157943726,0.06149193548387097,14.905402183532715,2.5335657596588135,19.431713104248047,0.047379032258064516,38.0,0.9926308393478394
R00957,0.24318549036979675,3.0,0.39760729670524597,1.6252005100250244,9.402999877929688,2.744023561477661,0.07589285714285714,34.06997299194336,3.5056354999542236,30.43669319152832,0.05505952380952381,94.0,0.9906949996948242
R00958,0.22360894083976746,1.6666666269302368,0.1763799637556076,0.7846818566322327,6.125810146331787,1.921854019165039,0.043154761904761904,0.8517019152641296,4.492476940155029,61.84184646606445,0.028273809523809524,4.0,0.9807629585266113
R00959,0.42623648047447205,3.0,0.5143658518791199,1.1893612146377563,5.696413516998291,1.0543931722640991,0.020833333333333332,15.38085651397705,1.9009191989898682,11.072566986083984,0.07142857142857142,10.0,0.9828388690948486
R00960,0.31118646264076233,2.0,0.24793937802314758,0.7882665991783142,6.8211517333984375,2.901033639907837,0.03869047619047619,1.8896253108978271,2.987468719482422,23.309778213500977,0.03869047619047619,1.0,0.9737697839736938
R00961,0.13433265686035156,1.0,0.1274186223745346,0.9485234618186951,7.422341823577881,2.4451844692230225,0.046875,5.870591163635254,6.096556663513184,101.44591522216797,0.0205078125,13.0,0.9953698515892029
R00962,0.3336951434612274,1.6666666269302368,0.15793462097644806,0.4726601541042328,3.4477124214172363,1.427295207977295,0.06398809523809523,3.4746413230895996,3.118708610534668,36.6754035949707,0.043154761904761904,2.0,0.986264705657959
R00963,0.23653478920459747,2.0,0.3154173195362091,1.31601881980896,6.246241092681885,1.4536199569702148,0.05505952380952381,6.849363803863525,2.5779197216033936,30.262788772583008,0.044642857142857144,0.0,0.0
R00964,0.6606784462928772,3.0,0.3230639100074768,0.4897856116294861,2.7098658084869385,0.10999829322099686,0.01488095238095238,33.34093475341797,1.5464903116226196,14.417150497436523,0.02976190476190476,1.0,0.98704993724823
R00965,0.5241134762763977,2.6666667461395264,0.3545301556587219,0.6738347411155701,2.996356248855591,-0.08237923681735992,0.013392857142857142,24.424177169799805,1.309998631477356,8.185038566589355,0.05505952380952381,6.0,0.9962260723114014
R00966,0.5523117184638977,2.6666667461395264,0.28077057003974915,0.5087177157402039,3.045722246170044,1.085866093635559,0.05357142857142857,10.829609870910645,2.0826356410980225,18.775039672851562,0.046130952380952384,7.0,0.9879054427146912
R00967,0.6220898032188416,4.0,0.43080756068229675,0.6897427439689636,3.951539993286133,2.016395092010498,0.06845238095238096,68.81718444824219,3.2896811962127686,28.889657974243164,0.02976190476190476,2.0,0.9747610092163086
R00968,0.3954448997974396,2.0,0.2262522131204605,0.5765274167060852,3.707775592803955,1.2739219665527344,0.05803571428571429,6.866804599761963,2.8946526050567627,54.32259750366211,0.03125,1.0,0.9727990627288818
R00969,0.388996422290802,2.0,0.2264261096715927,0.5811042785644531,3.924816608428955,2.1162683963775635,0.05803571428571429,10.528360366821289,3.379307985305786,34.44467544555664,0.047619047619047616,3.0,0.9843027591705322
R00970,0.6084161400794983,3.0,0.369165301322937,0.6067633628845215,2.69333553314209,1.0129231214523315,0.06380208333333333,35.33056640625,1.562452793121338,7.373836517333984,0.06901041666666667,0.0,0.0
R00971,0.15897825360298157,2.6666667461395264,0.35106876492500305,2.2098042964935303,11.775561332702637,2.875886917114258,0.06398809523809523,3.88751482963562,2.9833920001983643,33.587833404541016,0.041666666666666664,3.0,0.9956244826316833
R00972,0.22666022181510925,2.0,0.30676400661468506,1.3721437454223633,5.956668853759766,2.0799880027770996,0.06398809523809523,6.0177903175354,2.806674003601074,14.647958755493164,0.05803571428571429,18.0,0.9976105690002441
R00973,0.43858397006988525,2.6666667461395264,0.395984023809433,0.8923255205154419,3.732257127761841,0.7313456535339355,0.04017857142857143,18.86568260192871,2.654971122741699,20.22776985168457,0.03869047619047619,1.0,0.9843304753303528
R00974,0.19404476881027222,1.6666666269302368,0.19585005939006805,1.0197632312774658,6.6306071281433105,2.5050547122955322,0.05654761904761905,2.3816163539886475,3.465656280517578,47.771793365478516,0.03125,2.0,0.982421338558197
R00975,0.3933661878108978,2.0,0.2778259217739105,0.7020488381385803,3.328944444656372,1.4313685894012451,0.0825,8.154389381408691,2.537546396255493,12.687623977661133,0.07125,0.0,0.0
R00976,0.6166852116584778,3.0,0.35249271988868713,0.5778551697731018,3.181556224822998,1.559388279914856,0.07886904761904762,25.73843002319336,2.2963507175445557,16.115880966186523,0.05654761904761905,0.0,0.0
R00977,0.34240269660949707,2.0,0.28165462613105774,0.8182761073112488,4.050511360168457,1.873213291168213,0.05654761904761905,6.151984214782715,2.694692373275757,12.787379264831543,0.06398809523809523,102.0,0.9997923374176025
R00978,0.12327993661165237,1.0,0.12937742471694946,1.0329854488372803,5.29426383972168,1.0387669801712036,0.03720238095238095,0.3084017038345337,4.323760986328125,86.36985778808594,0.017857142857142856,50.0,0.9946745038032532
R00979,0.28351953625679016,2.0,0.21934807300567627,0.7718994617462158,4.445794582366943,1.6565580368041992,0.05357142857142857,3.8026492595672607,3.9464223384857178,26.486387252807617,0.050595238095238096,101.0,0.9998393654823303
R00980,0.4548113942146301,3.0,0.39267703890800476,0.8649359345436096,5.678028583526611,3.1280975341796875,0.047619047619047616,6.612000942230225,4.47236442565918,38.04314041137695,0.04017857142857143,26.0,0.9955903887748718
R00981,0.24784211814403534,1.6666666269302368,0.1561584621667862,0.6301071047782898,3.552997350692749,1.2042902708053589,0.041666666666666664,2.0219168663024902,2.5611116886138916,23.804452896118164,0.04017857142857143,112.0,0.9975169897079468
R00982,0.18375389277935028,1.6666666269302368,0.195498526096344,1.0546692609786987,6.69077730178833,2.026519536972046,0.05654761904761905,6.033960819244385,4.197021961212158,49.65861511230469,0.02976190476190476,14.0,0.9801657199859619
R00983,0.9297521114349365,4.0,0.4094187915325165,0.4388110637664795,1.9830909967422485,-0.06903108954429626,0.004464285714285714,68.746337890625,1.0305140018463135,4.486947059631348,0.05357142857142857,0.0,0.0
R00984,0.30301740765571594,3.0,0.42639365792274475,1.399723768234253,6.518388748168945,1.905066728591919,0.08779761904761904,34.80955123901367,2.9838011264801025,33.28663635253906,0.05654761904761905,4.0,0.9741768836975098
R00985,0.42130130529403687,3.0,0.3961562514305115,0.9324235916137695,4.003242015838623,1.2983067035675049,0.0625,19.8575382232666,2.4669439792633057,17.762474060058594,0.05654761904761905,0.0,0.0
R00986,0.3023987114429474,2.0,0.19577142596244812,0.6473929286003113,4.8795881271362305,1.7452164888381958,0.0625,5.711005687713623,3.450772285461426,68.53333282470703,0.03125,7.0,0.9832662343978882
R00987,0.4522310495376587,2.6666667461395264,0.3822455108165741,0.8535541296005249,4.12145471572876,0.9505835175514221,0.052083333333333336,11.258941650390625,3.0423429012298584,30.571090698242188,0.03125,1.0,0.9898576736450195
R00988,0.23816871643066406,2.3333332538604736,0.3183385729789734,1.3246062994003296,6.348502159118652,2.504120111465454,0.06696428571428571,5.47052526473999,3.2801361083984375,16.070201873779297,0.06547619047619048,17.0,0.9787710309028625
R00989,0.5846876502037048,2.6666667461395264,0.2601255774497986,0.44489598274230957,2.9980571269989014,1.026484489440918,0.05078125,8.913387298583984,2.4520320892333984,27.986988067626953,0.032552083333333336,0.0,0.0
R00990,0.5815671682357788,3.0,0.2893746793270111,0.495105504989624,2.5658674240112305,0.5633234977722168,0.03869047619047619,24.95950698852539,1.7147586345672607,13.20429801940918,0.052083333333333336,5.0,0.9859644770622253
R00991,1.8642222881317139,7.0,0.4947202503681183,0.2654132544994354,1.3864606618881226,-0.742826521396637,0.0,438.5026550292969,0.6230540871620178,2.2291743755340576,0.0,0.0,0.0
R00992,0.4801855683326721,4.333333492279053,0.6596856117248535,1.373810887336731,4.876169681549072,1.7549636363983154,0.11458333333333333,116.60260772705078,2.7791337966918945,13.565962791442871,0.08680555555555555,0.0,0.0
R00993,0.5958961248397827,2.6666667461395264,0.31757649779319763,0.5323008298873901,2.9026801586151123,1.1933434009552002,0.06398809523809523,19.138328552246094,2.331205129623413,23.61991310119629,0.05505952380952381,0.0,0.0
R00994,0.17471033334732056,1.6666666269302368,0.18293046951293945,1.0733036994934082,6.092646598815918,2.254818916320801,0.06845238095238096,1.8755340576171875,3.9226012229919434,68.55030822753906,0.023809523809523808,2.0,0.9811119437217712
R00995,0.29454728960990906,2.6666667461395264,0.26089978218078613,0.924868643283844,5.020814418792725,1.497621774673462,0.06547619047619048,1.258731484413147,2.799217462539673,21.69952964782715,0.043154761904761904,18.0,0.9989331364631653
R00996,0.36123600602149963,3.0,0.4670703709125519,1.2819281816482544,5.928796291351318,1.2774873971939087,0.052083333333333336,23.997434616088867,2.7250845432281494,26.955175399780273,0.03422619047619048,2.0,0.971709132194519
R00997,0.37427306175231934,2.3333332538604736,0.3041309714317322,0.8125889301300049,4.774868011474609,1.845597505569458,0.06380208333333333,7.950234889984131,2.4868741035461426,19.043685913085938,0.0703125,3.0,0.9869718551635742
R00998,0.5071504712104797,2.3333332538604736,0.3034803569316864,0.5975732207298279,3.656747341156006,0.920211672782898,0.050595238095238096,10.901599884033203,2.8923184871673584,33.213645935058594,0.03125,14.0,0.9916909337043762
R00999,0.26644986867904663,2.0,0.1289077252149582,0.4810248613357544,3.607645034790039,2.253286123275757,0.048295454545454544,3.846562147140503,2.7566189765930176,26.35106658935547,0.032670454545454544,11.0,0.9858596324920654
R01000,0.8491206169128418,3.3333332538604736,0.345384806394577,0.4055606424808502,2.7582132816314697,0.6537681221961975,0.03422619047619048,29.540916442871094,2.293480634689331,31.158464431762695,0.019345238095238096,1.0,0.9775854349136353
R01001,0.6905266046524048,3.0,0.3035314381122589,0.4399945139884949,3.9287898540496826,0.9924802184104919,0.03125,26.587886810302734,1.9689515829086304,13.416243553161621,0.05357142857142857,2.0,0.9731124043464661
R01002,0.6620205640792847,3.3333332538604736,0.5147812366485596,0.7727399468421936,3.519188404083252,0.9486607313156128,0.05803571428571429,32.65925216674805,3.0424396991729736,28.825115203857422,0.049107142857142856,46.0,0.989789605140686
R01003,0.32704874873161316,2.0,0.21685084700584412,0.6640982627868652,3.4981095790863037,1.044006586074829,0.044642857142857144,4.064736843109131,2.123784303665161,21.368022918701172,0.04017857142857143,0.0,0.0
R01004,0.24719056487083435,1.6666666269302368,0.17898160219192505,0.7250993847846985,5.289572715759277,2.5451266765594482,0.05654761904761905,0.5419899821281433,1.4679875373840332,14.124242782592773,0.05505952380952381,2.0,0.9806163311004639
R01005,0.31250664591789246,1.6666666269302368,0.20201295614242554,0.6437382102012634,4.8255696296691895,1.5560638904571533,0.046130952380952384,2.4127895832061768,3.8711280822753906,71.72439575195312,0.020833333333333332,31.0,0.9935392737388611
R01006,1.4525628089904785,5.333333492279053,0.4271293580532074,0.2965165078639984,1.560159683227539,-0.5412290096282959,0.0,282.55743408203125,0.86661297082901,4.386606693267822,0.05329593267882188,0.0,0.0
R01007,0.49266964197158813,3.6666667461395264,0.4755423665046692,0.9652339220046997,4.421585559844971,1.6201646327972412,0.07465277777777778,61.65053939819336,2.6887755393981934,17.16494369506836,0.06770833333333333,1.0,0.9702545404434204
R01008,0.49216777086257935,3.0,0.43808886408805847,0.888921856880188,3.259622573852539,0.10104984045028687,0.0014204545454545455,22.482696533203125,1.2397193908691406,8.054891586303711,0.05397727272727273,37.0,0.9993276596069336
R01009,0.5828841328620911,3.3333332538604736,0.43581870198249817,0.7541733384132385,4.252394199371338,1.443901777267456,0.047619047619047616,25.05910301208496,2.5188095569610596,20.084552764892578,0.041666666666666664,14.0,0.9930009841918945
R01010,0.05702286586165428,1.0,0.11352168768644333,1.958713412284851,11.126416206359863,2.08394718170166,0.05952380952380952,0.5647585988044739,3.6948447227478027,37.97243118286133,0.026785714285714284,0.0,0.0
R01011,0.10944956541061401,1.0,0.08924055099487305,0.8153500556945801,8.714215278625488,3.8972442150115967,0.037760416666666664,0.6928665637969971,5.521780490875244,93.95353698730469,0.022135416666666668,1.0,0.9751432538032532
R01012,0.27600595355033875,2.0,0.2244931310415268,0.8117878437042236,4.848529815673828,1.8551779985427856,0.07589285714285714,1.1745885610580444,2.5868570804595947,50.76704788208008,0.010416666666666666,12.0,0.9964199662208557
R01013,0.3165524899959564,2.3333332538604736,0.299370676279068,0.9457190632820129,5.879979610443115,1.7641146183013916,0.037760416666666664,20.918996810913086,3.833765745162964,42.6359977722168,0.028645833333333332,0.0,0.0
R01014,0.20335128903388977,1.6666666269302368,0.1958831548690796,0.9580328464508057,8.743646621704102,2.8665497303009033,0.050595238095238096,2.660834550857544,4.278586387634277,56.960205078125,0.025297619047619048,4.0,0.9852710962295532
R01015,0.07313272356987,1.0,0.13503924012184143,1.835057258605957,9.7406005859375,2.568394660949707,0.07291666666666667,0.8766045570373535,3.5675160884857178,30.067447662353516,0.043154761904761904,7.0,0.9958835244178772
R01016,0.31163978576660156,2.0,0.2538648545742035,0.81093430519104,4.397436618804932,2.2149577140808105,0.05654761904761905,4.691226959228516,3.1470537185668945,16.300180435180664,0.06101190476190476,6.0,0.9869558811187744
R01017,0.48975905776023865,2.6666667461395264,0.37794357538223267,0.7732903361320496,3.381439208984375,0.6476193070411682,0.03422619047619048,18.41103744506836,1.7873706817626953,9.769962310791016,0.06398809523809523,5.0,0.9908649921417236
R01018,0.8374425172805786,3.3333332538604736,0.3472604751586914,0.41468721628189087,2.8618040084838867,0.7969884872436523,0.03273809523809524,45.1694221496582,1.1441338062286377,12.53921890258789,0.044642857142857144,1.0,0.9794472455978394
R01019,0.32236477732658386,2.0,0.1895037293434143,0.584136426448822,3.932335376739502,1.3068504333496094,0.044642857142857144,4.186556816101074,2.8509533405303955,25.552169799804688,0.046130952380952384,8.0,0.9854897856712341
R01020,0.1650376319885254,1.0,0.10468240082263947,0.6425623297691345,3.95027232170105,1.6331943273544312,0.050595238095238096,2.1025190353393555,2.365450620651245,16.1295108795166,0.052083333333333336,18.0,0.9894936680793762
R01021,0.390076220035553,2.0,0.2993098497390747,0.7592814564704895,3.72918963432312,0.784277081489563,0.03375,12.002957344055176,2.450867176055908,20.544754028320312,0.04125,2.0,0.979198694229126
R01022,0.19964681565761566,2.0,0.2802445590496063,1.4036945104599,6.7892985343933105,1.7758595943450928,0.06640625,6.495591640472412,3.366816282272339,38.97252655029297,0.041666666666666664,0.0,0.0
R01023,0.4739091396331787,3.0,0.4242006540298462,0.89319908618927,4.70265531539917,1.7385796308517456,0.0625,24.087974548339844,3.213075637817383,27.57695198059082,0.049107142857142856,46.0,0.990866482257843
R01024,0.3833675980567932,2.6666667461395264,0.3344244360923767,0.8952746987342834,4.862630844116211,1.4191248416900635,0.043154761904761904,4.892883777618408,3.4013185501098633,44.29161071777344,0.028273809523809524,13.0,0.9977439641952515
R01025,0.46416375041007996,2.3333332538604736,0.2632514536380768,0.5698577761650085,3.3893744945526123,1.327294945716858,0.061079545454545456,8.080598831176758,2.219848394393921,24.41607666015625,0.028409090909090908,13.0,0.9883639812469482
R01026,0.26681777834892273,2.0,0.26922574639320374,1.0090211629867554,5.522973537445068,1.5018153190612793,0.06510416666666667,5.229879856109619,3.2411246299743652,39.471126556396484,0.04296875,0.0,0.0
R01027,0.18912306427955627,2.0,0.27774935960769653,1.468609094619751,7.445920944213867,1.6978379487991333,0.0642361111111111,4.968958377838135,4.255782127380371,57.725486755371094,0.022569444444444444,1.0,0.9776986241340637
R01028,0.3323047459125519,3.0,0.38669097423553467,1.16507089138031,6.755542278289795,2.2068026065826416,0.08482142857142858,13.818626403808594,3.098442316055298,35.38017654418945,0.06398809523809523,62.0,0.9961029887199402
R01029,0.7520571351051331,5.0,0.595108687877655,0.7860652208328247,3.7089459896087646,1.2436188459396362,0.050595238095238096,160.8507080078125,2.4809865951538086,15.790491104125977,0.05952380952380952,11.0,0.9886770844459534
R01030,0.14868810772895813,1.3333333730697632,0.10435372591018677,0.704794704914093,4.682880401611328,1.1770795583724976,0.044642857142857144,0.9900996088981628,3.325695276260376,27.370616912841797,0.046130952380952384,110.0,0.996505081653595
R01031,0.30242061614990234,3.0,0.36813828349113464,1.2129017114639282,6.295518398284912,1.995098352432251,0.08088235294117647,23.174428939819336,2.877946138381958,24.668453216552734,0.06066176470588235,118.0,0.9967484474182129
R01032,1.0188064575195312,4.0,0.3689056932926178,0.36127379536628723,2.617555856704712,0.42664769291877747,0.026785714285714284,96.89671325683594,1.0782389640808105,7.09636926651001,0.047619047619047616,0.0,0.0
R01033,0.7367784380912781,2.6666667461395264,0.21540099382400513,0.29118114709854126,1.9546676874160767,0.16393551230430603,0.023809523809523808,14.650826454162598,1.693372130393982,13.030515670776367,0.05803571428571429,0.0,0.0
R01034,0.4916532039642334,2.3333332538604736,0.20914775133132935,0.42659181356430054,3.1856517791748047,1.4366360902786255,0.047619047619047616,7.188885688781738,3.306493043899536,45.638343811035156,0.026785714285714284,0.0,0.0
R01035,0.5145062804222107,3.0,0.3780098259449005,0.7329790592193604,3.849691152572632,1.6160449981689453,0.06845238095238096,35.96403121948242,4.036965370178223,44.30733871459961,0.03125,4.0,0.9813880920410156
R01036,0.277669757604599,2.0,0.30019909143447876,1.0733474493026733,5.814764976501465,2.4767980575561523,0.06398809523809523,5.6006951332092285,3.2570106983184814,16.167722702026367,0.06696428571428571,75.0,0.9919923543930054
R01037,0.44884926080703735,3.0,0.3166531026363373,0.7078496813774109,3.9519903659820557,1.2327994108200073,0.06547619047619048,20.838415145874023,2.1435654163360596,12.895599365234375,0.08630952380952381,8.0,0.9900022745132446
R01038,0.33333614468574524,2.0,0.31012630462646484,0.9231079816818237,4.415416717529297,1.3985786437988281,0.07589285714285714,13.897294998168945,2.523473024368286,18.055849075317383,0.06994047619047619,472.0,0.9982423782348633
R01039,0.17061389982700348,1.3333333730697632,0.12281693518161774,0.7212938666343689,4.4123358726501465,0.7951095700263977,0.03720238095238095,0.6312257051467896,4.76476526260376,69.97659301757812,0.020833333333333332,33.0,0.9930950999259949
R01040,0.2385406494140625,2.0,0.28722280263900757,1.204078197479248,6.256823539733887,1.401608943939209,0.0546875,6.627110004425049,3.4680068492889404,49.7564697265625,0.029947916666666668,0.0,0.0
R01041,0.11352527886629105,1.0,0.114392951130867,1.0174927711486816,6.042731761932373,1.4363491535186768,0.046130952380952384,1.4370453357696533,3.508103132247925,25.23299789428711,0.044642857142857144,81.0,0.9942193627357483
R01042,0.3706819713115692,3.6666667461395264,0.5571255683898926,1.509376883506775,6.101922988891602,1.3921656608581543,0.05803571428571429,34.9385986328125,2.8370187282562256,24.63047218322754,0.04017857142857143,33.0,1.0
R01043,0.6099167466163635,3.0,0.37042027711868286,0.6043281555175781,3.233722686767578,1.099092721939087,0.052083333333333336,28.780466079711914,1.9773807525634766,17.316591262817383,0.049107142857142856,0.0,0.0
R01044,0.46541526913642883,5.333333492279053,0.7405363321304321,1.5830366611480713,9.167291641235352,3.534088373184204,0.05505952380952381,30.182430267333984,3.955716371536255,23.508440017700195,0.05357142857142857,1.0,0.9706023931503296
R01045,0.6166256070137024,3.0,0.42367032170295715,0.6869137287139893,3.108624219894409,0.7273274660110474,0.036931818181818184,22.6925106048584,1.648478627204895,14.025911331176758,0.04261363636363636,32.0,0.9822486042976379
R01046,1.1062641143798828,6.0,0.7527063488960266,0.6804033517837524,2.347543478012085,0.4704506993293762,0.0,243.50341796875,1.4958288669586182,6.335168361663818,0.0859375,0.0,0.0
R01047,0.19565755128860474,1.6666666269302368,0.1467236429452896,0.7461010217666626,4.957618713378906,2.1345908641815186,0.050595238095238096,4.084847450256348,3.6734700202941895,55.26643371582031,0.022321428571428572,0.0,0.0
R01048,0.3953262269496918,2.6666667461395264,0.3041503429412842,0.7644962072372437,3.9388725757598877,1.2652525901794434,0.05357142857142857,17.808631896972656,2.308866262435913,20.824811935424805,0.050595238095238096,3.0,0.9855347275733948
R01049,0.3709760010242462,2.0,0.17288708686828613,0.4637337625026703,3.101400852203369,1.9309486150741577,0.049107142857142856,7.466221332550049,3.414673089981079,23.723636627197266,0.041666666666666664,10.0,0.9896410703659058
R01050,0.36856165528297424,3.0,0.38906076550483704,1.0556163787841797,5.785955429077148,1.7469937801361084,0.0703125,31.941679000854492,3.300661563873291,32.73343276977539,0.03125,11.0,0.9998894929885864
R01051,0.19064004719257355,2.3333332538604736,0.2886609733104706,1.49113929271698,8.28834342956543,2.5137059688568115,0.07175925925925926,1.6934430599212646,3.019387722015381,24.665536880493164,0.05324074074074074,1.0,0.9770939946174622
R01052,0.1255190223455429,1.0,0.08197622001171112,0.6665840148925781,4.700984001159668,1.4899139404296875,0.052083333333333336,0.6938120722770691,3.5308854579925537,47.39855194091797,0.019345238095238096,5.0,0.9858248829841614
R01053,0.3346787691116333,1.6666666269302368,0.12927764654159546,0.3872503936290741,3.5171701908111572,2.177079200744629,0.043154761904761904,3.8286380767822266,2.217252016067505,23.329008102416992,0.03422619047619048,8.0,0.9974512457847595
R01054,0.47345200181007385,3.0,0.4127125144004822,0.8690415024757385,3.6458740234375,1.4287248849868774,0.08035714285714286,38.5848388671875,2.3842556476593018,11.679327964782715,0.0744047619047619,31.0,0.9942407608032227
R01055,0.634179413318634,3.0,0.33933576941490173,0.5354767441749573,3.211505889892578,0.6199800372123718,0.041666666666666664,19.39768409729004,2.5157508850097656,24.253379821777344,0.03720238095238095,2.0,0.9721724390983582
R01056,0.42063629627227783,2.0,0.16152043640613556,0.38646644353866577,2.930875301361084,1.0438857078552246,0.043154761904761904,8.170845031738281,2.5017690658569336,33.93415451049805,0.022321428571428572,34.0,0.9943546056747437
R01057,0.24829424917697906,2.3333332538604736,0.3453476130962372,1.3837227821350098,5.896657943725586,1.6202561855316162,0.06994047619047619,17.54239273071289,3.640855550765991,41.04676818847656,0.03273809523809524,1.0,0.9722409248352051
R01058,0.8812499046325684,4.666666507720947,0.9934772253036499,1.1166340112686157,3.5460519790649414,0.672085702419281,0.019345238095238096,49.02661895751953,1.5385996103286743,6.5342512130737305,0.07142857142857142,21.0,0.9952080845832825
R01059,0.1255081295967102,1.6666666269302368,0.21202370524406433,1.635931372642517,11.186898231506348,3.0294406414031982,0.046031746031746035,4.8131794929504395,6.374467849731445,103.94381713867188,0.015873015873015872,24.0,0.9962576031684875
R01060,0.6021734476089478,3.0,0.3079637289047241,0.5112188458442688,2.895268201828003,0.33615642786026,0.028273809523809524,21.48210906982422,1.3495500087738037,12.490966796875,0.022321428571428572,0.0,0.0
R01061,0.6908547282218933,4.666666507720947,0.6044027805328369,0.8748611211776733,3.6191720962524414,1.1960679292678833,0.07118055555555555,129.6457977294922,2.9198782444000244,16.74005699157715,0.0625,0.0,0.0
R01062,0.25807932019233704,1.6666666269302368,0.14618533849716187,0.563706636428833,3.6853959560394287,1.9569586515426636,0.05654761904761905,1.371008038520813,3.554110527038574,33.19834518432617,0.044642857142857144,18.0,0.9963098168373108
R01063,0.37023141980171204,3.0,0.454646497964859,1.2140748500823975,5.592827796936035,1.7277077436447144,0.06101190476190476,29.762216567993164,2.5078296661376953,26.28537368774414,0.05505952380952381,2.0,0.9850335717201233
R01064,0.6103533506393433,2.3333332538604736,0.24585971236228943,0.4049082398414612,2.5700764656066895,1.350637674331665,0.06101190476190476,10.6096830368042,2.5698118209838867,44.74188232421875,0.02976190476190476,0.0,0.0
R01065,0.30766719579696655,2.0,0.22058439254760742,0.7190932035446167,3.652582883834839,0.7022823095321655,0.03720238095238095,4.1399102210998535,1.7045812606811523,9.002899169921875,0.08035714285714286,5.0,0.999133825302124
R01066,0.3975231945514679,3.6666667461395264,0.44865885376930237,1.128632664680481,5.431567192077637,1.9486876726150513,0.0859375,59.26267623901367,2.8545234203338623,18.27945899963379,0.05859375,73.0,0.9961104393005371
R01067,0.30456098914146423,3.3333332538604736,0.6120912432670593,1.9882136583328247,9.459203720092773,2.239804744720459,0.0818452380952381,21.80582046508789,3.117172956466675,21.625240325927734,0.041666666666666664,0.0,0.0
R01068,0.28346607089042664,3.0,0.41404861211776733,1.4441847801208496,7.173479080200195,2.0141406059265137,0.08333333333333333,32.51328659057617,3.175841808319092,28.166624069213867,0.050595238095238096,2.0,0.9777146577835083
R01069,0.31790581345558167,3.0,0.4003037214279175,1.2591854333877563,7.366298198699951,1.8676124811172485,0.06510416666666667,21.984899520874023,3.5567984580993652,47.65433120727539,0.029947916666666668,0.0,0.0
R01070,0.4294370114803314,2.0,0.2444067746400833,0.5750629901885986,3.0583014488220215,0.8641190528869629,0.03571428571428571,10.783700942993164,2.242063283920288,20.231910705566406,0.04017857142857143,4.0,0.9888127446174622
R01071,0.5366122126579285,2.0,0.15216021239757538,0.2838147282600403,2.3637256622314453,1.6461472511291504,0.046130952380952384,17.319225311279297,1.1174769401550293,12.766951560974121,0.047619047619047616,0.0,0.0
R01072,0.12572824954986572,1.3333333730697632,0.17306393384933472,1.383658528327942,7.471956729888916,2.3740978240966797,0.07589285714285714,0.62846440076828,4.516951084136963,76.48138427734375,0.020833333333333332,3.0,0.9795553684234619
R01073,0.3172595798969269,2.0,0.21339555084705353,0.6726190447807312,5.042966842651367,2.7700440883636475,0.05381944444444445,9.603875160217285,3.2748329639434814,32.138633728027344,0.041666666666666664,0.0,0.0
R01074,0.24713322520256042,3.0,0.3986278474330902,1.587023377418518,7.685093879699707,1.4779362678527832,0.07142857142857142,27.12686538696289,2.2761802673339844,21.298770904541016,0.05654761904761905,2.0,0.9956880211830139
R01075,0.3675602674484253,3.0,0.41707369685173035,1.1325373649597168,6.7426276206970215,2.7412588596343994,0.07291666666666667,1.9861555099487305,3.376638174057007,54.668495178222656,0.04017857142857143,10.0,0.9902932047843933
R01076,0.23844923079013824,2.0,0.19908425211906433,0.8359292149543762,4.420296669006348,1.335819959640503,0.052083333333333336,3.9606752395629883,1.9657540321350098,16.687644958496094,0.050595238095238096,10.0,0.9969778060913086
R01077,0.14666883647441864,2.0,0.257189005613327,1.7271963357925415,7.791225910186768,1.7716751098632812,0.07886904761904762,7.625916481018066,2.7923834323883057,24.1375789642334,0.046130952380952384,1.0,0.996343195438385
R01078,0.20704272389411926,2.0,0.2950763404369354,1.4483658075332642,6.789056301116943,2.0368356704711914,0.08779761904761904,5.085946083068848,3.439699172973633,39.426029205322266,0.04017857142857143,17.0,0.9940339922904968
R01079,0.33563026785850525,2.0,0.22060507535934448,0.6564781069755554,3.1337032318115234,0.8022208213806152,0.0484375,15.121564865112305,2.488088369369507,19.3685359954834,0.0484375,2.0,0.9784467220306396
R01080,0.1923641711473465,3.0,0.40517210960388184,2.1062655448913574,8.768994331359863,2.0293445587158203,0.08984375,14.589970588684082,2.766892433166504,24.612159729003906,0.0625,2.0,0.9943428635597229
R01081,0.4122423827648163,2.0,0.2439095675945282,0.588106095790863,5.082125663757324,1.932830810546875,0.043154761904761904,11.338841438293457,3.057638645172119,39.415523529052734,0.022321428571428572,3.0,0.9788004159927368
R01082,0.2747539281845093,2.0,0.30775463581085205,1.1305615901947021,5.7662787437438965,1.2830010652542114,0.046130952380952384,7.077399253845215,2.5241260528564453,22.70550537109375,0.05357142857142857,1.0,0.9726123213768005
R01083,0.08597896993160248,1.6666666269302368,0.21321165561676025,2.521153688430786,16.817026138305664,3.5926506519317627,0.044642857142857144,3.067687511444092,3.859473466873169,57.35114669799805,0.03571428571428571,14.0,0.9982635974884033
R01084,0.0921824723482132,2.0,0.2222030758857727,2.322758674621582,19.3787841796875,2.8298752307891846,0.07589285714285714,10.790081024169922,4.400039196014404,81.42259979248047,0.028273809523809524,31.0,0.9999999403953552
R01085,0.5305708646774292,3.0,0.3425538241863251,0.6435601115226746,3.365415096282959,1.7480734586715698,0.06845238095238096,14.196707725524902,2.4192848205566406,15.588787078857422,0.06398809523809523,0.0,0.0
R01086,0.26785698533058167,1.6666666269302368,0.1866004317998886,0.7024495005607605,4.847719669342041,2.1971733570098877,0.07142857142857142,6.334723949432373,4.2769598960876465,83.31564331054688,0.019345238095238096,11.0,0.992150604724884
R01087,0.18558648228645325,1.6666666269302368,0.17743201553821564,1.0007669925689697,8.245611190795898,2.9152445793151855,0.049107142857142856,2.939152240753174,5.095371246337891,92.5722885131836,0.020833333333333332,1.0,0.9749279618263245
R01088,0.5030568242073059,2.0,0.19768179953098297,0.39126402139663696,2.5758750438690186,1.8237404823303223,0.07738095238095238,17.896522521972656,1.20432710647583,8.331819534301758,0.05803571428571429,19.0,0.992201030254364
R01089,0.38622263073921204,2.0,0.2783641517162323,0.7207332253456116,3.8458337783813477,0.5336862206459045,0.029513888888888888,13.40561580657959,2.555697202682495,26.744821548461914,0.03819444444444445,4.0,0.980968177318573
R01090,1.0183885097503662,5.0,0.5276119112968445,0.5172377824783325,2.3742549419403076,0.0602421872317791,0.023809523809523808,159.87188720703125,1.1253844499588013,7.222805976867676,0.044642857142857144,11.0,0.9885453581809998
R01091,0.1959984004497528,1.6666666269302368,0.22162149846553802,1.1305270195007324,6.177187442779541,1.9253793954849243,0.05952380952380952,2.4411845207214355,2.6734838485717773,20.043792724609375,0.05357142857142857,6.0,0.9942764043807983
R01092,0.1191096380352974,2.0,0.19042855501174927,1.5801751613616943,9.019207000732422,2.637723445892334,0.0625,5.9789509773254395,3.4524598121643066,32.06850051879883,0.046130952380952384,3.0,0.9911778569221497
R01093,0.601708173751831,3.0,0.3277840316295624,0.5454133749008179,2.844191551208496,1.326420545578003,0.06845238095238096,29.16586685180664,1.912034273147583,10.479157447814941,0.06696428571428571,2.0,0.9806167483329773
R01094,0.5067492723464966,3.0,0.41293513774871826,0.8061806559562683,3.9497573375701904,0.9616824984550476,0.04625,37.83721923828125,2.5380451679229736,21.184213638305664,0.0425,2.0,0.977944016456604
R01095,0.41153231263160706,2.0,0.19303688406944275,0.47179004549980164,3.2324671745300293,1.3241750001907349,0.03125,5.106384754180908,1.76595139503479,17.664331436157227,0.043154761904761904,0.0,0.0
R01096,1.2086697816848755,5.0,0.5370466709136963,0.4443604648113251,1.9061249494552612,-0.13218815624713898,0.001488095238095238,149.17799377441406,0.9964761734008789,4.457030296325684,0.050595238095238096,0.0,0.0
R01097,0.3195306956768036,2.0,0.28542831540107727,0.8920321464538574,5.167023658752441,1.6178784370422363,0.047619047619047616,4.231723308563232,3.5611743927001953,43.581668853759766,0.03720238095238095,2.0,0.9755309820175171
R01098,1.0624052286148071,5.0,0.44783589243888855,0.4215298593044281,2.193208694458008,1.0115240812301636,0.0859375,136.52603149414062,1.170559048652649,8.310405731201172,0.022135416666666668,11.0,0.9905335903167725
R01099,0.32969582080841064,2.0,0.2542884945869446,0.7713467478752136,3.43819522857666,0.5178201198577881,0.035,5.947736740112305,2.3838114738464355,22.74755859375,0.05125,0.0,0.0
R01100,0.2111605554819107,2.0,0.23731786012649536,1.1135371923446655,6.167645454406738,1.8180509805679321,0.047619047619047616,0.22875240445137024,2.8504228591918945,27.20378303527832,0.03869047619047619,55.0,0.9986901879310608
R01101,0.373649924993515,2.0,0.19266122579574585,0.5156182646751404,3.4891152381896973,1.1296395063400269,0.041666666666666664,2.3706018924713135,3.6187846660614014,46.06379699707031,0.022569444444444444,8.0,0.9781438112258911
R01102,0.42374587059020996,3.6666667461395264,0.4987812936306,1.17707359790802,6.382175922393799,2.4802050590515137,0.06380208333333333,61.168575286865234,3.5480546951293945,22.55032730102539,0.044270833333333336,1.0,0.9724394083023071
R01103,0.2160395383834839,2.6666667461395264,0.4237533211708069,1.9362059831619263,12.111604690551758,2.621955156326294,0.08630952380952381,11.2596435546875,3.7445573806762695,52.83333206176758,0.028273809523809524,10.0,0.9918416142463684
R01104,1.0269229412078857,4.0,0.3930445611476898,0.38284701108932495,1.7286938428878784,-0.3742058277130127,0.0,105.18254852294922,0.8206043243408203,6.583278656005859,0.019345238095238096,2.0,0.977070689201355
R01105,0.5014433860778809,3.0,0.33544033765792847,0.6697625517845154,3.591660261154175,1.3203120231628418,0.061079545454545456,18.44792938232422,2.3921895027160645,16.549514770507812,0.05113636363636364,0.0,0.0
R01106,0.2922004461288452,2.0,0.26573121547698975,0.9113993048667908,4.905744552612305,2.117079496383667,0.07589285714285714,6.634512901306152,4.05120849609375,44.8015251159668,0.03422619047619048,7.0,0.9843254089355469
R01107,0.478289395570755,2.6666667461395264,0.31881365180015564,0.6685687303543091,3.831624746322632,1.7552000284194946,0.05505952380952381,17.94925880432129,3.2639145851135254,22.95684051513672,0.046130952380952384,0.0,0.0
R01108,0.11176817119121552,1.3333333730697632,0.16079634428024292,1.4278628826141357,10.117127418518066,2.975754737854004,0.06101190476190476,0.4611952602863312,3.318756341934204,44.0316162109375,0.041666666666666664,13.0,0.9885824918746948
R01109,0.48076191544532776,3.0,0.3425692319869995,0.7089632153511047,3.3300042152404785,1.4030689001083374,0.0744047619047619,22.308795928955078,2.0678820610046387,15.700817108154297,0.06101190476190476,0.0,0.0
R01110,0.30985477566719055,2.6666667461395264,0.37576448917388916,1.2127078771591187,7.282454490661621,1.8715258836746216,0.059895833333333336,21.47965431213379,3.707890272140503,51.56694412231445,0.02734375,0.0,0.0
R01111,0.6105989217758179,3.3333332538604736,0.4371511936187744,0.7106012105941772,2.8827712535858154,0.9147341847419739,0.05803571428571429,43.83881378173828,2.1710171699523926,14.489620208740234,0.05505952380952381,1.0,0.9703904986381531
R01112,0.37312597036361694,2.0,0.17606966197490692,0.46949905157089233,3.162191152572632,1.965147614479065,0.050595238095238096,7.6780548095703125,3.4848523139953613,24.219465255737305,0.041666666666666664,10.0,0.9875786900520325
R01113,0.4210388660430908,3.0,0.259745329618454,0.6109441518783569,3.752470016479492,0.9210405349731445,0.028273809523809524,15.292137145996094,2.525635242462158,31.36285400390625,0.026785714285714284,1.0,0.9883179068565369
R01114,0.3026995360851288,3.3333332538604736,0.42478036880493164,1.3881852626800537,6.995577335357666,2.0098490715026855,0.08630952380952381,33.820735931396484,3.145766019821167,26.751270294189453,0.052083333333333336,6.0,0.9874018430709839
R01115,0.5072414875030518,3.0,0.38177984952926636,0.7457022070884705,3.339939594268799,0.906566321849823,0.044642857142857144,43.5457763671875,2.3705661296844482,26.709980010986328,0.03720238095238095,0.0,0.0
R01116,0.5320802927017212,2.6666667461395264,0.28995102643966675,0.5403417944908142,2.845693826675415,1.3681838512420654,0.07375,16.565170288085938,2.0921950340270996,16.189069747924805,0.05625,0.0,0.0
R01117,0.3155849874019623,2.0,0.30780526995658875,0.9768694043159485,5.5239458084106445,1.6033517122268677,0.050595238095238096,4.140419960021973,3.717421054840088,42.37671661376953,0.02976190476190476,3.0,0.979777455329895
R01118,0.7492066621780396,3.0,0.3901073932647705,0.5198503732681274,3.565700054168701,0.6769636869430542,0.03125,13.91393756866455,1.8265836238861084,25.484474182128906,0.046130952380952384,3.0,0.9741935729980469
R01119,0.6446520090103149,3.6666667461395264,0.5005221962928772,0.7742546200752258,2.8339576721191406,1.2629998922348022,0.07886904761904762,25.4869441986084,1.6239619255065918,5.960625171661377,0.08482142857142858,1.0,0.9710823893547058
R01120,0.911935567855835,4.0,0.40392234921455383,0.44404569268226624,3.2751002311706543,0.7283270359039307,0.025297619047619048,54.574684143066406,1.060115098953247,6.499671459197998,0.052083333333333336,0.0,0.0
R01121,0.4648905396461487,3.0,0.3821612298488617,0.8191797137260437,3.140655755996704,0.49275726079940796,0.017857142857142856,19.39111328125,1.9768462181091309,13.051591873168945,0.05357142857142857,19.0,0.9915661811828613
R01122,0.270045667886734,2.0,0.3009639382362366,1.1061705350875854,6.140066146850586,2.615523338317871,0.052083333333333336,6.727128028869629,3.348668098449707,32.44575119018555,0.028273809523809524,185.0,0.9991593956947327
R01123,0.15967489778995514,1.3333333730697632,0.1514132171869278,0.9381226301193237,5.3144121170043945,1.5689795017242432,0.049107142857142856,1.3284244537353516,3.875154972076416,51.10157775878906,0.02976190476190476,17.0,0.9983459711074829
R01124,0.5301177501678467,2.3333332538604736,0.2906186282634735,0.5462429523468018,2.2118184566497803,-0.2609858512878418,0.001488095238095238,17.47072982788086,1.0137910842895508,6.1813063621521,0.03273809523809524,10.0,0.9891473054885864
R01125,0.2550846040248871,1.6666666269302368,0.13529686629772186,0.5303979516029358,3.2502877712249756,1.1752830743789673,0.04513888888888889,2.1569318771362305,3.137773275375366,44.28535461425781,0.019097222222222224,14.0,0.9910750985145569
R01126,0.4845118522644043,3.0,0.4218539893627167,0.8604910373687744,3.355816602706909,0.6843950748443604,0.03720238095238095,22.814863204956055,2.1880128383636475,13.223505973815918,0.06547619047619048,0.0,0.0
R01127,0.280123770236969,4.0,0.5784278512001038,2.0648932456970215,10.042491912841797,1.9311977624893188,0.09244791666666667,46.4217414855957,2.4552955627441406,17.328401565551758,0.06770833333333333,0.0,0.0
R01128,0.36969664692878723,2.6666667461395264,0.4573889672756195,1.2211612462997437,4.45670747756958,1.1065887212753296,0.05654761904761905,2.0946085453033447,1.8470810651779175,11.787951469421387,0.05505952380952381,3.0,0.9749675989151001
R01129,0.28459373116493225,1.3333333730697632,0.133640319108963,0.46839702129364014,4.641264915466309,1.510728120803833,0.044642857142857144,2.255208969116211,4.583734512329102,113.29888153076172,0.008928571428571428,0.0,0.0
R01130,0.30631792545318604,2.0,0.2717369496822357,0.8844399452209473,4.7316999435424805,2.0944948196411133,0.06696428571428571,7.2133708000183105,2.435532569885254,10.92168140411377,0.07886904761904762,0.0,0.0
R01131,0.28914836049079895,3.3333332538604736,0.42659443616867065,1.4599227905273438,6.7086358070373535,1.9464131593704224,0.08928571428571429,33.820831298828125,3.054100751876831,25.35103416442871,0.049107142857142856,5.0,0.9872174859046936
R01132,0.48330289125442505,3.0,0.305401086807251,0.6310361623764038,3.530522346496582,1.2135165929794312,0.047619047619047616,2.6892077922821045,1.6251732110977173,16.79726791381836,0.043154761904761904,9.0,0.9927154183387756
R01133,0.5012510418891907,2.6666667461395264,0.26888665556907654,0.5404451489448547,2.5595285892486572,0.9510369300842285,0.05803571428571429,14.604134559631348,2.012267589569092,13.916324615478516,0.07738095238095238,0.0,0.0
R01134,0.28137698769569397,3.0,0.497683048248291,1.751825213432312,9.471354484558105,2.466986656188965,0.06696428571428571,19.040376663208008,3.6099352836608887,31.462913513183594,0.043154761904761904,0.0,0.0
R01135,0.3397561311721802,3.0,0.4848729372024536,1.4271161556243896,4.500188827514648,1.4859580993652344,0.11979166666666667,7.190305709838867,1.9345053434371948,9.584092140197754,0.052083333333333336,2.0,0.976459801197052
R01136,0.22520661354064941,2.0,0.234048992395401,1.014610767364502,5.454073429107666,1.76271653175354,0.05514705882352941,4.714693069458008,4.38150691986084,52.86787414550781,0.02389705882352941,9.0,0.9913073182106018
R01137,0.5114465355873108,3.0,0.3754820227622986,0.7335025072097778,4.2999796867370605,1.713762640953064,0.05952380952380952,38.59227752685547,2.4954679012298584,18.444759368896484,0.052083333333333336,10.0,0.988038182258606
R01138,0.27000027894973755,1.6666666269302368,0.19343718886375427,0.7206277251243591,5.1102752685546875,1.774184226989746,0.0575,2.1352379322052,4.163946628570557,64.25807189941406,0.015,2.0,0.9724594354629517
R01139,0.4101772904396057,2.3333332538604736,0.27277809381484985,0.6637693643569946,3.719757080078125,1.6939942836761475,0.06101190476190476,5.559293270111084,3.240640640258789,35.97909927368164,0.044642857142857144,3.0,0.9826540350914001
R01140,0.26762357354164124,3.0,0.3022614121437073,1.1191695928573608,7.907915115356445,2.4707300662994385,0.06676136363636363,13.593483924865723,3.3459277153015137,41.897674560546875,0.045454545454545456,8.0,0.9934860467910767
R01141,0.8580741882324219,4.0,0.3899919390678406,0.454496294260025,2.8342113494873047,1.3812892436981201,0.052083333333333336,140.8994903564453,2.5934667587280273,21.75684928894043,0.046875,1.0,0.9711661338806152
R01142,0.18811428546905518,1.6666666269302368,0.1764630526304245,0.9323682188987732,8.441449165344238,3.765232801437378,0.046130952380952384,0.8505011796951294,2.387498140335083,30.29854393005371,0.03422619047619048,4.0,0.9802291989326477
R01143,0.16771270334720612,1.6666666269302368,0.20377551019191742,1.215019702911377,7.20473575592041,2.092892646789551,0.061197916666666664,0.7407739758491516,4.296443462371826,90.6842269897461,0.020833333333333332,1.0,0.9800345301628113
R01144,0.2590979039669037,1.6666666269302368,0.1767222285270691,0.6882688999176025,4.200173377990723,1.2289626598358154,0.047619047619047616,3.1666529178619385,3.448958158493042,38.80315399169922,0.041666666666666664,6.0,0.999330997467041
R01145,0.4916881322860718,2.3333332538604736,0.3275614380836487,0.6624929308891296,3.49263072013855,1.1133970022201538,0.0625,6.927989959716797,3.6459529399871826,28.694080352783203,0.03720238095238095,10.0,0.9834093451499939
R01146,0.38979217410087585,3.0,0.39264586567878723,1.0073186159133911,5.190219402313232,1.6243329048156738,0.0625,21.78499412536621,2.7468481063842773,27.53173065185547,0.040364583333333336,8.0,0.994015634059906
R01147,0.4530428647994995,3.0,0.4131081998348236,0.911850094795227,3.7305521965026855,0.3694944381713867,0.0224609375,29.934791564941406,1.781907320022583,19.188045501708984,0.0419921875,11.0,0.9941655397415161
R01148,0.11400758475065231,1.0,0.09630731493234634,0.8376210927963257,4.054245948791504,0.8915678858757019,0.052083333333333336,0.348281592130661,2.553269386291504,37.13279724121094,0.03422619047619048,58.0,0.9971828460693359
R01149,0.39982542395591736,2.0,0.24093234539031982,0.6096872687339783,3.0634937286376953,1.1056430339813232,0.052083333333333336,4.570717811584473,2.5347442626953125,19.80784797668457,0.047619047619047616,14.0,0.9936944842338562
R01150,0.4179128110408783,3.0,0.3737511932849884,0.8866921663284302,4.012714385986328,1.5861457586288452,0.07291666666666667,19.411922454833984,2.168858289718628,11.457082748413086,0.06845238095238096,1.0,0.9771983027458191
R01151,0.6187501549720764,3.3333332538604736,0.386496901512146,0.6246403455734253,4.0161967277526855,0.964156985282898,0.041666666666666664,31.93745994567871,2.0026614665985107,29.19626808166504,0.03819444444444445,86.0,0.9983484745025635
R01152,0.6438344717025757,3.0,0.30500105023384094,0.47542503476142883,2.5050859451293945,0.9250769019126892,0.0525,21.393823623657227,1.478632926940918,16.616716384887695,0.0425,1.0,0.9808046221733093
R01153,0.269887238740921,2.3333332538604736,0.3307856619358063,1.243054986000061,5.8093109130859375,1.4784890413284302,0.0625,14.579981803894043,3.1466076374053955,30.65428924560547,0.03869047619047619,10.0,0.9990077614784241
R01154,0.5076719522476196,2.0,0.2088777720928192,0.4103533923625946,2.4256458282470703,0.5340346097946167,0.03125,8.120988845825195,1.6991022825241089,8.13733196258545,0.07589285714285714,9.0,0.997303307056427
R01155,0.16175276041030884,1.3333333730697632,0.14555619657039642,0.8998627662658691,8.204745292663574,2.667910099029541,0.046875,1.1435757875442505,9.40450668334961,189.45364379882812,0.005208333333333333,13.0,0.9971495866775513
R01156,0.29498374462127686,2.0,0.24988864362239838,0.842272937297821,4.401959419250488,1.4236427545547485,0.05357142857142857,7.700217247009277,2.813807249069214,24.217540740966797,0.04017857142857143,17.0,0.986253559589386
R01157,0.21573738753795624,1.0,0.07655853778123856,0.3547932505607605,3.809095621109009,2.3956079483032227,0.026785714285714284,1.6616290807724,3.3342936038970947,54.360496520996094,0.011904761904761904,15.0,0.9862791895866394
R01158,1.6659719944000244,6.0,0.5125461220741272,0.3079066872596741,1.71089506149292,-0.7306344509124756,0.003676470588235294,312.9381103515625,0.710396945476532,2.8568129539489746,0.03125,0.0,0.0
R01159,0.6526453495025635,3.6666667461395264,0.49866145849227905,0.7630167603492737,4.102262496948242,0.9979051947593689,0.04017857142857143,24.706100463867188,1.587071180343628,9.694482803344727,0.05654761904761905,262.0,0.9937601089477539
R01160,0.9371976852416992,4.666666507720947,0.5627740621566772,0.6004852056503296,2.7248334884643555,0.04408513382077217,0.018229166666666668,126.06884765625,1.4794542789459229,9.250429153442383,0.048177083333333336,1.0,0.9768907427787781
R01161,0.4098269045352936,3.0,0.4059159457683563,0.9989084601402283,6.499850273132324,2.813305377960205,0.05803571428571429,35.488426208496094,4.239758491516113,37.961307525634766,0.044642857142857144,3.0,0.9801857471466064
R01162,0.5817276239395142,2.6666667461395264,0.26516541838645935,0.4554944634437561,2.8942713737487793,0.7359283566474915,0.03720238095238095,18.271728515625,2.0475873947143555,18.616037368774414,0.02976190476190476,1.0,0.9759820699691772
R01163,0.4572276175022125,2.6666667461395264,0.32059183716773987,0.6972945332527161,4.07462739944458,1.2716134786605835,0.05505952380952381,9.957178115844727,2.3739869594573975,18.339048385620117,0.046130952380952384,0.0,0.0
R01164,0.17322951555252075,1.3333333730697632,0.13868840038776398,0.7977632880210876,6.9917683601379395,3.069695234298706,0.06101190476190476,1.6786161661148071,5.1092000007629395,94.0382308959961,0.01636904761904762,1.0,0.9868329167366028
R01165,0.6974930763244629,2.3333332538604736,0.19821849465370178,0.28298553824424744,1.8189455270767212,0.06333127617835999,0.017857142857142856,12.680641174316406,1.57398521900177,11.995060920715332,0.06398809523809523,0.0,0.0
R01166,0.6626778841018677,3.6666667461395264,0.41929563879966736,0.6286401748657227,3.2040205001831055,1.0843833684921265,0.05803571428571429,38.823638916015625,1.8024394512176514,13.370192527770996,0.06398809523809523,0.0,0.0
R01167,0.623862624168396,4.0,0.6391606330871582,1.0228099822998047,4.417848110198975,1.8141895532608032,0.07142857142857142,32.682151794433594,2.2568836212158203,13.490189552307129,0.06101190476190476,0.0,0.0
R01168,0.6576521992683411,3.0,0.45950159430503845,0.69269859790802,2.9296138286590576,0.2882939577102661,0.010416666666666666,47.88987350463867,1.4297139644622803,7.570375919342041,0.06101190476190476,0.0,0.0
R01169,0.2912253737449646,3.0,0.3771277964115143,1.2642724514007568,7.4708123207092285,2.769909620285034,0.047619047619047616,22.62607765197754,3.6005141735076904,28.94584083557129,0.03571428571428571,53.0,0.9983099699020386
R01170,0.5910305976867676,3.0,0.31307950615882874,0.5303377509117126,3.0873591899871826,0.4714656174182892,0.023809523809523808,22.935495376586914,1.544083833694458,15.428716659545898,0.03125,0.0,0.0
R01171,0.31466710567474365,3.0,0.391671359539032,1.2477970123291016,7.539375305175781,2.2765138149261475,0.06994047619047619,32.868865966796875,3.4485485553741455,36.54277420043945,0.03869047619047619,2.0,0.9870189428329468
R01172,0.7578988671302795,2.3333332538604736,0.20931068062782288,0.2783334255218506,1.7258338928222656,0.27262887358665466,0.025297619047619048,15.490578651428223,1.4670908451080322,9.550990104675293,0.05505952380952381,1.0,0.9888405799865723
R01173,0.39481663703918457,2.0,0.280129611492157,0.7098345160484314,3.5831639766693115,1.548793077468872,0.052083333333333336,7.215622901916504,2.2584216594696045,12.347555160522461,0.06845238095238096,5.0,0.9854989647865295
R01174,0.23790554702281952,1.6666666269302368,0.20707526803016663,0.8676207661628723,5.8361005783081055,1.8578250408172607,0.03869047619047619,3.8519792556762695,4.694985389709473,48.968597412109375,0.022321428571428572,2.0,0.98570317029953
R01175,0.8973533511161804,4.0,0.3933825194835663,0.4383804202079773,2.202655792236328,1.2221195697784424,0.10546875,90.76751708984375,1.2470825910568237,6.812719821929932,0.052083333333333336,6.0,0.992290198802948
R01176,1.1494210958480835,4.666666507720947,0.3967342674732208,0.34515973925590515,1.7428367137908936,-0.3888187110424042,0.0026041666666666665,283.516845703125,0.959761381149292,4.781764984130859,0.055989583333333336,0.0,0.0
R01177,0.5848040580749512,3.0,0.3605346083641052,0.6165038347244263,2.6167237758636475,0.4772842824459076,0.041666666666666664,32.07259750366211,1.55836820602417,8.475595474243164,0.05859375,5.0,0.999455451965332
R01178,0.47379815578460693,3.0,0.25081926584243774,0.5251624584197998,2.8871378898620605,0.7399214506149292,0.04125,56.16685485839844,3.3870010375976562,34.72062301635742,0.025,14.0,0.9868201613426208
R01179,0.39892101287841797,2.0,0.272043913602829,0.6788925528526306,4.430532932281494,0.9330988526344299,0.046130952380952384,13.47362232208252,2.2767138481140137,25.24568748474121,0.041666666666666664,3.0,0.9946913123130798
R01180,0.6157880425453186,3.3333332538604736,0.4674461781978607,0.7591012120246887,2.926462173461914,0.5435037612915039,0.015625,40.183631896972656,1.4157344102859497,7.478993892669678,0.05859375,5.0,0.9896520972251892
R01181,0.2897712290287018,2.3333332538604736,0.3274126946926117,1.1247581243515015,6.456827640533447,2.808364152908325,0.05505952380952381,8.46021842956543,3.9138951301574707,48.91608428955078,0.026785714285714284,880.0,0.9994450211524963
R01182,0.33450576663017273,2.0,0.18009300529956818,0.5383838415145874,2.8804855346679688,0.8985610604286194,0.045572916666666664,3.4638307094573975,2.121913194656372,16.91180419921875,0.06901041666666667,6.0,0.9801431894302368
R01183,0.21869905292987823,1.3333333730697632,0.11713679879903793,0.5337803363800049,3.374655246734619,1.0699059963226318,0.049107142857142856,0.9458365440368652,3.065032720565796,46.7610969543457,0.02976190476190476,0.0,0.0
R01184,0.32423731684684753,2.3333332538604736,0.3470388352870941,1.0656431913375854,4.901883125305176,1.8202263116836548,0.0744047619047619,6.433112621307373,2.7762787342071533,16.73069190979004,0.06547619047619048,6.0,0.9911056160926819
R01185,0.6941190361976624,5.0,0.5872270464897156,0.839497447013855,3.978856086730957,1.3315061330795288,0.05505952380952381,121.80847930908203,2.48856782913208,14.202808380126953,0.06101190476190476,9.0,0.9901568293571472
R01186,0.3062087893486023,1.6666666269302368,0.13297714293003082,0.4333566725254059,2.8897109031677246,1.6058622598648071,0.06994047619047619,2.3810019493103027,1.8064653873443604,29.56896209716797,0.04017857142857143,9.0,0.9856489896774292
R01187,0.2733653783798218,2.0,0.24856984615325928,0.9057482481002808,4.929619312286377,1.359726905822754,0.044642857142857144,5.932549476623535,5.002645969390869,58.53846740722656,0.017857142857142856,74.0,0.9971238970756531
R01188,0.7786893844604492,3.6666667461395264,0.4130716919898987,0.526339590549469,3.0220978260040283,0.5702478289604187,0.03571428571428571,27.92165184020996,2.346503496170044,20.828805923461914,0.04017857142857143,0.0,0.0
R01189,0.10335023701190948,1.0,0.1116860881447792,1.090389609336853,8.78414535522461,2.6162936687469482,0.02976190476190476,0.7890210747718811,7.876377582550049,142.4475860595703,0.008928571428571428,14.0,0.9890037178993225
R01190,0.6491928696632385,3.6666667461395264,0.48723268508911133,0.7487664818763733,3.3516881465911865,1.1989011764526367,0.0625,46.41004180908203,2.3265955448150635,14.663926124572754,0.06398809523809523,0.0,0.0
R01191,0.2751080095767975,2.0,0.2592388391494751,0.9378323554992676,4.126368999481201,1.2132996320724487,0.06101190476190476,7.3213019371032715,2.03682541847229,16.146108627319336,0.05803571428571429,19.0,0.9923974275588989
R01192,0.4946233630180359,2.0,0.24431359767913818,0.49403756856918335,3.2971761226654053,1.3349995613098145,0.03422619047619048,5.760044574737549,3.3379158973693848,43.611026763916016,0.028273809523809524,0.0,0.0
R01193,0.3569174110889435,1.6666666269302368,0.1507335752248764,0.4215993285179138,2.853433132171631,1.1015335321426392,0.046130952380952384,3.750779628753662,2.147404432296753,27.227075576782227,0.02976190476190476,18.0,0.9923928380012512
R01194,0.27281689643859863,1.6666666269302368,0.1683119833469391,0.622266411781311,4.229040622711182,1.6072361469268799,0.05654761904761905,1.2763947248458862,2.6744649410247803,31.71273422241211,0.047619047619047616,171.0,0.994749128818512
R01195,0.3815358877182007,2.0,0.20733658969402313,0.5434247851371765,3.546682596206665,1.5744456052780151,0.0478515625,3.5667591094970703,2.4999477863311768,32.71620178222656,0.033203125,3.0,0.9736340641975403
R01196,0.09335823357105255,2.0,0.225327730178833,2.374685049057007,16.13754653930664,3.440817356109619,0.049107142857142856,9.879368782043457,6.543245792388916,78.20947265625,0.01636904761904762,30.0,0.9999009370803833
R01197,0.6289850473403931,3.0,0.3090699017047882,0.4876299500465393,3.2479124069213867,2.3425307273864746,0.078125,29.807878494262695,2.6122236251831055,17.12270736694336,0.06473214285714286,0.0,0.0
R01198,0.2961720824241638,2.0,0.296247661113739,0.9962887167930603,5.3740553855896,1.863753318786621,0.052083333333333336,6.516415596008301,3.2464792728424072,33.122047424316406,0.043154761904761904,7.0,0.9892441630363464
R01199,0.3550090491771698,2.6666667461395264,0.389728307723999,1.0847522020339966,4.8853678703308105,1.0528733730316162,0.05357142857142857,7.565431118011475,3.544501781463623,57.559326171875,0.026785714285714284,1.0,0.9780538082122803
R01200,0.187549889087677,2.0,0.25565382838249207,1.3622620105743408,10.93114185333252,2.5779037475585938,0.06385869565217392,6.295566558837891,4.972903728485107,80.9325180053711,0.025815217391304348,30.0,0.9900681376457214
R01201,0.1314731389284134,1.3333333730697632,0.1610947847366333,1.2252964973449707,8.95296573638916,3.6096229553222656,0.03298611111111111,5.5011396408081055,5.008068561553955,56.10572052001953,0.024305555555555556,79.0,0.9961872696876526
R01202,0.09625986963510513,1.6666666269302368,0.18565574288368225,1.9416714906692505,11.88491439819336,2.0451645851135254,0.0818452380952381,9.078268051147461,4.527203559875488,44.0540771484375,0.026785714285714284,23.0,1.0
R01203,0.28348344564437866,2.0,0.2267179638147354,0.7997545003890991,4.87676477432251,2.538909673690796,0.05555555555555555,8.411590576171875,3.9100823402404785,37.7285041809082,0.03819444444444445,9.0,0.9866705536842346
R01204,0.5482449531555176,2.6666667461395264,0.31779804825782776,0.580485463142395,3.037174701690674,0.9003252387046814,0.05505952380952381,8.666329383850098,1.9068405628204346,23.80879783630371,0.028273809523809524,7.0,0.9851552844047546
R01205,0.37813273072242737,2.0,0.2490134835243225,0.6547009944915771,3.401157855987549,1.0147714614868164,0.049107142857142856,2.4087307453155518,2.822723865509033,29.788169860839844,0.03869047619047619,1.0,0.9717935919761658
R01206,0.1329592764377594,2.0,0.19880415499210358,1.4711334705352783,7.028953552246094,1.6727135181427002,0.05803571428571429,9.53536605834961,2.950855016708374,27.380348205566406,0.046130952380952384,3.0,0.9934788942337036
R01207,0.5093705058097839,3.0,0.41544628143310547,0.815306544303894,4.386201858520508,1.7035773992538452,0.0625,34.963775634765625,3.1468417644500732,28.072086334228516,0.047619047619047616,15.0,0.9880079030990601
R01208,0.24213644862174988,1.3333333730697632,0.11778727918863297,0.49124544858932495,3.2392866611480713,1.4341886043548584,0.049107142857142856,2.1165168285369873,3.529600143432617,45.15934371948242,0.03571428571428571,14.0,0.9936804175376892
R01209,0.19445009529590607,1.3333333730697632,0.11365477740764618,0.5844902992248535,4.072963237762451,1.8456106185913086,0.046875,0.9085787534713745,3.6708219051361084,69.206298828125,0.027777777777777776,0.0,0.0
R01210,0.3667725622653961,2.0,0.112982839345932,0.308485746383667,1.5651671886444092,-1.3841722011566162,0.0,6.389904975891113,0.5838508605957031,5.630302429199219,0.01875,1.0,0.9830643534660339
R01211,0.2890000343322754,1.6666666269302368,0.21863511204719543,0.7505982518196106,3.981825590133667,0.41041961312294006,0.022321428571428572,1.013501524925232,1.8734055757522583,20.46356773376465,0.03422619047619048,3.0,0.9761623740196228
R01212,0.19974970817565918,1.3333333730697632,0.11852099001407623,0.6066844463348389,4.940501689910889,1.61928129196167,0.03422619047619048,0.5871583819389343,6.150332927703857,117.85589599609375,0.010416666666666666,17.0,0.9955267310142517
R01213,1.1580179929733276,4.0,0.15784230828285217,0.13589046895503998,1.4841996431350708,-0.08830573409795761,0.01375,93.94722747802734,0.36563265323638916,3.1500957012176514,0.03125,0.0,0.0
R01214,0.43421417474746704,2.0,0.19252638518810272,0.4500507116317749,4.119725227355957,1.7180010080337524,0.049107142857142856,2.0219764709472656,2.7566919326782227,29.855873107910156,0.050595238095238096,1.0,0.9981585741043091
R01215,0.6370237469673157,3.0,0.4127213954925537,0.6414241194725037,3.6769015789031982,1.1952661275863647,0.0515625,21.57913589477539,2.435973644256592,25.470083236694336,0.0375,26.0,0.9957982897758484
R01216,0.32258591055870056,1.6666666269302368,0.13755173981189728,0.4258151948451996,5.293479919433594,4.729847431182861,0.026785714285714284,8.139607429504395,5.398753643035889,81.45336151123047,0.011904761904761904,8.0,0.9893907904624939
R01217,0.5804312825202942,3.0,0.30986472964286804,0.5327898263931274,2.8998541831970215,1.1872984170913696,0.06696428571428571,18.894969940185547,2.3203394412994385,21.299152374267578,0.050595238095238096,1.0,0.9735627770423889
R01218,0.48411059379577637,2.3333332538604736,0.27195125818252563,0.573546290397644,2.996680498123169,1.0693928003311157,0.05357142857142857,7.25908899307251,1.4145095348358154,8.490153312683105,0.06845238095238096,0.0,0.0
R01219,0.14205783605575562,1.6666666269302368,0.16547906398773193,1.188897967338562,7.773942947387695,3.1812853813171387,0.04583333333333333,2.7764532566070557,2.6793644428253174,19.39346694946289,0.06458333333333334,17.0,0.9962024688720703
R01220,0.48222750425338745,2.0,0.17026576399803162,0.35372838377952576,2.718613386154175,0.8260650038719177,0.04017857142857143,6.492943286895752,2.960129976272583,33.32833480834961,0.026785714285714284,5.0,0.9881397485733032
R01221,1.1455968618392944,5.0,0.5865985155105591,0.5099123120307922,2.07951283454895,0.03328711912035942,0.004464285714285714,154.1768798828125,1.044970154762268,4.625848770141602,0.050595238095238096,0.0,0.0
R01222,0.3081569969654083,2.0,0.26389938592910767,0.8505467176437378,5.700045108795166,2.225904703140259,0.05654761904761905,8.569321632385254,3.525360584259033,35.202022552490234,0.041666666666666664,142.0,0.997878909111023
R01223,0.4303797781467438,3.6666667461395264,0.5742107033729553,1.3341922760009766,4.873197555541992,1.8416064977645874,0.11979166666666667,72.75100708007812,2.7764549255371094,13.617621421813965,0.08854166666666667,4.0,0.978691041469574
R01224,0.13328911364078522,1.0,0.0901259332895279,0.6757361888885498,4.693377494812012,2.489651679992676,0.05654761904761905,0.602395236492157,4.894633769989014,68.3774185180664,0.013392857142857142,1.0,0.9704417586326599
R01225,0.556430459022522,4.0,0.5977603197097778,1.0742745399475098,4.652624607086182,1.2416654825210571,0.051630434782608696,98.198974609375,2.5427663326263428,18.196239471435547,0.05298913043478261,2.0,0.9975940585136414
R01226,0.2283216118812561,3.0,0.4148670732975006,1.7936245203018188,9.624848365783691,2.7676992416381836,0.0744047619047619,33.53825759887695,3.530074119567871,32.52268600463867,0.050595238095238096,67.0,0.9898689389228821
R01227,0.36053821444511414,2.6666667461395264,0.3591112196445465,0.9977918863296509,5.673683166503906,2.4215729236602783,0.0744047619047619,2.3702144622802734,3.617388963699341,69.90070343017578,0.03720238095238095,10.0,0.9887492060661316
R01228,0.6676050424575806,3.0,0.29092124104499817,0.435983270406723,2.575282573699951,1.157580018043518,0.06101190476190476,22.359121322631836,1.4650263786315918,9.723746299743652,0.0744047619047619,0.0,0.0
R01229,0.4896502196788788,2.6666667461395264,0.3280048668384552,0.6698744297027588,3.0049021244049072,0.5583400726318359,0.024739583333333332,17.777170181274414,1.410840392112732,8.237412452697754,0.04296875,16.0,0.9978344440460205
R01230,0.6696940064430237,3.0,0.36371031403541565,0.5431340336799622,2.7751739025115967,1.292553424835205,0.06398809523809523,35.85182571411133,1.9391647577285767,10.462843894958496,0.06398809523809523,0.0,0.0
R01231,0.5295045375823975,3.6666667461395264,0.3977733254432678,0.751216471195221,4.3851094245910645,1.2187124490737915,0.044270833333333336,6.482362270355225,2.1842644214630127,20.4285888671875,0.0390625,27.0,0.9992950558662415
R01232,0.6236360669136047,4.0,0.43602627515792847,0.6991668939590454,3.9936060905456543,1.4024356603622437,0.0703125,10.502320289611816,2.7159974575042725,46.02043151855469,0.0322265625,359.0,0.9952443838119507
R01233,0.19227838516235352,2.0,0.24118289351463318,1.2602040767669678,8.51119327545166,3.0673227310180664,0.05505952380952381,8.967551231384277,4.070863246917725,45.816871643066406,0.03869047619047619,7.0,0.9981272220611572
R01234,0.6132426857948303,3.0,0.36184677481651306,0.5900537967681885,2.631795883178711,0.6199899315834045,0.014322916666666666,28.755714416503906,1.4520310163497925,8.348275184631348,0.05859375,27.0,0.9970991015434265
R01235,0.48263809084892273,3.0,0.44017642736434937,0.9090548753738403,4.9714179039001465,1.849918246269226,0.0625,33.16868591308594,3.22857403755188,27.961387634277344,0.047619047619047616,67.0,0.9929903149604797
R01236,0.33350899815559387,2.0,0.3041693866252899,0.9123905301094055,4.970062255859375,1.4392731189727783,0.057291666666666664,12.136229515075684,2.3854923248291016,17.756511688232422,0.049479166666666664,19.0,0.9831774830818176
R01237,0.14654341340065002,1.3333333730697632,0.19534529745578766,1.3195627927780151,12.538139343261719,3.3020401000976562,0.044642857142857144,2.331631898880005,4.7223944664001465,71.11752319335938,0.023809523809523808,2.0,0.9860614538192749
R01238,0.6132413148880005,3.6666667461395264,0.46095800399780273,0.7576881647109985,2.9631993770599365,0.8258281946182251,0.03422619047619048,49.618717193603516,1.6528388261795044,8.363696098327637,0.05654761904761905,13.0,0.9942829608917236
R01239,0.3713044822216034,3.3333332538604736,0.5394538640975952,1.4528570175170898,4.568445205688477,1.419912576675415,0.0954861111111111,10.057900428771973,1.859824776649475,9.735520362854004,0.04861111111111111,0.0,0.0
R01240,1.272908091545105,5.0,0.43567946553230286,0.3413001000881195,1.773302435874939,-0.2652750611305237,0.005952380952380952,519.708740234375,0.9792647361755371,4.499027729034424,0.050595238095238096,0.0,0.0
R01241,0.38828209042549133,2.0,0.22957859933376312,0.5912659764289856,4.330126762390137,1.5517514944076538,0.04296875,3.474780321121216,3.134376049041748,48.74053955078125,0.0234375,0.0,0.0
R01242,0.2666206955909729,1.6666666269302368,0.13146987557411194,0.4937747120857239,3.243535280227661,1.3273011445999146,0.047619047619047616,2.9541022777557373,4.81989860534668,62.84674072265625,0.026785714285714284,24.0,0.9915510416030884
R01243,0.060584526509046555,1.0,0.12462101131677628,2.100966691970825,14.213678359985352,2.425220012664795,0.06101190476190476,1.0864444971084595,3.922877550125122,44.18983840942383,0.026785714285714284,30.0,1.0000001192092896
R01244,0.3606426417827606,4.0,0.6077476739883423,1.6851752996444702,5.2685394287109375,1.5284769535064697,0.11805555555555555,17.50885772705078,1.9680182933807373,9.51677417755127,0.059027777777777776,23.0,0.9999997019767761
R01245,0.229509174823761,1.6666666269302368,0.2299581617116928,0.984748363494873,5.95645809173584,1.771358847618103,0.05514705882352941,4.369940757751465,4.082944869995117,54.70769119262695,0.03125,8.0,0.9978699684143066
R01246,0.22922863066196442,1.3333333730697632,0.14547738432884216,0.6350693702697754,3.4147448539733887,0.8535766005516052,0.05357142857142857,1.0703359842300415,2.807119369506836,30.91378402709961,0.026785714285714284,2.0,0.9775317311286926
R01247,0.6664036512374878,2.0,0.20803649723529816,0.3145938813686371,1.8208487033843994,0.12206293642520905,0.008928571428571428,15.260675430297852,1.5985857248306274,12.502812385559082,0.047619047619047616,0.0,0.0
R01248,0.25038138031959534,2.0,0.24870038032531738,1.007763147354126,5.116589546203613,1.6795388460159302,0.06547619047619048,5.55844259262085,2.5453388690948486,24.53510856628418,0.05357142857142857,18.0,0.9976465106010437
R01249,0.2566390931606293,2.0,0.26311931014060974,1.0302822589874268,7.236043453216553,2.015568256378174,0.050595238095238096,8.808334350585938,4.582664489746094,58.49290084838867,0.019345238095238096,40.0,0.9942004084587097
R01250,0.4073389768600464,4.0,0.5247856974601746,1.270349383354187,4.0006184577941895,1.2808475494384766,0.08482142857142858,19.9550838470459,1.7705243825912476,7.860574722290039,0.06398809523809523,2.0,0.9818419814109802
R01251,0.43940770626068115,3.0,0.4363396465778351,1.0080682039260864,6.661617279052734,2.9431989192962646,0.05505952380952381,37.92497253417969,4.3000969886779785,42.86371994018555,0.044642857142857144,7.0,0.9918637275695801
R01252,0.2857624292373657,1.6666666269302368,0.18194840848445892,0.6362950205802917,3.6177866458892822,1.380741000175476,0.06547619047619048,1.9072227478027344,3.0101706981658936,36.06344985961914,0.03125,49.0,0.995606005191803
R01253,0.4615584909915924,3.0,0.2846457064151764,0.6110842823982239,3.1650283336639404,0.6231725215911865,0.03273809523809524,16.105098724365234,2.5002024173736572,29.58746910095215,0.028273809523809524,2.0,0.9957329630851746
R01254,1.222563624382019,4.333333492279053,0.3556612432003021,0.291043758392334,1.9701415300369263,-0.8504191637039185,0.008928571428571428,103.63510131835938,0.6530595421791077,4.755345821380615,0.02976190476190476,0.0,0.0
R01255,0.2794375717639923,2.0,0.1941882073879242,0.6949225664138794,5.451778888702393,1.306143045425415,0.02734375,5.514392852783203,2.2600748538970947,21.66896629333496,0.032552083333333336,0.0,0.0
R01256,0.2938781678676605,2.0,0.26173916459083557,0.8820419311523438,4.742250919342041,1.8003125190734863,0.06101190476190476,7.03689432144165,2.4968583583831787,18.5164852142334,0.06398809523809523,7.0,0.9959213733673096
R01257,1.0293874740600586,4.0,0.43088263273239136,0.4175367057323456,2.206491231918335,0.16166071593761444,0.025297619047619048,86.80997467041016,1.1597965955734253,7.398708820343018,0.049107142857142856,0.0,0.0
R01258,0.10744807124137878,1.0,0.11812391132116318,1.0956192016601562,8.097657203674316,2.805023193359375,0.05952380952380952,0.847531259059906,4.886345386505127,70.30319213867188,0.019345238095238096,1.0,0.9784899950027466
R01259,0.37294086813926697,2.3333332538604736,0.3448524475097656,0.9188153743743896,5.6843414306640625,1.8363378047943115,0.05125,6.4763383865356445,3.0478854179382324,38.36642837524414,0.04375,0.0,0.0
R01260,0.07677696645259857,1.3333333730697632,0.17613153159618378,2.268279552459717,11.981204986572266,2.1907143592834473,0.09375,6.187070369720459,4.815528392791748,43.040008544921875,0.025297619047619048,4.0,0.9921641945838928
R01261,0.6637789607048035,3.0,0.3069923222064972,0.4633999764919281,2.5644521713256836,0.17188477516174316,0.01636904761904762,34.61637878417969,1.5766677856445312,14.893476486206055,0.03273809523809524,14.0,0.9949023723602295
R01262,0.5544916987419128,2.0,0.13821464776992798,0.2491637021303177,2.4793405532836914,1.8647456169128418,0.04017857142857143,7.119220733642578,2.044668674468994,19.46113395690918,0.043154761904761904,0.0,0.0
R01263,0.34850555658340454,2.0,0.2694053649902344,0.7724550366401672,4.300889015197754,1.2942882776260376,0.043154761904761904,14.02087688446045,3.401366949081421,37.23954772949219,0.052083333333333336,16.0,0.9962297677993774
R01264,0.3756115138530731,2.3333332538604736,0.2653528153896332,0.7068851590156555,4.571717262268066,1.8708393573760986,0.05654761904761905,15.790739059448242,3.37685489654541,32.2571907043457,0.03571428571428571,2.0,0.9827896356582642
R01265,0.39133399724960327,2.6666667461395264,0.34580767154693604,0.8753384947776794,4.773354530334473,1.4424362182617188,0.07125,14.36660385131836,2.182577610015869,11.946640968322754,0.0675,5.0,0.9876081943511963
R01266,0.7191669940948486,4.333333492279053,0.5643618106842041,0.7792069911956787,3.8921706676483154,1.168925166130066,0.047619047619047616,113.5605697631836,2.400683879852295,13.998779296875,0.0625,9.0,0.9925693869590759
R01267,0.4035379886627197,4.0,0.5397232174873352,1.323506236076355,8.304892539978027,2.5754079818725586,0.0625,27.232097625732422,2.7253377437591553,22.75461769104004,0.04625,78.0,0.9972217679023743
R01268,0.2050156593322754,2.0,0.3437328040599823,1.654996633529663,6.236326694488525,1.5414332151412964,0.07291666666666667,19.037052154541016,2.9049477577209473,20.97768211364746,0.044642857142857144,4.0,0.9788181185722351
R01269,0.31037336587905884,2.0,0.2424568384885788,0.7810642719268799,4.470400810241699,1.9116371870040894,0.07291666666666667,7.491726875305176,2.946556329727173,27.746990203857422,0.041666666666666664,16.0,0.9902199506759644
R01270,0.4490612745285034,2.0,0.2731787860393524,0.6100747585296631,3.1332290172576904,0.7324581146240234,0.041666666666666664,7.347503662109375,1.8488545417785645,13.716732025146484,0.046130952380952384,1.0,0.9814554452896118
R01271,0.44096997380256653,2.0,0.2046111524105072,0.46661829948425293,3.7474045753479004,1.6081750392913818,0.03869047619047619,5.301892280578613,1.6612656116485596,14.47993278503418,0.04017857142857143,1.0,0.9765871167182922
R01272,0.3180297911167145,2.3333332538604736,0.3306529223918915,1.032626748085022,3.9505045413970947,1.3020908832550049,0.07625,20.563249588012695,2.16532826423645,10.26870059967041,0.0725,0.0,0.0
R01273,0.3185490369796753,2.6666667461395264,0.36599817872047424,1.1414234638214111,7.543864727020264,2.4565951824188232,0.0625,8.28931713104248,3.886723518371582,34.1334342956543,0.047619047619047616,18.0,0.9932911396026611
R01274,0.5349476933479309,3.6666667461395264,0.49689796566963196,0.9288703203201294,3.3833072185516357,0.9182238578796387,0.049479166666666664,48.9152717590332,1.7342984676361084,10.091944694519043,0.08072916666666667,1.0,0.9700865149497986
R01275,0.5310409665107727,2.3333332538604736,0.28718265891075134,0.5409203767776489,3.461129903793335,1.4591394662857056,0.05357142857142857,12.053647994995117,3.4256789684295654,31.999618530273438,0.028273809523809524,6.0,0.9935396313667297
R01276,0.46473464369773865,3.0,0.3374960720539093,0.7228795886039734,3.5391390323638916,1.4651029109954834,0.07142857142857142,22.029829025268555,2.1515867710113525,15.9066801071167,0.05654761904761905,0.0,0.0
R01277,0.3229772746562958,2.0,0.20526154339313507,0.6355273723602295,3.3945133686065674,1.5777919292449951,0.08203125,6.939950466156006,2.1976494789123535,21.421552658081055,0.049479166666666664,21.0,0.9843612909317017
R01278,0.4753049612045288,3.3333332538604736,0.4302613437175751,0.9052302837371826,4.615996360778809,1.8794530630111694,0.07161458333333333,19.137388229370117,3.37730073928833,41.21505355834961,0.036458333333333336,15.0,0.9939928650856018
R01279,0.3455255925655365,2.6666667461395264,0.3931646943092346,1.1378711462020874,5.681809425354004,1.4199168682098389,0.0625,19.393898010253906,2.9788978099823,37.63161849975586,0.0390625,22.0,0.9981657862663269
R01280,0.33351534605026245,2.0,0.2513837516307831,0.7558647394180298,4.438773155212402,2.061758041381836,0.0744047619047619,4.211328506469727,3.5642402172088623,37.363075256347656,0.03273809523809524,10.0,0.9853929877281189
R01281,0.28948667645454407,2.3333332538604736,0.34313055872917175,1.1800379753112793,6.706789493560791,2.463454484939575,0.06994047619047619,8.919599533081055,3.8310890197753906,37.41164779663086,0.047619047619047616,11.0,0.9871289134025574
R01282,0.18827877938747406,1.6666666269302368,0.17945244908332825,0.9752172231674194,5.469784736633301,2.1605887413024902,0.0744047619047619,1.568287968635559,3.52325439453125,48.29132080078125,0.03720238095238095,19.0,0.9972182512283325
R01283,0.5813872814178467,2.6666667461395264,0.3344690501689911,0.5730999708175659,2.8524229526519775,0.48524510860443115,0.025297619047619048,15.453763008117676,1.2833155393600464,8.105254173278809,0.04017857142857143,0.0,0.0
R01284,0.46158942580223083,2.0,0.29296109080314636,0.6349899768829346,2.9111521244049072,-0.27475258708000183,0.010416666666666666,16.180849075317383,1.1955944299697876,7.552414894104004,0.05505952380952381,3.0,0.9772778153419495
R01285,0.14645865559577942,1.6666666269302368,0.19975529611110687,1.3610296249389648,6.766908168792725,2.062720775604248,0.08035714285714286,1.2803618907928467,4.023662567138672,40.34697341918945,0.03571428571428571,14.0,0.9917563199996948
R01286,0.5546278953552246,3.0,0.3503803312778473,0.6369916796684265,3.7295050621032715,1.2168235778808594,0.05625,31.725976943969727,2.1782376766204834,25.998489379882812,0.045,2.0,0.973223090171814
R01287,0.6760159730911255,3.6666667461395264,0.4105934500694275,0.6046637296676636,3.456815481185913,1.502875566482544,0.07738095238095238,42.283912658691406,2.1156158447265625,12.667973518371582,0.06696428571428571,1.0,0.9719131588935852
R01288,0.41702085733413696,3.0,0.49152877926826477,1.1783291101455688,5.770001411437988,1.2214338779449463,0.04017857142857143,24.02508544921875,2.5582637786865234,22.606531143188477,0.04017857142857143,6.0,0.9913710951805115
R01289,0.3356129229068756,3.0,0.4040268361568451,1.2066181898117065,5.729920387268066,2.0657012462615967,0.08779761904761904,19.45687484741211,3.0336966514587402,34.40570068359375,0.06398809523809523,58.0,0.9944304823875427
R01290,0.1013990193605423,1.0,0.12607362866401672,1.2519086599349976,9.034601211547852,2.137387752532959,0.046130952380952384,1.213987112045288,7.689864158630371,111.75712585449219,0.010416666666666666,2.0,0.976003885269165
R01291,0.4035795331001282,3.0,0.3945661187171936,0.9657124280929565,4.942066669464111,1.0681359767913818,0.046130952380952384,16.167774200439453,2.1407337188720703,14.115862846374512,0.06398809523809523,3.0,0.9855786561965942
R01292,0.3388500213623047,1.6666666269302368,0.16468453407287598,0.4852403998374939,3.2965712547302246,1.1765304803848267,0.043154761904761904,1.9323407411575317,1.8314696550369263,25.738466262817383,0.03869047619047619,24.0,0.9971276521682739
R01293,0.4354531764984131,2.0,0.17796440422534943,0.4086868464946747,3.078383207321167,1.056247591972351,0.03515625,9.92928409576416,2.092305898666382,35.7269401550293,0.01953125,0.0,0.0
R01294,0.9570955634117126,4.0,0.47144487500190735,0.490929514169693,1.9758822917938232,0.1336166262626648,0.0,132.92970275878906,0.9440640807151794,4.491072654724121,0.044642857142857144,7.0,0.9921765923500061
R01295,0.521514356136322,2.0,0.21655018627643585,0.4166812002658844,2.3732786178588867,0.46925097703933716,0.023809523809523808,4.193593502044678,2.1148312091827393,31.79955291748047,0.026785714285714284,0.0,0.0
R01296,0.3504825532436371,2.3333332538604736,0.3160378336906433,0.9151924848556519,5.051681041717529,1.5659815073013306,0.05357142857142857,7.618435859680176,3.3676912784576416,31.016090393066406,0.03422619047619048,7.0,0.9952266216278076
R01297,0.30155813694000244,2.0,0.3262777030467987,1.0837322473526,5.411497592926025,1.4932900667190552,0.05357142857142857,9.533308982849121,2.8524692058563232,30.393896102905273,0.02976190476190476,0.0,0.0
R01298,0.5201334953308105,3.0,0.3588560223579407,0.6933239102363586,3.8433241844177246,1.0812928676605225,0.052083333333333336,18.107892990112305,2.037041187286377,15.413962364196777,0.06845238095238096,3.0,0.9856838583946228
R01299,0.5541160106658936,3.0,0.39138075709342957,0.7044994831085205,3.8514442443847656,0.942938506603241,0.043154761904761904,32.5098762512207,2.0145440101623535,12.94179630279541,0.06398809523809523,9.0,0.9989254474639893
R01300,0.6308687925338745,2.6666667461395264,0.24917496740818024,0.39592063426971436,2.4439051151275635,-0.017158331349492073,0.02976190476190476,16.489152908325195,0.7869300246238708,7.017603874206543,0.03125,0.0,0.0
R01301,0.8329166173934937,3.0,0.2728971838951111,0.32792243361473083,2.2209882736206055,0.039419859647750854,0.019345238095238096,31.135141372680664,1.0243971347808838,9.982357025146484,0.049107142857142856,2.0,0.9844580292701721
R01302,0.5044230818748474,2.3333332538604736,0.23147428035736084,0.45975446701049805,3.0652925968170166,1.0754121541976929,0.043154761904761904,13.443500518798828,2.136101722717285,23.15338134765625,0.028273809523809524,10.0,0.9948780536651611
R01303,0.4844322204589844,3.6666667461395264,0.5526636838912964,1.1326979398727417,4.800238132476807,0.9701259732246399,0.043154761904761904,33.24098205566406,2.3554978370666504,22.29187774658203,0.052083333333333336,0.0,0.0
R01304,0.10150856524705887,1.3333333730697632,0.18855147063732147,1.8748193979263306,9.648733139038086,2.6352643966674805,0.07589285714285714,0.8058369755744934,5.447301387786865,98.20841979980469,0.019345238095238096,0.0,0.0
R01305,0.6487013101577759,3.3333332538604736,0.3933793902397156,0.6011115312576294,3.525207281112671,0.5143609046936035,0.03804347826086957,65.39453125,2.489182472229004,28.31290626525879,0.028532608695652172,7.0,0.9836709499359131
R01306,0.5183911919593811,2.6666667461395264,0.3173578083515167,0.6129493713378906,3.401350975036621,1.2950665950775146,0.05823863636363636,14.247095108032227,2.276341438293457,16.7492733001709,0.04971590909090909,0.0,0.0
R01307,0.39906325936317444,2.0,0.2082376629114151,0.5186837315559387,3.1370460987091064,0.9432207942008972,0.041666666666666664,9.391520500183105,2.131354570388794,17.727296829223633,0.043154761904761904,1.0,0.9717347621917725
R01308,1.1407928466796875,4.0,0.195564866065979,0.1714223325252533,1.6224159002304077,-1.6019229888916016,0.01171875,98.85556030273438,0.3893047571182251,5.209321022033691,0.022135416666666668,0.0,0.0
R01309,0.2805636525154114,2.3333332538604736,0.26162317395210266,0.9286975860595703,5.388182640075684,1.4745023250579834,0.05654761904761905,18.673992156982422,2.9977152347564697,26.323095321655273,0.044642857142857144,14.0,0.996926486492157
R01310,0.255368709564209,1.6666666269302368,0.13560351729393005,0.52956622838974,3.9357640743255615,1.7670232057571411,0.04017857142857143,1.6239778995513916,7.1315083503723145,135.85031127929688,0.010416666666666666,16.0,0.9943296313285828
R01311,0.5568991899490356,2.0,0.20575924217700958,0.37108588218688965,3.7954423427581787,2.526784896850586,0.03422619047619048,14.086713790893555,2.5755579471588135,39.56959915161133,0.03869047619047619,0.0,0.0
R01312,1.3953442573547363,6.0,0.6259474158287048,0.44881001114845276,1.87701416015625,-0.1845703274011612,0.0,254.03036499023438,1.0006771087646484,4.535737991333008,0.05357142857142857,0.0,0.0
R01313,0.6543998122215271,5.0,0.7415561079978943,1.122652292251587,4.683178901672363,1.0084092617034912,0.022321428571428572,48.86732864379883,1.8070123195648193,10.390251159667969,0.07738095238095238,10.0,0.982506275177002
R01314,0.8501687049865723,3.0,0.23238244652748108,0.2735113501548767,1.97965407371521,-0.8202244639396667,0.01488095238095238,30.572980880737305,0.6241022944450378,4.684157848358154,0.026785714285714284,0.0,0.0
R01315,0.9240171313285828,4.0,0.3334905505180359,0.3593423366546631,2.1736278533935547,0.36422058939933777,0.02976190476190476,83.32926177978516,1.0652649402618408,7.1087117195129395,0.05357142857142857,0.0,0.0
R01316,0.4715813994407654,3.0,0.38925233483314514,0.8254175186157227,3.7978851795196533,0.8143771886825562,0.04861111111111111,24.735126495361328,3.1363894939422607,41.17477035522461,0.03993055555555555,0.0,0.0
R01317,0.4030265212059021,2.3333332538604736,0.29533320665359497,0.73171067237854,3.694589614868164,1.3608038425445557,0.06994047619047619,18.132740020751953,2.14469051361084,14.902910232543945,0.07291666666666667,0.0,0.0
R01318,0.5800503492355347,3.0,0.3651827871799469,0.6242738962173462,2.992708683013916,1.2895299196243286,0.0725,27.861068725585938,2.1130292415618896,14.591889381408691,0.0675,0.0,0.0
R01319,0.7050729990005493,2.3333332538604736,0.0928792953491211,0.13158203661441803,1.667573094367981,0.8640899062156677,0.0375,25.97638702392578,0.4515170156955719,4.590113162994385,0.03125,0.0,0.0
R01320,0.3892914354801178,2.0,0.2249274104833603,0.5770764350891113,4.304415225982666,2.1832172870635986,0.07142857142857142,8.286543846130371,3.24995493888855,35.66832733154297,0.046130952380952384,0.0,0.0
R01321,0.5876352190971375,4.0,0.5729102492332458,0.9635099768638611,2.8960368633270264,0.38143375515937805,0.0,132.0777587890625,1.50229811668396,5.795670509338379,0.06994047619047619,31.0,0.9986298680305481
R01322,0.6615549921989441,4.0,0.5626338124275208,0.8504704236984253,3.555577039718628,1.193483829498291,0.06770833333333333,83.07359313964844,2.8503923416137695,16.27000617980957,0.0625,0.0,0.0
R01323,0.2571852505207062,2.0,0.20992036163806915,0.81215500831604,4.655995845794678,1.7542868852615356,0.05803571428571429,3.3441660404205322,3.814934730529785,26.120594024658203,0.049107142857142856,84.0,0.9996200203895569
R01324,0.3485645651817322,2.0,0.2949724495410919,0.8436111807823181,4.682821750640869,2.151247262954712,0.07738095238095238,7.401585102081299,3.3359029293060303,46.12358474731445,0.06398809523809523,8.0,0.985597550868988
R01325,0.4065353274345398,3.0,0.40335196256637573,0.9921667575836182,4.484017848968506,1.1428474187850952,0.056640625,12.902480125427246,2.6743218898773193,32.26679611206055,0.037109375,30.0,0.9954469203948975
R01326,0.292421817779541,1.6666666269302368,0.13168911635875702,0.4491155743598938,3.280533790588379,1.4056756496429443,0.049107142857142856,1.1468408107757568,5.221403121948242,99.14407348632812,0.008928571428571428,2.0,0.9831711649894714
R01327,0.34953057765960693,2.6666667461395264,0.41688260436058044,1.1822254657745361,4.563056945800781,1.193784236907959,0.0625,2.995333433151245,1.8105781078338623,10.14724349975586,0.0625,3.0,0.9927023649215698
R01328,0.3621070981025696,2.0,0.26343855261802673,0.7237743139266968,5.817681312561035,2.3766262531280518,0.03422619047619048,5.406900405883789,2.0112788677215576,12.494969367980957,0.047619047619047616,3.0,0.9892050623893738
R01329,0.23344720900058746,1.6666666269302368,0.1786738634109497,0.7653684020042419,4.858099460601807,1.360063076019287,0.0390625,2.94358229637146,5.5500407218933105,92.29705810546875,0.015625,0.0,0.0
R01330,0.36121243238449097,3.0,0.49636873602867126,1.3568308353424072,5.9012579917907715,2.114330291748047,0.0775,75.94902801513672,3.2129263877868652,17.5258846282959,0.0625,40.0,0.9957200288772583
R01331,0.10467598587274551,1.3333333730697632,0.1978667974472046,1.8680222034454346,7.784363269805908,1.6557706594467163,0.06696428571428571,10.259247779846191,4.401521682739258,35.49576187133789,0.03125,0.0,0.0
R01332,0.4664589464664459,2.0,0.24538998305797577,0.5245459079742432,2.8786637783050537,1.240989089012146,0.05952380952380952,7.3900628089904785,2.341536521911621,14.770559310913086,0.05952380952380952,4.0,0.982874870300293
R01333,0.3585391938686371,2.0,0.17542506754398346,0.4893466830253601,3.643954277038574,2.263794183731079,0.047697368421052634,2.0625946521759033,3.5469820499420166,54.75736999511719,0.023026315789473683,8.0,0.9853721857070923
R01334,0.07411271333694458,2.0,0.1782858967781067,2.3884291648864746,11.996782302856445,3.0150163173675537,0.07201086956521739,2.720350503921509,3.6452596187591553,34.06190490722656,0.04483695652173913,1.0,0.9818066358566284
R01335,0.27417781949043274,1.6666666269302368,0.18203914165496826,0.6645012497901917,3.9711499214172363,1.2997571229934692,0.05965909090909091,0.8058397173881531,3.284684896469116,40.86235427856445,0.02130681818181818,263.0,0.9989136457443237
R01336,0.33647119998931885,2.6666667461395264,0.32027357816696167,0.9518576860427856,6.6667160987854,2.48211407661438,0.032552083333333336,17.557411193847656,3.208524227142334,32.83012390136719,0.029947916666666668,1.0,0.971875011920929
R01337,0.3155260384082794,2.0,0.2541639804840088,0.8001365065574646,4.707820415496826,1.921830177307129,0.052083333333333336,6.892982006072998,4.225055694580078,46.165367126464844,0.03422619047619048,4.0,0.976865291595459
R01338,0.15213137865066528,2.0,0.2092358022928238,1.3551872968673706,9.7236967086792,1.8069968223571777,0.052083333333333336,10.644453048706055,2.9282310009002686,29.458831787109375,0.043154761904761904,7.0,0.9964184165000916
R01339,0.2610067129135132,1.6666666269302368,0.1605936586856842,0.6125695109367371,3.566072940826416,1.3536427021026611,0.049107142857142856,1.701490879058838,4.327827453613281,51.751991271972656,0.022321428571428572,13.0,0.9892491698265076
R01340,0.26474466919898987,2.3333332538604736,0.3669382631778717,1.386002779006958,6.940869331359863,1.6446926593780518,0.053385416666666664,18.35059928894043,3.472342014312744,35.13500213623047,0.028645833333333332,0.0,0.0
R01341,0.2470535933971405,2.3333332538604736,0.3549520969390869,1.4539529085159302,8.032382011413574,2.087580442428589,0.08482142857142858,7.801709175109863,4.7075886726379395,72.6253662109375,0.025297619047619048,15.0,0.9929054379463196
R01342,0.5652018785476685,2.3333332538604736,0.24730591475963593,0.43744608759880066,3.087419271469116,2.132775068283081,0.07125,14.20044231414795,1.5644030570983887,11.118912696838379,0.07125,1.0,0.972981333732605
R01343,0.8771018385887146,3.6666667461395264,0.40991300344467163,0.4688657820224762,2.7780027389526367,0.22453995048999786,0.028273809523809524,8.73924446105957,2.1950409412384033,21.21312713623047,0.044642857142857144,0.0,0.0
R01344,0.16823254525661469,1.6666666269302368,0.19284330308437347,1.1462829113006592,6.691000461578369,2.1509342193603516,0.056640625,7.118203639984131,4.237009525299072,42.87950134277344,0.03125,22.0,0.9923388957977295
R01345,0.09979267418384552,1.3333333730697632,0.17298848927021027,1.7922039031982422,12.231974601745605,3.1136996746063232,0.049107142857142856,1.7860321998596191,4.0798187255859375,54.85728073120117,0.026785714285714284,13.0,0.9997739195823669
R01346,0.28685587644577026,2.0,0.19130484759807587,0.6689226627349854,3.916637659072876,2.336503028869629,0.06845238095238096,5.452953338623047,2.77917218208313,17.80811882019043,0.05357142857142857,29.0,0.9930541515350342
R01347,0.4780302047729492,3.3333332538604736,0.43225210905075073,0.9011104702949524,5.979903697967529,1.207931399345398,0.035326086956521736,13.391347885131836,2.5750107765197754,29.96233558654785,0.036684782608695655,38.0,0.9998028874397278
R01348,0.6624378561973572,3.0,0.389225572347641,0.5889478921890259,2.8908021450042725,0.8643326163291931,0.043154761904761904,36.12566375732422,1.7104411125183105,13.278658866882324,0.05654761904761905,4.0,0.981803834438324
R01349,0.15264874696731567,2.3333332538604736,0.3123583197593689,2.1101202964782715,16.479597091674805,3.7197110652923584,0.05505952380952381,6.530446529388428,4.859251499176025,67.95236206054688,0.02976190476190476,9.0,0.9889350533485413
R01350,0.655644416809082,3.0,0.358662486076355,0.5442109704017639,2.4854254722595215,0.7541673183441162,0.05505952380952381,43.83474349975586,1.5415021181106567,7.786076545715332,0.06398809523809523,0.0,0.0
R01351,0.4540857672691345,3.0,0.30284133553504944,0.6644257307052612,3.3795182704925537,0.46783486008644104,0.026785714285714284,17.489280700683594,2.413188934326172,28.151657104492188,0.02976190476190476,4.0,0.9980093836784363
R01352,0.6455234885215759,3.0,0.3578594923019409,0.5495712757110596,3.081434488296509,0.5018050074577332,0.03804347826086957,68.55743408203125,2.2931065559387207,20.97823715209961,0.04619565217391304,17.0,0.9941178560256958
R01353,0.24131686985492706,2.0,0.21971866488456726,0.9104946851730347,6.613801002502441,2.206110715866089,0.033854166666666664,3.881789445877075,2.2017462253570557,25.635238647460938,0.033854166666666664,111.0,0.9938988089561462
R01354,0.5406122207641602,2.3333332538604736,0.23895351588726044,0.44242846965789795,4.843378067016602,2.7339282035827637,0.03720238095238095,20.466920852661133,2.597062587738037,31.391727447509766,0.043154761904761904,0.0,0.0
R01355,0.36483877897262573,1.6666666269302368,0.16478845477104187,0.44818833470344543,4.105344772338867,2.4754724502563477,0.03869047619047619,2.2732114791870117,5.002050399780273,91.99378204345703,0.020833333333333332,6.0,0.9909806847572327
R01356,0.2966585159301758,1.6666666269302368,0.19332635402679443,0.6533380150794983,3.2067434787750244,0.7358583807945251,0.05,9.066808700561523,2.8168678283691406,20.91874122619629,0.05,20.0,0.9983881711959839
R01357,0.4414496421813965,3.0,0.3353903293609619,0.7635341882705688,3.7616498470306396,1.1432727575302124,0.044642857142857144,16.147151947021484,2.4376108646392822,22.477909088134766,0.050595238095238096,110.0,0.9991646409034729
R01358,0.6432469487190247,2.6666667461395264,0.2584918439388275,0.40185412764549255,3.176020622253418,1.1676366329193115,0.037760416666666664,16.60939598083496,1.477048635482788,16.255002975463867,0.045572916666666664,0.0,0.0
R01359,0.32488852739334106,2.0,0.28640222549438477,0.8752539753913879,3.79516863822937,1.1494510173797607,0.05698529411764706,6.521793842315674,3.303972005844116,41.405860900878906,0.034926470588235295,13.0,0.9940087795257568
R01360,0.4672297239303589,2.0,0.27048662304878235,0.5769212245941162,4.031822204589844,0.7752265930175781,0.028273809523809524,10.330958366394043,2.3789496421813965,37.614253997802734,0.026785714285714284,4.0,0.988903820514679
R01361,0.13326363265514374,1.6666666269302368,0.22902898490428925,1.7043927907943726,12.969892501831055,2.9571239948272705,0.06845238095238096,4.574227333068848,4.687859535217285,58.85314178466797,0.022321428571428572,0.0,0.0
R01362,0.10667075216770172,1.3333333730697632,0.1755303144454956,1.6190168857574463,7.326016426086426,1.5411826372146606,0.06696428571428571,0.9969274401664734,3.609673261642456,38.39815139770508,0.03422619047619048,5.0,0.9879964590072632
R01363,0.3466949462890625,1.6666666269302368,0.14492259919643402,0.4180106520652771,2.7134878635406494,1.767469048500061,0.057291666666666664,4.3690032958984375,3.742591142654419,33.31863021850586,0.027777777777777776,482.0,0.9950251579284668
R01364,0.47266650199890137,2.3333332538604736,0.2987990081310272,0.632871687412262,3.5921382904052734,0.9968140125274658,0.04398148148148148,9.174500465393066,3.4463717937469482,43.98302459716797,0.024305555555555556,10.0,0.9828459024429321
R01365,0.32885274291038513,3.0,0.41123947501182556,1.2369807958602905,5.402921199798584,1.9510546922683716,0.08779761904761904,18.260066986083984,2.4705538749694824,12.215003967285156,0.06696428571428571,4.0,0.9791045188903809
R01366,0.8028984665870667,4.666666507720947,0.5247839689254761,0.6504780054092407,3.1072628498077393,1.5744152069091797,0.07142857142857142,112.08795928955078,2.252985715866089,13.001581192016602,0.05952380952380952,0.0,0.0
R01367,0.5950984358787537,3.0,0.47443699836730957,0.8000209927558899,3.3450610637664795,0.9813942909240723,0.05505952380952381,19.580406188964844,1.8460172414779663,17.266386032104492,0.041666666666666664,63.0,0.9940404295921326
R01368,0.491115927696228,2.3333332538604736,0.28473684191703796,0.5801413059234619,3.8209097385406494,1.6410611867904663,0.05357142857142857,16.57279396057129,3.6257874965667725,33.370079040527344,0.03125,6.0,0.9934564232826233
R01369,0.21037741005420685,2.6666667461395264,0.3362783193588257,1.5984447002410889,8.423559188842773,1.8972182273864746,0.07291666666666667,13.031980514526367,4.081141471862793,52.32240676879883,0.020833333333333332,13.0,0.999921977519989
R01370,0.2656354606151581,2.3333332538604736,0.3394326865673065,1.2663379907608032,6.576173305511475,1.9317535161972046,0.05357142857142857,19.532241821289062,3.0524563789367676,27.08970069885254,0.043154761904761904,0.0,0.0
R01371,0.216646209359169,3.0,0.336911141872406,1.5551142692565918,9.713913917541504,3.04599666595459,0.07421875,37.78083038330078,4.899918079376221,78.89839935302734,0.02734375,22.0,0.9983493685722351
R01372,0.39269980788230896,3.0,0.3203003704547882,0.8013588190078735,4.525731086730957,1.7801100015640259,0.0625,22.825241088867188,2.648754596710205,21.680259704589844,0.041666666666666664,0.0,0.0
R01373,0.6898661255836487,3.3333332538604736,0.36635223031044006,0.5319055914878845,3.4227333068847656,1.33488130569458,0.05952380952380952,40.084346771240234,1.6431113481521606,10.047202110290527,0.06994047619047619,0.0,0.0
R01374,1.4214072227478027,5.333333492279053,0.4654574692249298,0.32746225595474243,1.7984386682510376,0.08307439088821411,0.010416666666666666,117.0057144165039,1.0596076250076294,12.044490814208984,0.032552083333333336,0.0,0.0
R01375,0.39154988527297974,2.0,0.23890145123004913,0.6097823977470398,2.933814287185669,0.36164113879203796,0.020833333333333332,10.484362602233887,1.5255542993545532,11.324800491333008,0.033854166666666664,2.0,0.9834872484207153
R01376,0.21664869785308838,2.3333332538604736,0.30027082562446594,1.382611870765686,10.495135307312012,3.0726239681243896,0.0625,2.4132065773010254,2.6698904037475586,20.63543701171875,0.06481481481481481,25.0,0.9995524287223816
R01377,0.7184086441993713,3.3333332538604736,0.46791529655456543,0.6502009630203247,3.2694694995880127,0.5345937013626099,0.02976190476190476,18.070337295532227,1.406804084777832,8.602895736694336,0.0625,0.0,0.0
R01378,1.1582058668136597,4.333333492279053,0.3860943615436554,0.33288756012916565,1.8167221546173096,0.8870977163314819,0.05505952380952381,166.93240356445312,1.148522138595581,4.380616664886475,0.08779761904761904,1.0,0.9725867509841919
R01379,0.43578314781188965,3.0,0.3848297894001007,0.8830744028091431,4.550585746765137,1.6607046127319336,0.07291666666666667,9.76056957244873,3.266664981842041,28.144641876220703,0.03125,2.0,0.9739261269569397
R01380,0.8942739367485046,5.666666507720947,0.9723386764526367,1.0761812925338745,4.292079925537109,1.30241858959198,0.06398809523809523,32.39098358154297,2.3034567832946777,15.622979164123535,0.041666666666666664,10.0,0.9827149510383606
R01381,0.08782906085252762,1.3333333730697632,0.17435361444950104,1.958859920501709,14.131502151489258,4.098862648010254,0.046130952380952384,3.099144458770752,6.292844295501709,78.29232788085938,0.019345238095238096,4.0,0.9912430644035339
R01382,0.5444369316101074,3.3333332538604736,0.40082481503486633,0.7326610088348389,3.7164580821990967,1.8321702480316162,0.08405172413793104,33.78766632080078,2.300380229949951,14.699867248535156,0.06896551724137931,1.0,0.9723195433616638
R01383,0.7495409846305847,6.0,0.8185975551605225,1.0921303033828735,3.6306889057159424,1.1053059101104736,0.07942708333333333,183.47593688964844,1.7635408639907837,13.300396919250488,0.07942708333333333,0.0,0.0
R01384,0.23330585658550262,2.0,0.3081410527229309,1.336195707321167,6.064061164855957,1.9738516807556152,0.08333333333333333,5.713367462158203,3.590179920196533,40.68444061279297,0.03422619047619048,24.0,0.9946867227554321
R01385,0.5655600428581238,3.0,0.420468807220459,0.7387285828590393,3.1317951679229736,0.4512045979499817,0.03273809523809524,23.936296463012695,1.902862548828125,12.968735694885254,0.05654761904761905,0.0,0.0
R01386,0.5890240669250488,4.0,0.504091739654541,0.8447304368019104,3.056384563446045,0.839979887008667,0.05397727272727273,45.60816192626953,1.758854866027832,8.814800262451172,0.09375,3.0,0.9826298952102661
R01387,0.3076171576976776,2.0,0.20804649591445923,0.685623824596405,3.7407290935516357,1.1977654695510864,0.050595238095238096,7.975846767425537,3.055100679397583,24.687288284301758,0.049107142857142856,21.0,0.9979022145271301
R01388,0.1411782056093216,1.3333333730697632,0.19838844239711761,1.3910346031188965,8.456459045410156,2.3116512298583984,0.05505952380952381,2.770202398300171,5.120230674743652,51.074771881103516,0.026785714285714284,7.0,0.9835631847381592
R01389,0.12285451591014862,1.3333333730697632,0.15982995927333832,1.2918962240219116,9.401156425476074,3.5518574714660645,0.05505952380952381,0.9720755219459534,5.34066915512085,65.69338989257812,0.020833333333333332,100.0,0.9972633123397827
R01390,0.14553089439868927,1.6666666269302368,0.18974569439888,1.311851143836975,7.782451629638672,2.516178607940674,0.051319648093841645,4.458700180053711,5.256690502166748,78.20622253417969,0.021994134897360705,78.0,0.9990275502204895
R01391,1.0068002939224243,4.0,0.3930656611919403,0.3904103934764862,2.029167890548706,-0.2421090006828308,0.015625,86.62887573242188,0.8523723483085632,4.482804775238037,0.044270833333333336,7.0,0.9940459132194519
R01392,0.17611968517303467,1.3333333730697632,0.11805834621191025,0.6718206405639648,4.040090560913086,0.9220266342163086,0.03571428571428571,1.1041710376739502,5.233490943908691,72.48470306396484,0.013392857142857142,131.0,0.9961540699005127
R01393,0.3852422535419464,2.0,0.24835582077503204,0.6419690847396851,2.897888660430908,0.7707638740539551,0.04326923076923077,12.028909683227539,1.8157020807266235,12.952849388122559,0.05889423076923077,10.0,0.9837692975997925
R01394,0.20826183259487152,1.6666666269302368,0.20949901640415192,1.0005629062652588,4.612737655639648,1.109071135520935,0.044642857142857144,1.4502184391021729,2.325299024581909,13.429444313049316,0.0625,0.0,0.0
R01395,0.6254973411560059,2.6666667461395264,0.33263859152793884,0.5271465182304382,2.442112922668457,0.29942232370376587,0.03720238095238095,23.413949966430664,1.271346926689148,14.97579288482666,0.047619047619047616,9.0,0.991364061832428
R01396,0.5170884132385254,2.0,0.1193978488445282,0.23046648502349854,2.3053548336029053,2.028200626373291,0.044642857142857144,17.610580444335938,1.1909208297729492,14.081823348999023,0.03571428571428571,8.0,0.98090660572052
R01397,0.5821341872215271,2.6666667461395264,0.34196603298187256,0.5874339938163757,2.6773738861083984,0.746220052242279,0.048177083333333336,11.504937171936035,2.185140371322632,22.186063766479492,0.045572916666666664,10.0,0.9921635389328003
R01398,0.43400123715400696,3.0,0.35873857140541077,0.8214909434318542,4.039453983306885,1.3892593383789062,0.07142857142857142,23.764511108398438,2.214069128036499,15.869240760803223,0.05952380952380952,0.0,0.0
R01399,0.37269219756126404,1.6666666269302368,0.1764579713344574,0.47408995032310486,3.542038679122925,2.3559951782226562,0.07142857142857142,1.9500569105148315,0.5751451253890991,6.283483505249023,0.052083333333333336,14.0,0.985615611076355
R01400,0.21271969377994537,1.6666666269302368,0.22725389897823334,1.0629160404205322,6.454012870788574,1.5209054946899414,0.06101190476190476,1.9638997316360474,5.024545192718506,90.54776000976562,0.010416666666666666,1.0,0.9855132699012756
R01401,0.7061305642127991,2.6666667461395264,0.27592918276786804,0.3929360806941986,2.4410905838012695,1.509117603302002,0.06398809523809523,18.26318359375,2.3726487159729004,37.861297607421875,0.03720238095238095,0.0,0.0
R01402,0.7861504554748535,3.0,0.3002714216709137,0.38238731026649475,2.1925113201141357,0.4716551601886749,0.03125,28.04144287109375,1.3853110074996948,8.37141227722168,0.06696428571428571,0.0,0.0
R01403,0.34013015031814575,2.0,0.25622624158859253,0.7531832456588745,4.067681789398193,1.6190186738967896,0.06398809523809523,6.053994178771973,3.040940999984741,25.80069923400879,0.047619047619047616,1027.0,0.9961073994636536
R01404,0.2708987593650818,1.6666666269302368,0.17564935982227325,0.659388542175293,4.163377285003662,2.3000123500823975,0.05357142857142857,2.7245914936065674,5.478683948516846,85.81365203857422,0.020833333333333332,5.0,0.9845830798149109
R01405,0.22644001245498657,2.3333332538604736,0.29707688093185425,1.3243800401687622,6.524525165557861,1.6685359477996826,0.06696428571428571,17.097341537475586,3.0715324878692627,27.632434844970703,0.04017857142857143,15.0,0.9998741745948792
R01406,0.40045422315597534,2.3333332538604736,0.3436279892921448,0.850439190864563,3.712325096130371,0.97772216796875,0.06,6.383994102478027,2.3277900218963623,22.709978103637695,0.0525,0.0,0.0
R01407,0.6148748993873596,2.0,0.16503579914569855,0.26769137382507324,1.848004698753357,-0.09729963541030884,0.022321428571428572,5.57361364364624,1.4275751113891602,16.08230972290039,0.044642857142857144,0.0,0.0
R01408,1.1565221548080444,5.0,0.5747537016868591,0.49382516741752625,2.1854639053344727,0.46400341391563416,0.023809523809523808,180.7447052001953,1.0744991302490234,6.961592674255371,0.05505952380952381,0.0,0.0
R01409,0.6061236262321472,3.3333332538604736,0.441037654876709,0.7295271158218384,3.322230339050293,0.9658845067024231,0.05952380952380952,43.583194732666016,1.9700442552566528,13.702749252319336,0.06994047619047619,5.0,0.9901015758514404
R01410,0.6061708331108093,3.3333332538604736,0.36132872104644775,0.5914212465286255,3.2197768688201904,1.9357813596725464,0.09151785714285714,33.82858657836914,2.3223884105682373,12.062491416931152,0.08258928571428571,0.0,0.0
R01411,0.4177085757255554,2.3333332538604736,0.2735216021537781,0.6559697985649109,4.855806827545166,2.2992091178894043,0.052083333333333336,7.402476787567139,4.014404296875,41.0391731262207,0.023809523809523808,1.0,0.9754478335380554
R01412,0.7273544669151306,2.6666667461395264,0.2354479879140854,0.32349860668182373,2.0560357570648193,0.8070719242095947,0.050595238095238096,20.514251708984375,0.8365494012832642,7.366483211517334,0.03869047619047619,0.0,0.0
R01413,0.9795593619346619,3.3333332538604736,0.27559974789619446,0.2797316312789917,1.6602658033370972,-0.412185400724411,0.002976190476190476,69.14364624023438,0.8596642017364502,4.016629695892334,0.017857142857142856,0.0,0.0
R01414,1.2207497358322144,4.0,0.23515045642852783,0.19296661019325256,1.7846646308898926,-0.3242795169353485,0.01125,95.45356750488281,0.881806492805481,9.116350173950195,0.0475,0.0,0.0
R01415,0.5413296818733215,3.0,0.3169211447238922,0.5842700004577637,2.784576654434204,1.1107879877090454,0.0625,20.596179962158203,2.0588436126708984,13.399632453918457,0.07142857142857142,0.0,0.0
R01416,0.5070556402206421,3.6666667461395264,0.5199466347694397,1.0153734683990479,2.9832961559295654,0.503183901309967,0.0,88.4101791381836,1.547141432762146,6.384121417999268,0.07291666666666667,18.0,0.9986906051635742
R01417,0.4256373345851898,2.3333332538604736,0.26318657398223877,0.617621660232544,2.798936367034912,0.39240124821662903,0.03273809523809524,14.242318153381348,2.3790175914764404,33.25181579589844,0.043154761904761904,1.0,0.970532238483429
R01418,0.3737317621707916,4.0,0.5490357875823975,1.4690595865249634,6.816436290740967,1.7270745038986206,0.07291666666666667,4.502954959869385,2.9385619163513184,31.626768112182617,0.037760416666666664,0.0,0.0
R01419,0.4992479979991913,2.3333332538604736,0.2480633407831192,0.49664822220802307,3.4039652347564697,1.4251199960708618,0.04017857142857143,9.666301727294922,4.294703006744385,58.22332763671875,0.023809523809523808,12.0,0.9848683476448059
R01420,0.5935165882110596,2.6666667461395264,0.3366585373878479,0.5645415186882019,2.9591329097747803,0.12948863208293915,0.020833333333333332,14.633187294006348,2.540450096130371,28.451385498046875,0.026785714285714284,1.0,0.9764260053634644
R01421,0.08840563893318176,1.3333333730697632,0.16808046400547028,1.8911395072937012,10.720322608947754,2.5862138271331787,0.06398809523809523,1.0145729780197144,8.07509994506836,150.77520751953125,0.010416666666666666,2.0,0.9868270754814148
R01422,0.2030692994594574,2.6666667461395264,0.35496532917022705,1.726380467414856,7.353855133056641,1.980093240737915,0.08779761904761904,12.500165939331055,2.9819839000701904,21.2122859954834,0.05654761904761905,0.0,0.0
R01423,0.44821828603744507,2.3333332538604736,0.2832002341747284,0.6370407342910767,3.282623767852783,1.058813214302063,0.06398809523809523,11.192152976989746,2.050093173980713,14.076175689697266,0.06398809523809523,4.0,0.9860783815383911
R01424,0.17550262808799744,2.0,0.26662716269493103,1.5192115306854248,7.311546802520752,1.7169443368911743,0.06944444444444445,3.7100398540496826,4.090473175048828,51.43998718261719,0.03298611111111111,1.0,0.9900588393211365
R01425,0.5692862868309021,3.0,0.39603191614151,0.6919823884963989,3.732328414916992,0.9710499048233032,0.052083333333333336,15.4188232421875,2.3210995197296143,22.60606575012207,0.047619047619047616,3.0,0.9991483688354492
R01426,0.44733139872550964,2.3333332538604736,0.26314201951026917,0.5896754264831543,4.035373687744141,3.004931688308716,0.050595238095238096,13.147979736328125,3.084686517715454,22.691246032714844,0.03869047619047619,3.0,0.982999861240387
R01427,0.17594997584819794,1.3333333730697632,0.17095491290092468,0.9741889834403992,11.295003890991211,4.957403659820557,0.019345238095238096,11.750073432922363,7.452778339385986,94.81855010986328,0.01488095238095238,0.0,0.0
R01428,0.218034565448761,1.3333333730697632,0.1610146164894104,0.7382705211639404,5.013476848602295,1.9727336168289185,0.049107142857142856,1.8212796449661255,5.94871711730957,102.22392272949219,0.01636904761904762,7.0,0.9814682602882385
R01429,0.5620493292808533,3.0,0.44496527314186096,0.7898324728012085,2.896001100540161,1.2592790126800537,0.07886904761904762,18.139568328857422,1.6343263387680054,5.752590179443359,0.08779761904761904,1.0,0.9711363315582275
R01430,0.49520882964134216,2.6666667461395264,0.30235329270362854,0.6183336973190308,4.6819586753845215,1.7522639036178589,0.0744047619047619,9.246988296508789,2.408252239227295,18.238157272338867,0.07589285714285714,1.0,0.9903953075408936
R01431,0.41900724172592163,2.0,0.2443254292011261,0.5829631090164185,3.2792115211486816,1.435056209564209,0.05357142857142857,12.708391189575195,2.681023359298706,27.50925636291504,0.04017857142857143,1.0,0.9755313992500305
R01432,0.5186591148376465,2.6666667461395264,0.32686591148376465,0.6196879744529724,3.4028983116149902,1.619083285331726,0.06793478260869565,14.122758865356445,1.5492175817489624,8.099903106689453,0.06657608695652174,0.0,0.0
R01433,0.23950275778770447,2.0,0.2510688304901123,1.0395258665084839,6.942451477050781,3.438006639480591,0.041666666666666664,6.794987201690674,4.76520299911499,42.66653823852539,0.03571428571428571,26.0,0.9897648096084595
R01434,0.17503637075424194,1.3333333730697632,0.16374605894088745,0.9354918599128723,5.270450592041016,1.6188627481460571,0.05555555555555555,1.2759418487548828,3.7702720165252686,53.958740234375,0.026041666666666668,10.0,0.9972332715988159
R01435,0.13977892696857452,2.0,0.2418118417263031,1.7253649234771729,10.214977264404297,2.122166633605957,0.05539772727272727,13.31851863861084,4.821410655975342,55.00550842285156,0.029829545454545456,32.0,0.9944573044776917
R01436,0.1334792971611023,2.0,0.2566832900047302,1.8933464288711548,9.926170349121094,1.9929841756820679,0.05654761904761905,1.9649481773376465,3.560239791870117,50.071617126464844,0.02976190476190476,2.0,0.9951589107513428
R01437,0.4531741738319397,2.0,0.22855085134506226,0.507860541343689,2.5598878860473633,0.4922794997692108,0.03720238095238095,5.179052352905273,1.7537199258804321,13.82773494720459,0.06101190476190476,0.0,0.0
R01438,0.2802133858203888,1.3333333730697632,0.1119939312338829,0.3999938666820526,3.9005887508392334,2.0176103115081787,0.03422619047619048,4.707535743713379,4.884899139404297,75.28495788574219,0.010416666666666666,21.0,0.9862731695175171
R01439,0.788458526134491,3.0,0.13839063048362732,0.17545010149478912,1.6392114162445068,-1.2382234334945679,0.018229166666666668,38.489418029785156,0.41426441073417664,4.213563442230225,0.026041666666666668,0.0,0.0
R01440,0.5041841864585876,2.0,0.28967809677124023,0.5745468735694885,2.441154718399048,0.5844424366950989,0.0234375,3.634606122970581,2.165058135986328,20.70118522644043,0.033854166666666664,7.0,0.9842578768730164
R01441,0.4625855088233948,3.0,0.3074835240840912,0.663374662399292,4.64845085144043,2.1832900047302246,0.0744047619047619,21.367008209228516,3.308091402053833,33.50442123413086,0.04017857142857143,0.0,0.0
R01442,0.27373257279396057,2.0,0.2239178866147995,0.8204911351203918,4.600589752197266,1.4219858646392822,0.05654761904761905,5.313916206359863,2.9155683517456055,26.87238311767578,0.043154761904761904,4.0,0.9778890609741211
R01443,0.6519805192947388,3.3333332538604736,0.5055457353591919,0.7787147164344788,2.998457670211792,0.7560216784477234,0.04017857142857143,20.888511657714844,1.8237872123718262,20.657745361328125,0.03273809523809524,18.0,0.9897890686988831
R01444,0.24435634911060333,1.6666666269302368,0.15981502830982208,0.6587744355201721,3.0285134315490723,0.5310201644897461,0.026785714285714284,0.6347017884254456,3.9568610191345215,68.24447631835938,0.022321428571428572,8.0,0.9935242533683777
R01445,0.5138866901397705,2.0,0.23655448853969574,0.4586549699306488,2.4987289905548096,-0.043012239038944244,0.022135416666666668,11.311187744140625,1.2082691192626953,14.68101978302002,0.036458333333333336,8.0,0.9807048439979553
R01446,0.23002205789089203,1.6666666269302368,0.17705030739307404,0.7537909746170044,3.777973175048828,1.3585582971572876,0.06433823529411764,2.2973544597625732,2.5328657627105713,27.401235580444336,0.042279411764705885,274.0,0.9956621527671814
R01447,0.11321166157722473,2.0,0.25076642632484436,2.226170301437378,16.30425262451172,3.4439735412597656,0.05654761904761905,7.772231101989746,4.370213508605957,61.44674301147461,0.041666666666666664,0.0,0.0
R01448,0.3924832046031952,2.6666667461395264,0.32535767555236816,0.8280524015426636,3.9252798557281494,1.5459611415863037,0.08482142857142858,14.588966369628906,2.2745256423950195,24.34261703491211,0.03571428571428571,7.0,0.9892767667770386
R01449,0.3334580063819885,3.0,0.36466267704963684,1.0935758352279663,4.547114849090576,1.2752385139465332,0.071875,23.329303741455078,2.1077399253845215,15.2395601272583,0.065625,62.0,0.9897898435592651
R01450,0.4525049328804016,2.0,0.23432891070842743,0.5137891173362732,2.4002952575683594,0.16545109450817108,0.017857142857142856,6.960389614105225,1.3288971185684204,18.33014488220215,0.025297619047619048,0.0,0.0
R01451,0.6840993165969849,3.0,0.327098548412323,0.47657719254493713,2.802037239074707,1.062526822090149,0.047619047619047616,40.5190544128418,2.0478522777557373,20.100126266479492,0.049107142857142856,0.0,0.0
R01452,0.49588727951049805,3.0,0.3024148941040039,0.606665849685669,4.063077926635742,1.0792893171310425,0.05505952380952381,20.674903869628906,2.026829481124878,16.65546226501465,0.05505952380952381,1.0,0.9800776243209839
R01453,0.104909747838974,1.3333333730697632,0.1632547676563263,1.586723804473877,10.984845161437988,3.8965964317321777,0.04583333333333333,1.2452582120895386,4.2360520362854,44.76214599609375,0.035416666666666666,20.0,0.9862543344497681
R01454,0.38446542620658875,3.0,0.30154845118522644,0.7816727161407471,5.180172920227051,2.432011365890503,0.07142857142857142,19.412673950195312,3.559260606765747,39.67113494873047,0.03422619047619048,2.0,0.9813185930252075
R01455,0.6246725916862488,3.0,0.36408475041389465,0.5801851153373718,3.305877923965454,1.5266445875167847,0.05803571428571429,23.4930477142334,2.225945234298706,18.561763763427734,0.03869047619047619,10.0,0.9855248332023621
R01456,0.2348622977733612,1.6666666269302368,0.13668107986450195,0.5827244520187378,4.629772663116455,2.262155055999756,0.047619047619047616,0.7780457735061646,3.281925916671753,38.18683624267578,0.03125,181.0,0.9979205131530762
R01457,0.15283074975013733,1.6666666269302368,0.24950172007083893,1.5974557399749756,9.676822662353516,2.553849458694458,0.06712962962962964,0.9101790189743042,3.0591676235198975,42.61804962158203,0.047453703703703706,0.0,0.0
R01458,0.6418145298957825,3.0,0.3273297846317291,0.5093646049499512,3.4572014808654785,2.039785623550415,0.05803571428571429,22.34237289428711,2.742835283279419,21.838836669921875,0.041666666666666664,10.0,0.9849365949630737
R01459,0.5494590401649475,2.3333332538604736,0.27786800265312195,0.5096453428268433,2.7302944660186768,1.1644761562347412,0.05952380952380952,9.536577224731445,2.2163774967193604,12.547828674316406,0.06845238095238096,7.0,0.9817878007888794
R01460,0.3435104787349701,3.0,0.39242926239967346,1.1431909799575806,6.623729228973389,2.1920106410980225,0.08779761904761904,16.752973556518555,3.050546646118164,35.877159118652344,0.0625,56.0,0.9941479563713074
R01461,0.18743659555912018,1.3333333730697632,0.1418834775686264,0.7569464445114136,6.066115379333496,2.669435501098633,0.05803571428571429,0.39016515016555786,4.8531317710876465,89.89625549316406,0.008928571428571428,8.0,0.9799012541770935
R01462,0.41083019971847534,3.6666667461395264,0.48753127455711365,1.2091907262802124,6.756049156188965,1.4948617219924927,0.043154761904761904,57.82927703857422,4.198720932006836,39.68854904174805,0.028273809523809524,59.0,0.9999999403953552
R01463,0.1415948122739792,2.0,0.2247721254825592,1.5874210596084595,8.071593284606934,2.2047059535980225,0.06770833333333333,5.771547794342041,2.878296375274658,22.842857360839844,0.04513888888888889,26.0,0.9996301531791687
R01464,0.4880431294441223,2.0,0.2442171275615692,0.5015313625335693,2.3404152393341064,-0.45044946670532227,0.008928571428571428,6.579596996307373,1.392348289489746,13.61393928527832,0.043154761904761904,0.0,0.0
R01465,0.7780648469924927,4.0,0.602720320224762,0.7731804251670837,3.227924108505249,0.4646022915840149,0.019345238095238096,83.80482482910156,1.5505855083465576,9.332531929016113,0.05952380952380952,0.0,0.0
R01466,0.2541520595550537,2.0,0.29853343963623047,1.174620509147644,5.81101655960083,2.1681008338928223,0.06597222222222222,6.477212905883789,2.526073455810547,12.891474723815918,0.0642361111111111,73.0,0.9936271905899048
R01467,0.39055153727531433,3.0,0.4808218777179718,1.2167476415634155,4.740677833557129,1.247625470161438,0.06101190476190476,3.093510150909424,1.9728580713272095,10.53735065460205,0.06398809523809523,0.0,0.0
R01468,0.5056498646736145,2.3333332538604736,0.27754291892051697,0.5483718514442444,2.6414871215820312,1.1430171728134155,0.06657608695652174,17.694446563720703,1.8239216804504395,9.522194862365723,0.06521739130434782,0.0,0.0
R01469,0.6399967670440674,3.3333332538604736,0.4584513008594513,0.7134625315666199,2.882498264312744,0.8457012176513672,0.047619047619047616,69.37899780273438,1.9605813026428223,10.793893814086914,0.06547619047619048,6.0,0.9888504147529602
R01470,0.7886969447135925,3.0,0.26724115014076233,0.34005212783813477,2.4579243659973145,0.6082935929298401,0.025297619047619048,23.78474998474121,0.9911178350448608,10.418243408203125,0.03571428571428571,3.0,0.9817432761192322
R01471,0.6306413412094116,2.0,0.1340867131948471,0.21261920034885406,2.318650484085083,1.2169629335403442,0.0390625,16.4404239654541,1.3154579401016235,17.151981353759766,0.024739583333333332,0.0,0.0
R01472,0.5510753393173218,2.6666667461395264,0.30230340361595154,0.5489000678062439,3.299868583679199,0.9801376461982727,0.047619047619047616,15.9443941116333,2.045088768005371,17.046478271484375,0.05505952380952381,1.0,0.9721739292144775
R01473,0.7656106948852539,4.333333492279053,0.7262777090072632,0.9437251687049866,3.9789888858795166,1.238560438156128,0.06994047619047619,33.19574737548828,2.361027717590332,16.45852279663086,0.049107142857142856,8.0,0.9866551160812378
R01474,0.5272195339202881,3.0,0.2829630374908447,0.5367071032524109,2.6697590351104736,1.149612307548523,0.06380208333333333,27.239906311035156,1.640588641166687,9.57605266571045,0.052083333333333336,15.0,0.9989627003669739
R01475,0.4130358099937439,2.0,0.2190326750278473,0.5292569994926453,3.626080274581909,1.1390972137451172,0.043154761904761904,6.907260894775391,3.3169217109680176,35.341182708740234,0.03273809523809524,0.0,0.0
R01476,0.2522541582584381,2.3333332538604736,0.3211936354637146,1.2732884883880615,5.436634540557861,1.954177737236023,0.08203125,14.628105163574219,3.21456241607666,31.142202377319336,0.033203125,25.0,0.9940643310546875
R01477,0.2749197483062744,2.0,0.14272968471050262,0.5191829800605774,3.305980920791626,1.4030765295028687,0.05803571428571429,4.949065208435059,2.269287109375,20.043914794921875,0.041666666666666664,3.0,0.9831538200378418
R01478,0.6025975942611694,2.6666667461395264,0.24803473055362701,0.4176309406757355,2.7903716564178467,0.7922455072402954,0.03571428571428571,9.351768493652344,2.4298617839813232,25.5372257232666,0.028273809523809524,8.0,0.9813030958175659
R01479,0.4124930500984192,2.3333332538604736,0.2899457514286041,0.702031135559082,4.803879737854004,1.2544398307800293,0.0390625,4.734506607055664,3.2077877521514893,53.6129150390625,0.022135416666666668,2.0,0.9753740429878235
R01480,0.3359980583190918,2.0,0.20466269552707672,0.6098703742027283,3.874232769012451,1.3169718980789185,0.05803571428571429,3.3454723358154297,2.352513074874878,23.550071716308594,0.043154761904761904,28.0,0.9928646087646484
R01481,1.0250211954116821,3.6666667461395264,0.3987942636013031,0.3915698826313019,1.8752329349517822,0.11883809417486191,0.009191176470588236,60.981468200683594,1.288870096206665,6.804975986480713,0.0661764705882353,0.0,0.0
R01482,0.397785484790802,2.0,0.18767207860946655,0.47392866015434265,3.5627143383026123,1.773788571357727,0.05952380952380952,2.5121827125549316,0.8899499773979187,7.404289245605469,0.05803571428571429,1.0,0.9705221652984619
R01483,0.2518094778060913,1.6666666269302368,0.16209262609481812,0.647388219833374,3.5753045082092285,0.8705695867538452,0.03869047619047619,0.8928420543670654,4.654352188110352,70.08706665039062,0.019345238095238096,4.0,0.9816712141036987
R01484,0.5918890237808228,2.6666667461395264,0.3148886561393738,0.5342528223991394,2.7990148067474365,0.258710116147995,0.022321428571428572,15.529197692871094,1.4245699644088745,15.284933090209961,0.049107142857142856,0.0,0.0
R01485,0.24342910945415497,2.0,0.27458637952804565,1.1178632974624634,5.813746929168701,2.8816428184509277,0.05952380952380952,5.895327091217041,2.9120779037475586,14.778610229492188,0.06398809523809523,1.0,0.9905669689178467
R01486,0.5440064668655396,2.6666667461395264,0.3058149218559265,0.5633571743965149,3.591953992843628,1.0432177782058716,0.06845238095238096,9.943251609802246,1.7498050928115845,9.579713821411133,0.0625,0.0,0.0
R01487,0.2796188294887543,2.6666667461395264,0.36117780208587646,1.2916743755340576,5.343471527099609,1.5205132961273193,0.0828125,19.994413375854492,2.4051520824432373,19.950664520263672,0.0671875,88.0,0.9892347455024719
R01488,0.19656500220298767,2.0,0.23181092739105225,1.1861276626586914,8.80947208404541,2.30055832862854,0.0609375,6.9294257164001465,4.754958152770996,86.99356842041016,0.009375,14.0,0.9978321194648743
R01489,0.49787554144859314,3.0,0.30926570296287537,0.6221823692321777,3.001335859298706,0.5857582688331604,0.03869047619047619,37.46742630004883,2.3832201957702637,27.8199405670166,0.044642857142857144,4.0,0.9742285013198853
R01490,0.2600562274456024,1.6666666269302368,0.22608710825443268,0.8646776676177979,5.922299861907959,1.893702745437622,0.044642857142857144,4.4560370445251465,4.773879051208496,48.34062576293945,0.026785714285714284,2.0,0.9818314909934998
R01491,0.1866404414176941,2.3333332538604736,0.3078245520591736,1.6492831707000732,7.757745742797852,1.8501964807510376,0.06076388888888889,10.31491470336914,4.39593505859375,54.28601837158203,0.027777777777777776,1.0,0.9914559721946716
R01492,0.24235163629055023,1.6666666269302368,0.2292737066745758,0.9440829157829285,11.157496452331543,5.095545291900635,0.02125,0.733578622341156,2.58955454826355,28.772329330444336,0.035,79.0,0.998757004737854
R01493,0.5309634804725647,2.0,0.23246216773986816,0.4357154965400696,2.687056541442871,0.8554283380508423,0.05125,10.592453956604004,2.169640302658081,16.515274047851562,0.0425,0.0,0.0
R01494,0.5298143029212952,2.0,0.24730882048606873,0.4683164954185486,2.4126787185668945,-0.3018280863761902,0.01636904761904762,4.881686210632324,1.3964049816131592,11.016036987304688,0.06101190476190476,0.0,0.0
R01495,0.6250409483909607,2.3333332538604736,0.2276889532804489,0.3658040463924408,2.5500521659851074,0.7323580384254456,0.03869047619047619,9.848838806152344,1.3449897766113281,9.883749008178711,0.05357142857142857,0.0,0.0
R01496,0.1688135862350464,1.0,0.11686776578426361,0.7047170996665955,7.778985023498535,3.083817720413208,0.043154761904761904,0.9584167003631592,4.06998348236084,77.25798797607422,0.01636904761904762,3.0,0.9806190133094788
R01497,0.478410005569458,3.0,0.5460105538368225,1.1284765005111694,4.1449713706970215,0.738300085067749,0.022727272727272728,18.987306594848633,1.941260576248169,13.895711898803711,0.05113636363636364,5.0,0.9785328507423401
R01498,0.9032856822013855,4.0,0.3350343406200409,0.36833909153938293,2.5377261638641357,0.5848662853240967,0.041666666666666664,72.53509521484375,1.0540363788604736,6.26541805267334,0.05357142857142857,0.0,0.0
R01499,0.3180352747440338,2.3333332538604736,0.331333726644516,1.037999153137207,5.3538899421691895,1.7842026948928833,0.0625,5.2957258224487305,3.223601818084717,17.19912338256836,0.05952380952380952,2.0,0.974323570728302
R01500,1.1672608852386475,4.666666507720947,0.4096156656742096,0.35074228048324585,1.6687819957733154,-0.5034886002540588,0.0,85.41040802001953,1.1177587509155273,4.709599018096924,0.04403409090909091,0.0,0.0
R01501,0.467544823884964,2.6666667461395264,0.31655555963516235,0.6819029450416565,2.9065375328063965,1.0655146837234497,0.07589285714285714,26.651371002197266,1.9225610494613647,9.5935697555542,0.08333333333333333,2.0,0.982303261756897
R01502,0.22844883799552917,3.0,0.34220558404922485,1.4901295900344849,8.633846282958984,2.753462314605713,0.07589285714285714,22.836360931396484,4.291547775268555,38.9052619934082,0.03720238095238095,0.0,0.0
R01503,0.5520613193511963,4.0,0.4619617164134979,0.8367927670478821,4.814452171325684,2.3254294395446777,0.08984375,84.34667205810547,3.0031440258026123,28.00693702697754,0.0625,6.0,0.9832025766372681
R01504,0.4568372666835785,2.3333332538604736,0.2835519015789032,0.6246913075447083,3.157623767852783,1.4252327680587769,0.06625,9.531220436096191,2.0009262561798096,10.731954574584961,0.08125,0.0,0.0
R01505,0.2606658637523651,2.6666667461395264,0.3208945393562317,1.231052041053772,7.635163307189941,2.1955108642578125,0.06901041666666667,3.3417370319366455,3.1066792011260986,29.319854736328125,0.037760416666666664,4.0,0.9973008036613464
R01506,0.41715309023857117,2.6666667461395264,0.25126031041145325,0.5973536968231201,3.581622362136841,0.8208817839622498,0.03273809523809524,14.242670059204102,2.60095477104187,32.92992401123047,0.020833333333333332,3.0,0.99652498960495
R01507,0.4203917980194092,2.3333332538604736,0.28581222891807556,0.6776232123374939,4.209989547729492,1.2638400793075562,0.05505952380952381,8.172355651855469,2.6899702548980713,31.59244155883789,0.052083333333333336,2.0,0.9757249355316162
R01508,0.5213314294815063,4.0,0.5336813926696777,1.0148733854293823,4.281800270080566,1.8152216672897339,0.08333333333333333,40.61420440673828,2.8552308082580566,14.657407760620117,0.05357142857142857,8.0,0.9877929091453552
R01509,0.4162501096725464,2.0,0.18188773095607758,0.436276912689209,2.767141342163086,1.3400187492370605,0.06101190476190476,3.2544076442718506,1.4570887088775635,22.338613510131836,0.03422619047619048,1.0,0.9734207391738892
R01510,0.5223273634910583,3.0,0.3376794457435608,0.6464887261390686,2.734649896621704,0.5733281373977661,0.040364583333333336,31.050233840942383,1.7885717153549194,9.469985961914062,0.07161458333333333,4.0,0.9993177652359009
R01511,0.2515971064567566,1.6666666269302368,0.18819867074489594,0.7480131387710571,4.369206428527832,2.1387040615081787,0.046875,4.564766883850098,3.65201997756958,40.783843994140625,0.03993055555555555,6.0,0.9830325841903687
R01512,0.6762874126434326,5.0,0.5335752964019775,0.7889760732650757,4.593855857849121,1.4733062982559204,0.060546875,9.234092712402344,2.6121389865875244,39.60365676879883,0.0380859375,248.0,0.996702253818512
R01513,0.3485284745693207,1.6666666269302368,0.1683301329612732,0.4794444441795349,3.9969916343688965,2.288235902786255,0.047619047619047616,2.1750500202178955,4.804805755615234,97.5272445678711,0.022321428571428572,2.0,0.9792800545692444
R01514,0.9941014051437378,3.3333332538604736,0.27015021443367004,0.2722921073436737,1.9085677862167358,0.19863978028297424,0.025297619047619048,45.98395919799805,1.031206488609314,5.772964000701904,0.05505952380952381,0.0,0.0
R01515,0.2989973723888397,2.0,0.27850985527038574,0.9306203126907349,5.263400077819824,1.7296833992004395,0.06398809523809523,2.332744836807251,2.991204261779785,23.74716567993164,0.046130952380952384,5.0,0.9915289878845215
R01516,0.7241657376289368,4.0,0.45904991030693054,0.6308117508888245,2.8212497234344482,0.9896451234817505,0.0625,67.07981872558594,1.665282964706421,8.159021377563477,0.06696428571428571,0.0,0.0
R01517,0.5670505166053772,2.3333332538604736,0.33575716614723206,0.5920643210411072,2.6209473609924316,0.533149778842926,0.026988636363636364,11.683117866516113,1.3622232675552368,9.953676223754883,0.048295454545454544,22.0,0.998975396156311
R01518,0.5627844333648682,3.0,0.29644739627838135,0.5263611674308777,3.2586677074432373,0.5811869502067566,0.028273809523809524,22.155227661132812,1.6236159801483154,14.35233211517334,0.03273809523809524,0.0,0.0
R01519,0.3090915381908417,1.6666666269302368,0.2038402557373047,0.661524772644043,5.264120578765869,2.8215596675872803,0.050595238095238096,0.9318135380744934,1.194331407546997,11.458487510681152,0.06845238095238096,0.0,0.0
R01520,0.3262695372104645,2.0,0.20922662317752838,0.6351721882820129,4.351129055023193,1.7631865739822388,0.05505952380952381,5.066111087799072,3.585451602935791,49.49723815917969,0.03720238095238095,5.0,0.9773300886154175
R01521,0.4438224136829376,2.0,0.23998518288135529,0.5423909425735474,2.9347481727600098,0.5740054845809937,0.03422619047619048,5.068919658660889,1.6682195663452148,19.238283157348633,0.044642857142857144,0.0,0.0
R01522,1.628560185432434,7.0,0.5773828029632568,0.3545355796813965,2.1597304344177246,0.5149668455123901,0.026041666666666668,156.4660186767578,1.0328502655029297,12.289613723754883,0.03125,0.0,0.0
R01523,0.7051541209220886,3.6666667461395264,0.533053994178772,0.7614133358001709,3.466841459274292,0.807841956615448,0.041666666666666664,51.55644226074219,1.7774099111557007,10.145174026489258,0.06696428571428571,1.0,0.9958325624465942
R01524,0.38869810104370117,2.3333332538604736,0.297405868768692,0.762000560760498,4.618054389953613,2.094332218170166,0.07886904761904762,1.3767144680023193,2.379728317260742,36.589691162109375,0.04017857142857143,0.0,0.0
R01525,0.65550696849823,3.0,0.4516479969024658,0.6904761791229248,3.5243849754333496,0.5155515670776367,0.025297619047619048,18.966459274291992,2.0263054370880127,17.9942569732666,0.049107142857142856,0.0,0.0
R01526,0.2636680603027344,1.6666666269302368,0.2040240466594696,0.7733821868896484,6.717531681060791,2.7861545085906982,0.044642857142857144,1.9476869106292725,2.8836734294891357,32.762569427490234,0.050595238095238096,6.0,0.9799933433532715
R01527,0.2934064567089081,2.0,0.21575039625167847,0.7361054420471191,4.833437442779541,1.4846961498260498,0.05654761904761905,6.527154922485352,3.9085609912872314,44.41596603393555,0.02976190476190476,0.0,0.0
R01528,0.8226674199104309,3.0,0.38377055525779724,0.46522441506385803,2.1293232440948486,0.544402003288269,0.02976190476190476,31.579519271850586,1.1955018043518066,5.442010402679443,0.06696428571428571,0.0,0.0
R01529,0.2856541872024536,1.6666666269302368,0.20944270491600037,0.7326869964599609,3.6417531967163086,0.925967276096344,0.0578125,11.185729026794434,2.945507049560547,25.864547729492188,0.05,10.0,0.9945820569992065
R01530,0.41479799151420593,2.0,0.18146789073944092,0.434374064207077,2.74975848197937,1.659234642982483,0.06845238095238096,10.4656400680542,2.3073201179504395,20.061574935913086,0.03571428571428571,0.0,0.0
R01531,0.1914062798023224,2.3333332538604736,0.3136632740497589,1.6315745115280151,9.533019065856934,2.674088478088379,0.07738095238095238,14.671802520751953,4.214184761047363,41.5767936706543,0.03571428571428571,0.0,0.0
R01532,0.6870609521865845,4.0,0.5286725759506226,0.7639011144638062,3.3254354000091553,0.957356333732605,0.049107142857142856,63.395687103271484,2.104036808013916,19.190711975097656,0.05505952380952381,4.0,0.9880335927009583
R01533,0.7759131789207458,4.0,0.5018181204795837,0.643833339214325,2.825777292251587,1.0002137422561646,0.06696428571428571,86.54438781738281,1.6731740236282349,8.465080261230469,0.06696428571428571,0.0,0.0
R01534,0.41021546721458435,2.0,0.20251651108264923,0.4914311468601227,2.703883171081543,0.38968226313591003,0.046130952380952384,7.549378871917725,1.7955502271652222,12.773391723632812,0.05357142857142857,0.0,0.0
R01535,0.24608659744262695,1.6666666269302368,0.15641237795352936,0.6403613686561584,3.558312177658081,0.6323738098144531,0.02976190476190476,0.7525084018707275,4.881704330444336,89.397216796875,0.019345238095238096,8.0,0.993725061416626
R01536,0.5657989978790283,3.0,0.33513325452804565,0.5900575518608093,3.3705968856811523,1.1911228895187378,0.05654761904761905,6.888693809509277,3.4496092796325684,35.04747772216797,0.03422619047619048,7.0,0.9849267601966858
R01537,0.49892088770866394,2.3333332538604736,0.2912020981311798,0.5838975310325623,2.7968666553497314,0.7627978324890137,0.06398809523809523,12.293604850769043,1.693373680114746,9.769122123718262,0.0818452380952381,0.0,0.0
R01538,0.1821901500225067,1.6666666269302368,0.19326087832450867,1.0791343450546265,6.627152919769287,2.410433053970337,0.05952380952380952,1.462028980255127,3.8741605281829834,62.77006530761719,0.025297619047619048,2.0,0.9771028757095337
R01539,0.3862946331501007,2.0,0.2502284348011017,0.6454633474349976,3.428412675857544,0.9671027660369873,0.05803571428571429,5.237078666687012,1.968019723892212,14.478840827941895,0.06398809523809523,10.0,0.9967800378799438
R01540,0.5697886943817139,3.0,0.37962961196899414,0.6661027669906616,2.9706177711486816,1.0893678665161133,0.07142857142857142,21.654659271240234,2.2526752948760986,15.998263359069824,0.06398809523809523,0.0,0.0
R01541,0.19497646391391754,1.3333333730697632,0.15457145869731903,0.7882815599441528,6.5473833084106445,1.8548530340194702,0.041666666666666664,0.6428710222244263,4.119717121124268,64.42237091064453,0.02976190476190476,4.0,0.9792910814285278
R01542,0.22901275753974915,1.6666666269302368,0.17052330076694489,0.7432422041893005,4.71329927444458,1.5534392595291138,0.050595238095238096,2.018171787261963,4.270595550537109,61.49205780029297,0.028273809523809524,50.0,0.9974377155303955
R01543,0.52924644947052,2.6666667461395264,0.27720391750335693,0.5237700343132019,4.126462459564209,1.098058819770813,0.028645833333333332,16.635866165161133,3.701960802078247,62.79471206665039,0.018229166666666668,0.0,0.0
R01544,0.2562125325202942,2.6666667461395264,0.38952845335006714,1.500766396522522,8.718914985656738,2.171872854232788,0.07589285714285714,29.215017318725586,3.6592700481414795,35.97780990600586,0.03422619047619048,0.0,0.0
R01545,0.3818186819553375,2.0,0.18101835250854492,0.47658029198646545,3.4640848636627197,1.0093992948532104,0.03273809523809524,11.985246658325195,2.7233192920684814,21.676006317138672,0.049107142857142856,39.0,0.998165488243103
R01546,0.486276239156723,2.3333332538604736,0.26448553800582886,0.5421460866928101,2.889890432357788,1.4374505281448364,0.07291666666666667,13.358430862426758,2.5280423164367676,17.152414321899414,0.05357142857142857,8.0,0.9931027293205261
R01547,1.1663627624511719,4.333333492279053,0.3714641034603119,0.3179548978805542,1.8208454847335815,0.968532383441925,0.07589285714285714,156.61102294921875,1.2246297597885132,5.105854034423828,0.09672619047619048,0.0,0.0
R01548,0.34489136934280396,3.0,0.37117084860801697,1.0761932134628296,4.773907661437988,1.3225288391113281,0.075,27.707317352294922,2.1500041484832764,12.935090065002441,0.0703125,26.0,0.9804369211196899
R01549,0.3204178810119629,2.0,0.25036436319351196,0.7832147479057312,4.818721771240234,1.4045606851577759,0.052083333333333336,4.095641136169434,3.9218785762786865,36.7083740234375,0.026785714285714284,12.0,0.9952397346496582
R01550,0.08392234891653061,1.3333333730697632,0.17764998972415924,2.193446397781372,14.710306167602539,4.013602256774902,0.04791666666666667,1.4335060119628906,4.381336688995361,42.2867317199707,0.041666666666666664,0.0,0.0
R01551,0.49900534749031067,3.0,0.43380796909332275,0.8728867769241333,4.618382453918457,1.7875043153762817,0.06398809523809523,32.907440185546875,3.1610424518585205,28.583393096923828,0.050595238095238096,41.0,0.9887839555740356
R01552,0.34140652418136597,2.0,0.24361084401607513,0.719394326210022,4.737179756164551,1.9114689826965332,0.05505952380952381,13.334342002868652,3.298306941986084,29.01182746887207,0.041666666666666664,4.0,0.9971944689750671
R01553,0.3099217414855957,2.6666667461395264,0.363741010427475,1.1736503839492798,5.0730881690979,1.2173101902008057,0.0609375,22.605926513671875,2.1511173248291016,18.93854522705078,0.0640625,25.0,0.9893047213554382
R01554,0.7322238087654114,3.0,0.3083376884460449,0.41963374614715576,2.5650813579559326,0.4299064576625824,0.03571428571428571,36.24761199951172,1.1171820163726807,7.416418552398682,0.050595238095238096,0.0,0.0
R01555,0.292817622423172,2.0,0.23531940579414368,0.8005799651145935,6.217247486114502,2.2413575649261475,0.046130952380952384,2.9311439990997314,3.2796223163604736,44.1877326965332,0.041666666666666664,25.0,0.9920295476913452
R01556,0.4085216224193573,2.0,0.24651740491390228,0.6056283712387085,4.3208818435668945,2.099979877471924,0.06398809523809523,6.29925537109375,3.0215675830841064,37.51545333862305,0.03720238095238095,2.0,0.9842882752418518
R01557,0.647493302822113,3.3333332538604736,0.47914716601371765,0.7335243821144104,3.2815589904785156,0.8274343013763428,0.049107142857142856,16.60757827758789,2.0026304721832275,27.977294921875,0.019345238095238096,2.0,0.978963315486908
R01558,0.1155259758234024,1.0,0.13569386303424835,1.1745641231536865,8.77432918548584,3.3492398262023926,0.03993055555555555,2.73056697845459,5.77338981628418,71.08513641357422,0.020833333333333332,119.0,0.9970547556877136
R01559,0.2949056625366211,1.6666666269302368,0.24826812744140625,0.8323126435279846,4.26043701171875,0.8193346261978149,0.047619047619047616,1.7062829732894897,2.4057576656341553,21.426048278808594,0.044642857142857144,2.0,0.9744207262992859
R01560,0.27435922622680664,2.3333332538604736,0.2745785713195801,0.9910942316055298,5.966501712799072,2.6406149864196777,0.06696428571428571,14.01537799835205,2.7714545726776123,21.861356735229492,0.050595238095238096,0.0,0.0
R01561,0.6913069486618042,3.3333332538604736,0.4302924871444702,0.6182742714881897,3.645495653152466,1.5883259773254395,0.05952380952380952,34.25272750854492,1.4811877012252808,9.86491584777832,0.052083333333333336,0.0,0.0
R01562,0.6160219311714172,3.0,0.37023109197616577,0.5985873341560364,3.7372570037841797,0.23677225410938263,0.022321428571428572,8.991767883300781,2.4067165851593018,27.692764282226562,0.026785714285714284,1.0,0.9794719219207764
R01563,0.5707786083221436,2.6666667461395264,0.3609974980354309,0.6300185322761536,3.514291763305664,1.1564252376556396,0.052083333333333336,7.994840621948242,2.2478458881378174,24.175622940063477,0.04861111111111111,0.0,0.0
R01564,0.5519625544548035,3.3333332538604736,0.4151591956615448,0.7798823714256287,3.96065616607666,1.5997925996780396,0.06049382716049383,42.0353889465332,2.239497661590576,14.466651916503906,0.04938271604938271,1.0,0.988982617855072
R01565,0.18056781589984894,2.0,0.23542462289333344,1.3044606447219849,7.779242515563965,2.0111727714538574,0.05263157894736842,5.586698532104492,4.211685657501221,47.72860336303711,0.023026315789473683,22.0,0.9973018765449524
R01566,0.6491037607192993,2.3333332538604736,0.19363051652908325,0.2987474799156189,2.181218147277832,0.028575584292411804,0.028273809523809524,10.017454147338867,4.518728733062744,74.49993896484375,0.010416666666666666,0.0,0.0
R01567,1.726860523223877,6.333333492279053,0.5284148454666138,0.3059972822666168,1.8382943868637085,-0.557868242263794,0.013888888888888888,331.51129150390625,0.7136706113815308,2.8255717754364014,0.036458333333333336,0.0,0.0
R01568,0.4828944504261017,2.6666667461395264,0.28417259454727173,0.589174747467041,3.1173722743988037,0.9079222679138184,0.04017857142857143,23.31475067138672,1.9301317930221558,12.932032585144043,0.05654761904761905,9.0,0.9942727088928223
R01569,0.39445415139198303,2.3333332538604736,0.3357805907726288,0.8534954786300659,4.990979194641113,0.9506038427352905,0.05125,16.83599281311035,2.667813539505005,32.37394714355469,0.0375,1.0,0.9766436219215393
R01570,0.32115063071250916,2.0,0.2500576078891754,0.7744415998458862,4.456045627593994,0.9892838001251221,0.043154761904761904,5.313057899475098,2.6681926250457764,46.70656967163086,0.03422619047619048,1.0,0.9796625375747681
R01571,0.7730811238288879,5.0,0.641861081123352,0.8233305811882019,3.512876272201538,1.1024725437164307,0.06101190476190476,219.67776489257812,2.390350341796875,12.27775764465332,0.0744047619047619,14.0,0.9868813157081604
R01572,0.20795594155788422,1.6666666269302368,0.18149761855602264,0.8825321197509766,6.0116448402404785,1.798892855644226,0.03869047619047619,2.1416170597076416,3.150188684463501,40.457149505615234,0.025297619047619048,8.0,0.9904769062995911
R01573,0.5594080686569214,3.0,0.3969644010066986,0.7078600525856018,4.251312255859375,1.8662517070770264,0.047619047619047616,34.712581634521484,2.669668436050415,20.989253997802734,0.046130952380952384,0.0,0.0
R01574,0.9432820677757263,5.0,0.4878927767276764,0.5172433257102966,2.215564250946045,0.2892451882362366,0.011904761904761904,136.80628967285156,1.010105848312378,4.895254611968994,0.043154761904761904,5.0,0.9851621389389038
R01575,0.19332724809646606,3.0,0.31385537981987,1.6234325170516968,10.326577186584473,3.136583089828491,0.0751953125,28.95085906982422,5.12490701675415,83.868896484375,0.025390625,0.0,0.0
R01576,0.715918242931366,3.0,0.24186837673187256,0.34006398916244507,2.331871271133423,0.5920792818069458,0.026785714285714284,19.430320739746094,1.0291918516159058,7.904520511627197,0.046130952380952384,5.0,0.9844087958335876
R01577,0.3666466176509857,2.0,0.19001512229442596,0.5182499289512634,3.767951250076294,2.288661479949951,0.04861111111111111,6.244874000549316,3.053701877593994,31.850116729736328,0.03819444444444445,5.0,0.9786494970321655
R01578,0.4937702417373657,2.0,0.2684938907623291,0.5450055003166199,2.657586097717285,1.0043388605117798,0.05803571428571429,9.693878173828125,2.295698881149292,14.303325653076172,0.0625,1.0,0.9704914093017578
R01579,0.39974188804626465,2.0,0.22503939270973206,0.5629603862762451,4.951913833618164,1.987108826637268,0.048828125,2.735316276550293,3.167776346206665,57.67987823486328,0.0283203125,0.0,0.0
R01580,0.4075925946235657,2.3333332538604736,0.27542203664779663,0.6746323704719543,4.415707111358643,1.774764895439148,0.052083333333333336,6.338979244232178,3.6354358196258545,57.85530471801758,0.03720238095238095,3.0,0.9812727570533752
R01581,0.4461994171142578,2.0,0.136794313788414,0.3062916398048401,2.265305995941162,1.3921095132827759,0.052083333333333336,11.318089485168457,1.2624828815460205,11.86945629119873,0.046130952380952384,0.0,0.0
R01582,0.22610172629356384,3.0,0.43314552307128906,1.9116424322128296,7.861360549926758,2.174832582473755,0.08664772727272728,44.398643493652344,2.81033992767334,15.225483894348145,0.06960227272727272,14.0,0.9977478384971619
R01583,0.2710503041744232,1.6666666269302368,0.14243781566619873,0.5255012512207031,3.4539501667022705,1.2755202054977417,0.043402777777777776,2.476978302001953,2.8194944858551025,34.49104309082031,0.017361111111111112,13.0,0.992171585559845
R01584,0.47849494218826294,5.0,0.684829592704773,1.4125690460205078,8.589707374572754,2.6928515434265137,0.06375,40.55709457397461,2.7912485599517822,24.367889404296875,0.05,126.0,0.9940407872200012
R01585,0.21038034558296204,1.3333333730697632,0.16648879647254944,0.7879899144172668,4.911709785461426,1.8157899379730225,0.05505952380952381,0.8364444971084595,3.7828946113586426,45.40229034423828,0.01636904761904762,2.0,0.9899506568908691
R01586,0.5181668400764465,2.3333332538604736,0.2239742875099182,0.4322427213191986,2.808749198913574,0.883628785610199,0.033854166666666664,13.601296424865723,2.046313762664795,32.39516067504883,0.022135416666666668,0.0,0.0
R01587,0.5850563645362854,3.6666667461395264,0.4264432489871979,0.7418508529663086,3.618553638458252,1.2018284797668457,0.05505952380952381,34.18024444580078,2.479916572570801,20.257070541381836,0.049107142857142856,2.0,0.9819481372833252
R01588,0.12019486725330353,1.0,0.11003104597330093,0.9061529636383057,4.691407203674316,0.7719688415527344,0.03422619047619048,0.4543388783931732,2.6209921836853027,33.78171920776367,0.03869047619047619,58.0,0.997559130191803
R01589,0.9842886924743652,5.0,0.48522037267684937,0.49296510219573975,2.314023733139038,1.2592133283615112,0.109375,139.274169921875,1.1976065635681152,6.19955587387085,0.052083333333333336,12.0,0.9958761930465698
R01590,0.21785594522953033,2.0,0.16540966928005219,0.7602019309997559,4.812801361083984,1.912434697151184,0.05654761904761905,7.7091145515441895,3.4184679985046387,36.65021896362305,0.03422619047619048,5.0,0.9908962249755859
R01591,0.2662472426891327,2.0,0.2317286878824234,0.8708688616752625,5.297117710113525,1.5864206552505493,0.045,2.8744285106658936,2.9230809211730957,34.849220275878906,0.04,30.0,0.9932112693786621
R01592,0.34356239438056946,2.0,0.2927223742008209,0.8463902473449707,5.1635613441467285,1.2666460275650024,0.05357142857142857,6.827388763427734,3.052910566329956,32.214420318603516,0.043154761904761904,15.0,0.9864480495452881
R01593,0.39489880204200745,2.0,0.2311902642250061,0.585440456867218,4.547732830047607,1.7156689167022705,0.0537109375,5.187265872955322,3.2912533283233643,58.46540832519531,0.0302734375,3.0,0.991369903087616
R01594,0.18337233364582062,2.3333332538604736,0.2889304757118225,1.5444114208221436,10.346020698547363,2.932065725326538,0.06481481481481481,1.426988124847412,3.280014753341675,28.52000617980957,0.04282407407407408,2.0,0.979560375213623
R01595,0.44999465346336365,2.3333332538604736,0.28422850370407104,0.6377305388450623,3.278672218322754,0.9815892577171326,0.052083333333333336,8.12950325012207,2.674053192138672,22.53107261657715,0.03571428571428571,4.0,0.98823481798172
R01596,0.13316471874713898,1.3333333730697632,0.17029577493667603,1.2710589170455933,7.5755934715271,2.0790884494781494,0.052083333333333336,0.8632023930549622,5.482624053955078,71.0821762084961,0.019345238095238096,4.0,0.9860777854919434
R01597,0.5016933679580688,3.0,0.3759174048900604,0.7822819352149963,3.9160895347595215,1.6550294160842896,0.06451612903225806,29.939781188964844,2.280454635620117,14.912073135375977,0.055299539170506916,0.0,0.0
R01598,0.3541199862957001,2.0,0.1273229718208313,0.35922497510910034,4.63339900970459,4.867376804351807,0.019345238095238096,9.17283821105957,4.936042308807373,87.58160400390625,0.010416666666666666,2.0,0.9707103967666626
R01599,0.5062077641487122,3.3333332538604736,0.5253455638885498,1.037804126739502,4.548981666564941,1.2133716344833374,0.06510416666666667,18.868122100830078,1.8952016830444336,10.33505916595459,0.061197916666666664,10.0,0.9911555051803589
R01600,0.26156941056251526,1.6666666269302368,0.19160981476306915,0.7356131672859192,5.386266231536865,2.836589813232422,0.04017857142857143,3.080174446105957,5.126786708831787,62.85557556152344,0.025297619047619048,21.0,0.9883652925491333
R01601,0.22866427898406982,2.0,0.24443426728248596,1.0557894706726074,6.532406806945801,1.9205628633499146,0.06101190476190476,0.24091394245624542,2.4724833965301514,21.736122131347656,0.041666666666666664,62.0,0.9985970258712769
R01602,0.4347163140773773,2.0,0.1861283779144287,0.4300069510936737,3.016437530517578,2.211381435394287,0.05654761904761905,7.283225059509277,2.313861846923828,17.069385528564453,0.050595238095238096,4.0,0.983401894569397
R01603,0.21435286104679108,2.0,0.21497789025306702,1.0062235593795776,6.65369176864624,1.8941668272018433,0.05505952380952381,6.085740089416504,2.8258399963378906,26.745189666748047,0.03869047619047619,1.0,0.9830500483512878
R01604,0.4655829668045044,2.0,0.16853564977645874,0.36338499188423157,2.7120089530944824,0.7877288460731506,0.043154761904761904,3.549576997756958,2.607435464859009,27.631061553955078,0.03125,0.0,0.0
R01605,0.4429914653301239,4.0,0.45839494466781616,1.0594122409820557,5.222621917724609,1.828024983406067,0.05803571428571429,5.707681179046631,3.624547243118286,41.632747650146484,0.03869047619047619,16.0,0.9988581538200378
R01606,0.677757203578949,2.6666667461395264,0.2379254847764969,0.35115718841552734,2.5838077068328857,0.7404820322990417,0.03869047619047619,14.597612380981445,1.2739830017089844,10.252701759338379,0.05357142857142857,0.0,0.0
R01607,0.41966620087623596,2.0,0.25267407298088074,0.6020818948745728,3.765073299407959,1.2990859746932983,0.053385416666666664,12.650081634521484,2.1323435306549072,23.653898239135742,0.046875,21.0,0.9874709248542786
R01608,0.3927874267101288,3.0,0.3416348099708557,0.858880341053009,4.90039587020874,1.8683487176895142,0.05505952380952381,26.684261322021484,2.67946720123291,24.057985305786133,0.03869047619047619,0.0,0.0
R01609,0.3222532570362091,3.0,0.4534144997596741,1.3839585781097412,6.886560440063477,1.441695213317871,0.06375,6.115942001342773,2.564274787902832,22.538745880126953,0.05375,7.0,0.9816197752952576
R01610,0.5407874584197998,3.0,0.33445703983306885,0.6159151196479797,3.5661802291870117,1.8238451480865479,0.08482142857142858,33.17246627807617,2.282888889312744,17.324888229370117,0.03869047619047619,1.0,0.9700815081596375
R01611,0.6602115631103516,3.0,0.43649134039878845,0.6587323546409607,3.081679105758667,0.7203083038330078,0.03125,27.689228057861328,1.7101260423660278,13.947603225708008,0.04261363636363636,34.0,0.9950764775276184
R01612,0.2964584231376648,2.0,0.22369079291820526,0.7510117888450623,4.687416076660156,1.744214653968811,0.0525,3.9102485179901123,4.809906959533691,55.2702751159668,0.0225,3.0,0.9786273837089539
R01613,0.2941064238548279,1.6666666269302368,0.1280057430267334,0.4382275342941284,3.308713436126709,1.4471639394760132,0.05654761904761905,0.9271275401115417,2.162254810333252,23.778356552124023,0.026785714285714284,83.0,0.9970694184303284
R01614,0.24367833137512207,1.6666666269302368,0.19311034679412842,0.7982033491134644,8.854798316955566,3.590439558029175,0.043154761904761904,2.291065216064453,4.989022731781006,78.57946014404297,0.020833333333333332,0.0,0.0
R01615,0.6287030577659607,3.0,0.3694882392883301,0.5857973098754883,3.354585647583008,0.39703649282455444,0.022321428571428572,22.063180923461914,2.8696911334991455,42.79563522338867,0.01636904761904762,1.0,0.9716015458106995
R01616,0.1265874207019806,2.0,0.2505878210067749,1.9562592506408691,10.787552833557129,2.101130485534668,0.06994047619047619,4.60296106338501,4.6927409172058105,61.587738037109375,0.03125,3.0,0.9992184638977051
R01617,0.07775174081325531,1.0,0.13982000946998596,1.7737594842910767,11.967475891113281,3.5237319469451904,0.05357142857142857,1.1544262170791626,5.648281574249268,65.39094543457031,0.022321428571428572,1.0,0.9789050221443176
R01618,0.4488579332828522,2.0,0.23385562002658844,0.5226144790649414,2.9309585094451904,0.9098381400108337,0.044642857142857144,6.733918190002441,2.1925292015075684,11.11358642578125,0.07886904761904762,12.0,0.9851956963539124
R01619,0.14150992035865784,2.0,0.21092242002487183,1.493241548538208,12.937742233276367,3.2994179725646973,0.043154761904761904,12.353132247924805,5.011098384857178,69.81544494628906,0.02976190476190476,14.0,0.9894987940788269
R01620,0.5654743909835815,2.6666667461395264,0.2869614064693451,0.5075211524963379,3.2971341609954834,1.2747509479522705,0.046130952380952384,7.646561622619629,1.9416922330856323,17.128341674804688,0.044642857142857144,3.0,0.9787121415138245
R01621,0.33634454011917114,2.3333332538604736,0.3275641202926636,0.9699996709823608,5.983231067657471,1.7776081562042236,0.05375,10.021148681640625,3.2397620677948,40.15047073364258,0.04125,1.0,0.9815875291824341
R01622,0.13985314965248108,1.6666666269302368,0.18984870612621307,1.3601285219192505,8.209065437316895,2.0962719917297363,0.05592105263157895,3.8745791912078857,3.6480839252471924,39.684173583984375,0.024671052631578948,21.0,0.9985952377319336
R01623,0.5493053793907166,2.0,0.20252740383148193,0.3686966001987457,2.0907046794891357,0.6791020631790161,0.045572916666666664,13.53583812713623,1.3288078308105469,8.144673347473145,0.059895833333333336,0.0,0.0
R01624,0.6164186596870422,3.0,0.29830241203308105,0.48084747791290283,2.688676118850708,1.068437933921814,0.0525,18.251371383666992,2.0230941772460938,16.12373924255371,0.04375,0.0,0.0
R01625,0.613348126411438,3.0,0.36133626103401184,0.5837123990058899,3.628926992416382,0.8015720844268799,0.034375,21.456249237060547,2.482084035873413,29.405271530151367,0.03125,25.0,0.9950644373893738
R01626,1.0600223541259766,4.0,0.4582037329673767,0.4308581054210663,1.9290026426315308,-0.1479528397321701,0.001488095238095238,98.65409851074219,0.9996110796928406,4.416525840759277,0.052083333333333336,0.0,0.0
R01627,0.4865582287311554,2.3333332538604736,0.30997684597969055,0.6327309608459473,2.6850814819335938,0.49613821506500244,0.028273809523809524,16.5057373046875,1.7748184204101562,10.911575317382812,0.050595238095238096,0.0,0.0
R01628,0.4286517798900604,2.0,0.24834907054901123,0.5812398195266724,3.685086488723755,1.4046794176101685,0.049107142857142856,8.852150917053223,2.767406463623047,23.519433975219727,0.041666666666666664,3.0,0.9870728254318237
R01629,0.33557772636413574,3.0,0.3677426278591156,1.1259703636169434,5.320352077484131,1.5887160301208496,0.06547619047619048,2.450289011001587,3.4905428886413574,42.44292068481445,0.041666666666666664,7.0,0.9821616411209106
R01630,0.37995198369026184,2.3333332538604736,0.3006650507450104,0.7910119295120239,4.0422282218933105,1.665691614151001,0.06696428571428571,9.137147903442383,2.1947972774505615,16.460044860839844,0.07142857142857142,8.0,0.9865750074386597
R01631,1.760736107826233,6.666666507720947,0.5617876052856445,0.32093140482902527,1.9696853160858154,-0.6752197742462158,0.0055147058823529415,352.6909484863281,0.7234453558921814,2.9101479053497314,0.027573529411764705,0.0,0.0
R01632,0.6131188273429871,4.333333492279053,0.5902029275894165,0.962622344493866,3.2184689044952393,0.5573491454124451,0.014322916666666666,48.403228759765625,1.6785387992858887,7.609776973724365,0.059895833333333336,16.0,0.9899923205375671
R01633,0.10010743886232376,1.6666666269302368,0.22071674466133118,2.171760320663452,11.043905258178711,2.420801877975464,0.07589285714285714,0.49908021092414856,4.95554780960083,69.78656005859375,0.020833333333333332,0.0,0.0
R01634,0.4100911319255829,3.3333332538604736,0.4216943681240082,1.0235724449157715,5.604404926300049,2.125213623046875,0.08823529411764706,39.26415252685547,2.865737199783325,18.74934959411621,0.05514705882352941,225.0,0.9981527328491211
R01635,0.5698497295379639,2.6666667461395264,0.3567754924297333,0.6249796152114868,3.744126081466675,1.4096356630325317,0.052083333333333336,7.234279155731201,2.34604549407959,23.390796661376953,0.04513888888888889,7.0,0.988568902015686
R01636,0.32700544595718384,2.0,0.25209906697273254,0.7654575705528259,6.118138313293457,2.6234054565429688,0.046130952380952384,1.8540830612182617,2.7240726947784424,20.20451545715332,0.052083333333333336,2.0,0.9756409525871277
R01637,0.18720024824142456,2.0,0.2913897633552551,1.5441333055496216,11.129703521728516,3.3653714656829834,0.03720238095238095,10.596746444702148,5.856248378753662,61.51058578491211,0.025297619047619048,2.0,0.9832693338394165
R01638,0.30914023518562317,3.0,0.3942514955997467,1.2753119468688965,5.634518623352051,1.8827000856399536,0.0869140625,14.67869758605957,2.6824049949645996,18.176546096801758,0.0654296875,9.0,0.9861553907394409
R01639,0.6941224336624146,5.9375,0.8038297295570374,1.161396861076355,4.563534736633301,1.621414303779602,0.11458333333333333,369.953857421875,2.3260717391967773,11.368431091308594,0.08482142857142858,7.0,0.9872087240219116
R01640,0.4335094690322876,3.6666667461395264,0.4605584144592285,1.0500140190124512,5.385751247406006,2.2975380420684814,0.09625,58.257633209228516,3.029789447784424,18.883445739746094,0.06875,0.0,0.0
R01641,0.27052539587020874,2.0,0.29634538292884827,1.0743860006332397,5.051085948944092,0.9716519117355347,0.046875,9.656234741210938,2.5669991970062256,29.028913497924805,0.03551136363636364,31.0,0.9999188780784607
R01642,0.3076228201389313,2.0,0.20170556008815765,0.6544067859649658,4.734536170959473,1.1005107164382935,0.046130952380952384,5.394218921661377,2.60288143157959,40.18512725830078,0.03869047619047619,2.0,0.9836738109588623
R01643,0.6729724407196045,3.6666667461395264,0.40818849205970764,0.6031900644302368,3.268117904663086,1.4428461790084839,0.07142857142857142,42.668785095214844,2.0774996280670166,13.271632194519043,0.05803571428571429,0.0,0.0
R01644,0.05262460559606552,1.0,0.12482910603284836,2.4843344688415527,23.432655334472656,4.556762218475342,0.03571428571428571,2.783583164215088,3.8504035472869873,49.03837585449219,0.04017857142857143,30.0,1.0000001192092896
R01645,0.18258152902126312,2.3333332538604736,0.32005685567855835,1.7322231531143188,8.306865692138672,1.997193694114685,0.08630952380952381,8.917948722839355,2.9216620922088623,22.668535232543945,0.05357142857142857,1.0,0.9726756811141968
R01646,0.38135820627212524,3.0,0.41290217638015747,1.0764076709747314,3.8433568477630615,1.198377251625061,0.0775,29.93948745727539,2.0311977863311768,8.800518989562988,0.075,13.0,1.0
R01647,0.5045744776725769,3.0,0.4008917808532715,0.786197304725647,3.5047378540039062,0.8431960940361023,0.046130952380952384,49.388916015625,2.2682807445526123,23.89392852783203,0.043154761904761904,0.0,0.0
R01648,0.15129797160625458,1.3333333730697632,0.15020281076431274,1.0244560241699219,9.349303245544434,3.006246328353882,0.043154761904761904,1.9658840894699097,5.653087615966797,120.14783477783203,0.017857142857142856,3.0,0.9785822629928589
R01649,0.25948673486709595,1.6666666269302368,0.1891852468252182,0.7289934754371643,4.5657958984375,1.5325127840042114,0.05803571428571429,3.127553701400757,3.960676670074463,49.38606643676758,0.022321428571428572,3.0,0.9831697344779968
R01650,0.5705907344818115,2.3333332538604736,0.20130686461925507,0.352899968624115,2.707746744155884,0.6073655486106873,0.023809523809523808,13.293604850769043,1.4188976287841797,12.177988052368164,0.04017857142857143,0.0,0.0
R01651,0.5486547946929932,3.0,0.3487085700035095,0.6355689167976379,2.9819564819335938,1.1593236923217773,0.06380208333333333,30.691099166870117,1.77412748336792,9.56527328491211,0.06640625,75.0,0.9985733032226562
R01652,0.3684166371822357,2.0,0.2124783843755722,0.5767322778701782,4.0909037590026855,0.9595659375190735,0.036458333333333336,5.657487392425537,3.4637835025787354,48.131500244140625,0.014322916666666666,2.0,0.974102258682251
R01653,0.5361872911453247,3.3333332538604736,0.4176166355609894,0.776352047920227,5.616959095001221,2.040698528289795,0.049107142857142856,34.75243377685547,2.749525547027588,22.696985244750977,0.03869047619047619,0.0,0.0
R01654,1.1519275903701782,4.0,0.2251388132572174,0.19498085975646973,1.5697107315063477,-1.143941879272461,0.010416666666666666,106.49749755859375,0.4458901286125183,4.812942981719971,0.018229166666666668,0.0,0.0
R01655,0.336355984210968,3.0,0.46895530819892883,1.3700973987579346,5.974433422088623,1.2987208366394043,0.0675,8.46209716796875,2.3494770526885986,15.296304702758789,0.07125,7.0,0.9826991558074951
R01656,0.5728795528411865,4.0,0.48844727873802185,0.8510895371437073,4.2999444007873535,1.2591850757598877,0.049107142857142856,61.004302978515625,2.5439374446868896,25.90349006652832,0.047619047619047616,0.0,0.0
R01657,0.549513578414917,3.6666667461395264,0.40734076499938965,0.7364038228988647,4.321849346160889,1.9928725957870483,0.06547619047619048,55.78508758544922,3.3411974906921387,30.413497924804688,0.02976190476190476,0.0,0.0
R01658,0.14746235311031342,1.0,0.11006394028663635,0.7458497881889343,6.397099018096924,2.8149046897888184,0.044642857142857144,1.7272785902023315,6.221137046813965,86.04817199707031,0.013392857142857142,2.0,0.9720288515090942
R01659,0.415534645318985,3.0,0.4377377927303314,1.0462610721588135,4.869784355163574,1.211912751197815,0.06547619047619048,17.6900634765625,3.009493589401245,31.02057456970215,0.02976190476190476,4.0,0.9864673614501953
R01660,0.28711259365081787,2.3333332538604736,0.3258790075778961,1.1226975917816162,6.6637372970581055,2.1667022705078125,0.06625,9.577820777893066,3.0077953338623047,31.191179275512695,0.04,101.0,0.9945464134216309
R01661,0.5045425295829773,5.666666507720947,0.7923494577407837,1.563952922821045,9.306880950927734,3.5976147651672363,0.049107142857142856,36.76021194458008,3.8412747383117676,23.80686378479004,0.05357142857142857,3.0,0.9809634685516357
R01662,0.5114118456840515,3.0,0.4104757010936737,0.7968885898590088,3.623021364212036,1.1998010873794556,0.06101190476190476,29.559341430664062,2.442092180252075,19.396451950073242,0.049107142857142856,0.0,0.0
R01663,0.11886473745107651,1.3333333730697632,0.16351120173931122,1.422148585319519,9.849874496459961,2.787137031555176,0.044642857142857144,1.8716601133346558,4.2666707038879395,53.540245056152344,0.026785714285714284,9.0,0.9951199889183044
R01664,0.2604491114616394,1.6666666269302368,0.15269076824188232,0.5811232924461365,3.3103256225585938,1.5094153881072998,0.05654761904761905,1.5598199367523193,2.2246253490448,25.739498138427734,0.03720238095238095,41.0,0.9901541471481323
R01665,0.4623502194881439,2.0,0.17007103562355042,0.3688218593597412,2.519484281539917,0.7470132112503052,0.03869047619047619,6.1684889793396,3.1796329021453857,33.05616760253906,0.026785714285714284,1.0,0.9724854230880737
R01666,0.33450767397880554,1.6666666269302368,0.16508746147155762,0.49259793758392334,3.990135908126831,2.049280881881714,0.041666666666666664,2.468663454055786,3.9868290424346924,34.475128173828125,0.03125,8.0,0.976997971534729
R01667,0.5277328491210938,3.0,0.3898436427116394,0.7549446821212769,4.082350730895996,1.9004639387130737,0.06845238095238096,18.655990600585938,2.6087801456451416,16.781972885131836,0.06696428571428571,0.0,0.0
R01668,0.1594628095626831,1.0,0.13387998938560486,0.8579116463661194,8.060144424438477,3.339789390563965,0.046130952380952384,1.4557836055755615,5.236517429351807,98.00945281982422,0.019345238095238096,1.0,0.9718729853630066
R01669,0.3947852551937103,2.0,0.31160321831703186,0.7846295833587646,3.087714910507202,0.526991069316864,0.024147727272727272,10.347315788269043,1.799229621887207,11.471083641052246,0.07386363636363637,5.0,0.9836510419845581
R01670,0.6035705208778381,2.6666667461395264,0.28236302733421326,0.46763351559638977,2.6923105716705322,0.8948510885238647,0.05357142857142857,14.34788990020752,2.2273359298706055,27.918560028076172,0.05357142857142857,0.0,0.0
R01671,0.3757445514202118,2.0,0.2199569046497345,0.584763765335083,4.022423267364502,1.0914045572280884,0.03273809523809524,8.079078674316406,3.1713569164276123,38.152793884277344,0.03125,11.0,0.994070291519165
R01672,0.47851812839508057,3.0,0.44057199358940125,0.9253328442573547,5.617205619812012,2.0576131343841553,0.05505952380952381,41.048248291015625,3.8186564445495605,35.684749603271484,0.043154761904761904,6.0,0.9894827604293823
R01673,0.6300622820854187,4.0,0.5573446154594421,0.8740488886833191,3.6490113735198975,1.241506814956665,0.0675,61.1710090637207,2.182858943939209,13.983907699584961,0.07,14.0,0.9918577671051025
R01674,0.13216903805732727,1.6666666269302368,0.16507314145565033,1.2955451011657715,10.349447250366211,2.6697192192077637,0.0625,2.8892552852630615,6.71156644821167,90.8135757446289,0.01125,16.0,0.9956724643707275
R01675,1.1685482263565063,5.0,0.42144373059272766,0.3601507842540741,1.781177043914795,-0.01341271586716175,0.005952380952380952,287.4471435546875,1.1866093873977661,6.111800670623779,0.07142857142857142,0.0,0.0
R01676,0.30891454219818115,1.6666666269302368,0.2016325294971466,0.6627565026283264,3.6678619384765625,0.7400514483451843,0.041666666666666664,3.5910756587982178,2.755143404006958,25.03038215637207,0.028273809523809524,12.0,0.9854820370674133
R01677,0.3460937440395355,1.6666666269302368,0.18027177453041077,0.5190250873565674,3.3580427169799805,1.2574092149734497,0.0575,2.990222454071045,2.417508840560913,34.392818450927734,0.04625,0.0,0.0
R01678,0.3345017433166504,2.3333332538604736,0.29061540961265564,0.8643597364425659,3.8523752689361572,1.0110119581222534,0.04017857142857143,11.536933898925781,1.7661802768707275,12.222433090209961,0.049107142857142856,17.0,0.9937233328819275
R01679,0.5423877835273743,4.0,0.6562844514846802,1.1917897462844849,3.5952799320220947,0.9292265772819519,0.03720238095238095,33.35942459106445,1.7856431007385254,9.968098640441895,0.07886904761904762,2.0,0.9730158448219299
R01680,0.3651122450828552,2.0,0.27994197607040405,0.7615100145339966,4.616973876953125,1.8180431127548218,0.047619047619047616,11.374396324157715,4.316898822784424,59.75251770019531,0.03125,0.0,0.0
R01681,0.6768651604652405,3.6666667461395264,0.4045214056968689,0.5940951704978943,3.082130193710327,1.4624882936477661,0.07291666666666667,47.18903350830078,2.1094284057617188,12.576109886169434,0.06994047619047619,0.0,0.0
R01682,0.41864433884620667,2.3333332538604736,0.24759726226329803,0.591424822807312,3.6327483654022217,1.495768666267395,0.0546875,13.943440437316895,2.9790239334106445,40.76611328125,0.029947916666666668,0.0,0.0
R01683,0.4564663767814636,3.0,0.40323615074157715,0.8816925883293152,4.722558975219727,1.4754626750946045,0.06845238095238096,17.270944595336914,3.032679319381714,41.3775520324707,0.03720238095238095,10.0,0.9853518009185791
R01684,0.5134688019752502,3.0,0.4197600185871124,0.8174969553947449,3.8386456966400146,0.5396206378936768,0.026041666666666668,22.999216079711914,1.74135422706604,16.097084045410156,0.061197916666666664,15.0,0.9999167323112488
R01685,0.10451507568359375,1.0,0.10924538224935532,1.0410289764404297,8.697942733764648,3.07580828666687,0.046130952380952384,1.2705674171447754,8.590188026428223,175.61233520507812,0.011904761904761904,25.0,0.9988676905632019
R01686,0.2800581753253937,2.3333332538604736,0.34901776909828186,1.2449573278427124,5.256494522094727,1.1948107481002808,0.05803571428571429,11.8165864944458,2.6178269386291504,24.582691192626953,0.050595238095238096,15.0,0.9966340661048889
R01687,0.35373854637145996,2.3333332538604736,0.31649136543273926,0.893433153629303,5.941754341125488,2.9615581035614014,0.047619047619047616,3.8092470169067383,2.7665624618530273,26.17704200744629,0.043154761904761904,4.0,0.9873746037483215
R01688,0.21238833665847778,2.0,0.2177484929561615,1.0252326726913452,5.209514141082764,1.9375672340393066,0.07942708333333333,4.387026309967041,2.498964309692383,22.021961212158203,0.061197916666666664,29.0,0.9971634745597839
R01689,0.12200073152780533,1.0,0.09179569035768509,0.7517275810241699,3.710703134536743,0.8522467017173767,0.03869047619047619,0.8190121650695801,3.3491122722625732,33.59073257446289,0.026785714285714284,40.0,0.9971370697021484
R01690,0.6652854084968567,3.0,0.39501941204071045,0.5937584638595581,2.365248680114746,0.4987347424030304,0.009114583333333334,34.113040924072266,1.35111665725708,6.52244234085083,0.03515625,1.0,0.9742519855499268
R01691,0.46458813548088074,2.0,0.2734100818634033,0.588498592376709,2.4614319801330566,0.6100034713745117,0.032552083333333336,15.8264799118042,1.695907473564148,9.277511596679688,0.06380208333333333,1.0,0.9838786721229553
R01692,0.47127535939216614,4.333333492279053,0.6343830823898315,1.3460958003997803,4.570505619049072,1.5321807861328125,0.1015625,82.28230285644531,2.03762149810791,8.438714981079102,0.09114583333333333,36.0,0.9946154356002808
R01693,0.42004817724227905,2.0,0.2123919576406479,0.5128871202468872,4.126093864440918,1.9627022743225098,0.06845238095238096,4.094466686248779,3.3999152183532715,37.43902587890625,0.046130952380952384,11.0,0.9949411749839783
R01694,0.341585248708725,2.3333332538604736,0.29066598415374756,0.8524895906448364,4.898641586303711,2.1546645164489746,0.06994047619047619,9.128605842590332,3.9909441471099854,39.914093017578125,0.03125,10.0,0.9874785542488098
R01695,0.4941617548465729,3.6666667461395264,0.43440356850624084,0.8790696263313293,4.940489292144775,2.076526165008545,0.07421875,16.004011154174805,3.8873445987701416,43.925537109375,0.029947916666666668,55.0,0.9969996809959412
R01696,0.6551095843315125,3.0,0.40213075280189514,0.6115833520889282,2.8991334438323975,1.2465876340866089,0.06398809523809523,36.22676086425781,1.8320761919021606,10.630908012390137,0.07738095238095238,0.0,0.0
R01697,0.828074038028717,4.0,0.41476190090179443,0.5000243782997131,2.238466739654541,0.6563256978988647,0.043154761904761904,63.76207733154297,1.3863537311553955,6.053178787231445,0.07738095238095238,0.0,0.0
R01698,0.41653990745544434,2.6666667461395264,0.3720434606075287,0.8953682780265808,4.354953289031982,0.9582182765007019,0.04261363636363636,17.45532989501953,2.183401107788086,21.39954948425293,0.045454545454545456,0.0,0.0
R01699,1.0690912008285522,4.666666507720947,0.45957353711128235,0.42918387055397034,2.281790256500244,0.6655111312866211,0.050595238095238096,81.90697479248047,1.2992891073226929,9.197548866271973,0.06696428571428571,2.0,0.9854175448417664
R01700,0.1618586927652359,1.0,0.07547766715288162,0.46819648146629333,3.1035754680633545,0.8822475671768188,0.043154761904761904,1.027381181716919,3.2049124240875244,27.690492630004883,0.044642857142857144,25.0,0.9937170743942261
R01701,0.7121398448944092,3.6666667461395264,0.3973217010498047,0.5569150447845459,4.002889156341553,1.6559040546417236,0.06845238095238096,42.228538513183594,1.978520393371582,12.14384651184082,0.06547619047619048,2.0,0.9744572043418884
R01702,0.36909207701683044,2.0,0.25965291261672974,0.7028669714927673,3.5801854133605957,0.7576879858970642,0.03298611111111111,7.764529705047607,1.624273419380188,8.725482940673828,0.06076388888888889,20.0,0.9850123524665833
R01703,0.4155168831348419,2.3333332538604736,0.2733042538166046,0.6562650799751282,3.9574880599975586,1.6798031330108643,0.05505952380952381,4.877294063568115,3.5097694396972656,55.78879165649414,0.03869047619047619,2.0,0.9810836911201477
R01704,0.2380792796611786,1.6666666269302368,0.18546488881111145,0.7771356701850891,4.517563343048096,1.7244130373001099,0.05505952380952381,2.454894542694092,3.453695297241211,26.56600570678711,0.03869047619047619,33.0,0.9940308332443237
R01705,0.4448017477989197,2.3333332538604736,0.29776230454444885,0.6722328662872314,3.3878934383392334,0.8796084523200989,0.03977272727272727,11.519095420837402,2.1802852153778076,26.437963485717773,0.029829545454545456,7.0,0.9846370220184326
R01706,0.1790698915719986,1.3333333730697632,0.1539442390203476,0.8800178170204163,9.8828706741333,3.625934600830078,0.03869047619047619,1.8115990161895752,5.1802849769592285,82.30641174316406,0.022321428571428572,1.0,0.9873857498168945
R01707,0.09978096187114716,1.0,0.11286849528551102,1.128227710723877,9.000258445739746,3.0530941486358643,0.05357142857142857,1.8824186325073242,8.740510940551758,155.8748321533203,0.010416666666666666,6.0,0.9985184073448181
R01708,0.2609518766403198,1.6666666269302368,0.14529022574424744,0.555720865726471,3.659306049346924,0.9340252876281738,0.03869047619047619,2.7545595169067383,3.7159688472747803,46.75202560424805,0.019345238095238096,13.0,0.9955278038978577
R01709,0.6070020198822021,3.6666667461395264,0.6785235404968262,1.1050729751586914,4.15007209777832,0.8677558898925781,0.05505952380952381,19.5358943939209,1.756864309310913,11.442651748657227,0.06101190476190476,8.0,0.9939358830451965
R01710,0.6302860975265503,3.0,0.35222798585891724,0.5684813857078552,2.7466719150543213,0.840948224067688,0.05505952380952381,18.975622177124023,1.3734771013259888,7.3847503662109375,0.06398809523809523,0.0,0.0
R01711,0.41870126128196716,2.0,0.18885545432567596,0.4510495960712433,2.283376455307007,0.8403328061103821,0.046875,14.107869148254395,1.786717414855957,9.74678897857666,0.06770833333333333,1.0,0.9796779751777649
R01712,0.22702768445014954,2.3333332538604736,0.31016460061073303,1.3585222959518433,5.899888515472412,1.5816527605056763,0.06994047619047619,12.639274597167969,3.552586793899536,39.38937759399414,0.03869047619047619,0.0,0.0
R01713,0.5836673378944397,2.3333332538604736,0.25385722517967224,0.43493402004241943,2.9452948570251465,0.9238820672035217,0.049479166666666664,8.413172721862793,2.342602014541626,26.268596649169922,0.033854166666666664,5.0,0.9821479320526123
R01714,0.5270915627479553,2.3333332538604736,0.2569862902164459,0.4887358248233795,3.575775146484375,1.2157543897628784,0.046130952380952384,8.30570125579834,4.1245503425598145,70.65620422363281,0.023809523809523808,9.0,0.9943166375160217
R01715,0.6300402283668518,2.3333332538604736,0.20534713566303253,0.3264128565788269,2.345541477203369,0.638789713382721,0.049107142857142856,10.683150291442871,2.115976572036743,20.021793365478516,0.050595238095238096,1.0,0.9821354746818542
R01716,0.5411292314529419,2.6666667461395264,0.32638099789619446,0.6032755970954895,3.228043794631958,1.2998000383377075,0.0625,15.923439979553223,2.0245237350463867,18.673072814941406,0.050595238095238096,4.0,0.9807513952255249
R01717,0.17067556083202362,1.6666666269302368,0.13989508152008057,0.8247881531715393,7.001217842102051,2.6668410301208496,0.06398809523809523,1.9357414245605469,4.803384304046631,63.660316467285156,0.020833333333333332,0.0,0.0
R01718,0.40250828862190247,3.0,0.3790343105792999,0.9416785836219788,4.352579116821289,1.5224441289901733,0.07465277777777778,26.482322692871094,2.779388666152954,18.759084701538086,0.0625,0.0,0.0
R01719,0.4132210910320282,3.0,0.3433610200881958,0.828391432762146,4.251101016998291,1.3290594816207886,0.05654761904761905,30.991043090820312,1.9493324756622314,11.810914993286133,0.06101190476190476,28.0,0.9950094223022461
R01720,0.45879626274108887,2.0,0.22085465490818024,0.48443901538848877,3.628657817840576,1.5822696685791016,0.03273809523809524,7.010731220245361,1.7511934041976929,17.049196243286133,0.047619047619047616,0.0,0.0
R01721,0.5114615559577942,3.0,0.36878716945648193,0.720384418964386,5.185507297515869,2.2044601440429688,0.05539772727272727,36.342472076416016,3.570435047149658,30.90207290649414,0.03835227272727273,2.0,0.9775668978691101
R01722,0.46038711071014404,3.0,0.3431341350078583,0.7463922500610352,4.911946773529053,2.0486583709716797,0.050595238095238096,24.234386444091797,2.9444580078125,23.78590202331543,0.04017857142857143,0.0,0.0
R01723,0.11878509074449539,1.0,0.13087405264377594,1.093920350074768,7.825278282165527,2.3208069801330566,0.06994047619047619,1.0749099254608154,3.9497992992401123,39.10860824584961,0.03422619047619048,26.0,0.9983365535736084
R01724,0.3196193277835846,2.0,0.2784861624240875,0.8639430999755859,7.043759822845459,2.201582908630371,0.04875,10.931944847106934,2.659238338470459,15.353306770324707,0.06875,5.0,0.9857634902000427
R01725,0.780958890914917,4.0,0.5023503303527832,0.6413021087646484,2.879006862640381,1.0103884935379028,0.06398809523809523,90.83499145507812,1.6557377576828003,8.337066650390625,0.06398809523809523,1.0,0.9716359376907349
R01726,0.518204927444458,2.3333332538604736,0.27370136976242065,0.5267125964164734,2.763201951980591,0.5212607979774475,0.03422619047619048,11.986991882324219,2.5297982692718506,21.18578338623047,0.03422619047619048,2.0,0.9715191125869751
R01727,0.7684372663497925,3.0,0.350474089384079,0.45506346225738525,2.3495867252349854,-0.3900480568408966,0.017857142857142856,39.01165008544922,0.8699639439582825,6.919210433959961,0.03571428571428571,0.0,0.0
R01728,0.3594914674758911,3.0,0.42881011962890625,1.1928207874298096,4.737581253051758,1.222003698348999,0.0640625,31.67789077758789,2.1217360496520996,12.897788047790527,0.06875,108.0,0.9888988733291626
R01729,0.27203232049942017,2.0,0.21017375588417053,0.7703835368156433,4.324097633361816,1.5880944728851318,0.05654761904761905,3.585214614868164,3.804887056350708,26.548023223876953,0.050595238095238096,101.0,0.9997277855873108
R01730,0.5178022384643555,2.3333332538604736,0.2834785580635071,0.5476711988449097,3.630613327026367,1.3325648307800293,0.052083333333333336,18.398666381835938,3.377546548843384,29.599924087524414,0.03125,9.0,0.9894083142280579
R01731,0.37977495789527893,2.6666667461395264,0.42190641164779663,1.1036646366119385,4.727692604064941,0.9576230645179749,0.03869047619047619,10.947872161865234,2.341090679168701,17.472347259521484,0.05654761904761905,2.0,0.9771780967712402
R01732,0.29901206493377686,2.3333332538604736,0.31741437315940857,1.0647462606430054,6.818066596984863,2.3757991790771484,0.0625,8.528406143188477,3.7689356803894043,33.56654739379883,0.049107142857142856,15.0,0.9912053346633911
R01733,0.23654216527938843,2.0,0.3111804723739624,1.2794486284255981,6.440430641174316,1.2204539775848389,0.06392045454545454,12.395893096923828,2.7455086708068848,35.11562728881836,0.046875,3.0,0.9853775501251221
R01734,0.47887539863586426,2.0,0.25826361775398254,0.5354571342468262,4.003514289855957,1.4309537410736084,0.04017857142857143,8.59192180633545,4.578311443328857,74.37931823730469,0.025297619047619048,12.0,0.9946839213371277
R01735,0.12192631512880325,3.0,0.2830185294151306,2.3172850608825684,13.696890830993652,3.0990238189697266,0.07065217391304347,11.9367036819458,3.440617084503174,29.677339553833008,0.05434782608695652,11.0,0.9992626309394836
R01736,0.1713400036096573,1.6666666269302368,0.16517843306064606,0.9791339635848999,8.777755737304688,3.675205707550049,0.04625,6.317042350769043,4.285426139831543,48.81944274902344,0.0325,1.0,0.9733531475067139
R01737,0.14630378782749176,2.0,0.21314874291419983,1.4568812847137451,9.934399604797363,2.4830434322357178,0.0595703125,4.045038223266602,4.261029243469238,58.3878288269043,0.03125,1.0,0.9948567748069763
R01738,0.8191198706626892,3.0,0.28185445070266724,0.34288835525512695,2.5107059478759766,0.49581778049468994,0.03125,58.407047271728516,1.0481258630752563,6.790493011474609,0.049107142857142856,0.0,0.0
R01739,0.533782958984375,3.3333332538604736,0.5249614715576172,0.9754588007926941,4.577033042907715,1.0777517557144165,0.05357142857142857,13.216276168823242,2.351388931274414,25.495346069335938,0.03273809523809524,0.0,0.0
R01740,0.5583305954933167,3.0,0.28349772095680237,0.5077587366104126,2.803180456161499,1.1574746370315552,0.052083333333333336,22.255727767944336,1.656943678855896,10.432706832885742,0.053385416666666664,7.0,0.9994174242019653
R01741,0.36364445090293884,2.3333332538604736,0.31979942321777344,0.880137026309967,6.35181188583374,2.173668146133423,0.07125,18.690160751342773,4.669494152069092,104.10847473144531,0.02375,3.0,0.9831068515777588
R01742,0.3477359116077423,2.0,0.24631522595882416,0.7117599248886108,3.634613037109375,1.2389642000198364,0.05803571428571429,4.258345127105713,3.964343309402466,49.96009063720703,0.019345238095238096,4.0,0.9827294945716858
R01743,0.5267690420150757,3.0,0.37858086824417114,0.7221722602844238,3.4115328788757324,1.0048032999038696,0.05505952380952381,25.6332950592041,2.0217301845550537,17.285951614379883,0.05505952380952381,8.0,0.9929400086402893
R01744,0.45084354281425476,3.0,0.3816712200641632,0.8382654190063477,3.8814210891723633,0.8636667728424072,0.04125,13.0330228805542,2.9184935092926025,27.63575553894043,0.03625,16.0,0.9841916561126709
R01745,0.6747957468032837,4.0,0.49453768134117126,0.7387665510177612,2.8573830127716064,0.7679957747459412,0.01488095238095238,53.98702621459961,1.5994771718978882,8.214736938476562,0.052083333333333336,1.0,0.9741136431694031
R01746,1.0871504545211792,4.666666507720947,0.4392911195755005,0.4023873209953308,1.9575164318084717,-0.24847593903541565,0.01488095238095238,142.62855529785156,0.8874070644378662,6.125476360321045,0.046130952380952384,0.0,0.0
R01747,0.09058643877506256,1.3333333730697632,0.1642063707113266,1.83322274684906,10.564502716064453,2.703690528869629,0.07291666666666667,0.4752526879310608,5.304957389831543,102.95490264892578,0.020833333333333332,0.0,0.0
R01748,0.2949652671813965,2.3333332538604736,0.2555099129676819,0.8654235601425171,4.911876678466797,2.274200439453125,0.06845238095238096,12.765092849731445,2.3560361862182617,18.18257713317871,0.05654761904761905,11.0,0.9962379336357117
R01749,0.4899422526359558,2.6666667461395264,0.2839219570159912,0.5806708335876465,3.069763422012329,0.9551483392715454,0.05803571428571429,25.454833984375,3.1010491847991943,32.54322052001953,0.020833333333333332,4.0,0.9835097789764404
R01750,0.30526599287986755,2.6666667461395264,0.35731685161590576,1.175417423248291,5.0864057540893555,1.152807593345642,0.05952380952380952,15.002902030944824,2.58758544921875,29.678220748901367,0.050595238095238096,20.0,0.9904187321662903
R01751,0.3537660539150238,2.3333332538604736,0.2953234910964966,0.8347966074943542,6.839519023895264,3.135128974914551,0.04861111111111111,14.503385543823242,5.274566173553467,74.03655242919922,0.015625,357.0,0.9969227910041809
R01752,0.4459472596645355,2.0,0.2816263735294342,0.6278597116470337,2.7112836837768555,0.5839741230010986,0.03273809523809524,13.449535369873047,1.8573660850524902,12.321260452270508,0.0625,0.0,0.0
R01753,0.7339251041412354,3.3333332538604736,0.38031619787216187,0.5175605416297913,2.4196178913116455,0.8511034250259399,0.0625,50.38172149658203,1.6078696250915527,6.824758529663086,0.09077380952380952,0.0,0.0
R01754,0.7849599719047546,5.0,0.5841274857521057,0.7438308596611023,2.9049551486968994,0.7349002957344055,0.03485576923076923,105.98564147949219,1.7692344188690186,13.659147262573242,0.06129807692307692,1.0,0.9806520938873291
R01755,0.7367743253707886,3.6666667461395264,0.45471757650375366,0.6157387495040894,3.518400192260742,1.0573503971099854,0.041666666666666664,22.325979232788086,2.0682713985443115,15.88535213470459,0.06398809523809523,2.0,0.9755517244338989
R01756,0.29470521211624146,4.0,0.3633650541305542,1.2966121435165405,6.071530818939209,1.7030948400497437,0.07625,1.7556723356246948,4.776670455932617,60.37925720214844,0.0225,15.0,0.9954553842544556
R01757,0.2721984088420868,3.0,0.3779797852039337,1.3886135816574097,6.122962951660156,1.979878306388855,0.087890625,13.389188766479492,2.722377061843872,18.24950408935547,0.0625,7.0,0.98612380027771
R01758,0.2779771685600281,1.6666666269302368,0.2173619419336319,0.7734484672546387,3.713557481765747,0.9873207807540894,0.052083333333333336,1.8817280530929565,2.35953426361084,23.727569580078125,0.052083333333333336,2.0,0.9746838212013245
R01759,0.2860284447669983,2.0,0.15093070268630981,0.5309208631515503,3.6619248390197754,1.5539231300354004,0.05505952380952381,5.463334083557129,2.2958905696868896,15.801270484924316,0.04017857142857143,8.0,0.993912935256958
R01760,0.46375223994255066,2.6666667461395264,0.3786400258541107,0.8098437190055847,3.8292717933654785,1.0213265419006348,0.055,6.609262466430664,2.1737823486328125,19.15717124938965,0.06125,0.0,0.0
R01761,0.41001734137535095,2.6666667461395264,0.2653557360172272,0.6459760069847107,4.489968776702881,2.2357404232025146,0.06994047619047619,14.920199394226074,3.493640422821045,38.267093658447266,0.03571428571428571,1.0,0.9835765957832336
R01762,0.8028231263160706,3.6666667461395264,0.5034640431404114,0.6217073798179626,3.336371660232544,0.44803386926651,0.020833333333333332,30.13443374633789,1.3082062005996704,8.322834014892578,0.052083333333333336,0.0,0.0
R01763,0.48859336972236633,2.6666667461395264,0.2925613820552826,0.5947832465171814,2.7682697772979736,0.8183602094650269,0.047619047619047616,23.96014976501465,2.1707732677459717,12.154671669006348,0.07589285714285714,2.0,0.976220965385437
R01764,0.47656407952308655,3.3333332538604736,0.4229719340801239,0.8875426054000854,4.463772773742676,1.1773521900177002,0.046875,30.725435256958008,3.001396656036377,31.399890899658203,0.049479166666666664,2.0,0.9877097606658936
R01765,0.4530077576637268,3.6666667461395264,0.5488418936729431,1.1748828887939453,3.6897084712982178,0.6192077398300171,0.017361111111111112,52.30244827270508,1.6822705268859863,16.301984786987305,0.059027777777777776,2.0,0.9901209473609924
R01766,0.08891477435827255,1.3333333730697632,0.18972069025039673,2.1055541038513184,12.221725463867188,2.7300832271575928,0.07291666666666667,1.6154955625534058,4.342590808868408,44.25663375854492,0.028273809523809524,3.0,0.9853407144546509
R01767,0.47856953740119934,3.0,0.3186980187892914,0.66148442029953,2.9843270778656006,0.6688379049301147,0.043154761904761904,9.005785942077637,1.9241951704025269,24.482627868652344,0.019345238095238096,3.0,0.9785234332084656
R01768,0.26789259910583496,2.0,0.20580214262008667,0.7654803395271301,4.626366138458252,1.9599212408065796,0.07291666666666667,4.187740325927734,3.038989543914795,32.48594284057617,0.041666666666666664,1.0,0.9724193811416626
R01769,0.06264622509479523,1.3333333730697632,0.16928109526634216,2.674276113510132,16.420087814331055,2.8973240852355957,0.07142857142857142,0.923438549041748,4.585809230804443,76.6065444946289,0.023809523809523808,0.0,0.0
R01770,0.46353283524513245,2.6666667461395264,0.26434195041656494,0.5702754855155945,2.8090362548828125,1.200404167175293,0.06380208333333333,19.046770095825195,1.7848201990127563,10.48172664642334,0.0546875,5.0,0.9993499517440796
R01771,0.20718330144882202,2.0,0.2611005902290344,1.2628729343414307,9.256227493286133,2.469851493835449,0.04017857142857143,5.982666015625,6.363227367401123,94.88195037841797,0.017857142857142856,0.0,0.0
R01772,0.2677752375602722,1.6666666269302368,0.1541098654270172,0.5733629465103149,3.833113431930542,1.859932780265808,0.049107142857142856,1.7422131299972534,3.5581047534942627,30.955419540405273,0.049107142857142856,20.0,0.9957350492477417
R01773,0.4157220423221588,2.0,0.1681818962097168,0.40615373849868774,2.7435660362243652,1.391127109527588,0.052083333333333336,8.653285026550293,2.904177188873291,40.95439147949219,0.028273809523809524,32.0,0.9897480607032776
R01774,0.2416495680809021,3.0,0.46885743737220764,1.9190917015075684,11.483931541442871,2.468505620956421,0.07142857142857142,26.970897674560547,3.865443229675293,35.15163803100586,0.026785714285714284,0.0,0.0
R01775,0.6616553068161011,3.0,0.3466629385948181,0.5241237282752991,2.687678813934326,1.2466070652008057,0.06845238095238096,35.61552429199219,1.8885620832443237,10.544575691223145,0.07142857142857142,0.0,0.0
R01776,0.4862980246543884,2.3333332538604736,0.269862562417984,0.5547179579734802,2.9548635482788086,1.3180739879608154,0.05803571428571429,15.062902450561523,3.81063175201416,33.08233642578125,0.03273809523809524,5.0,0.9784308075904846
R01777,0.40861281752586365,2.3333332538604736,0.27120983600616455,0.6637313365936279,3.1945528984069824,0.4958878457546234,0.024305555555555556,10.230329513549805,2.304579496383667,18.32044792175293,0.03993055555555555,4.0,0.9889847636222839
R01778,0.25611183047294617,1.6666666269302368,0.1581108272075653,0.6211336851119995,3.1125967502593994,0.626474142074585,0.03422619047619048,0.4216710031032562,3.5828070640563965,59.69292449951172,0.019345238095238096,7.0,0.9950800538063049
R01779,0.4272765517234802,2.3333332538604736,0.2774229049682617,0.6544927954673767,3.422051191329956,1.6921254396438599,0.07886904761904762,7.186914920806885,2.211737871170044,15.127264976501465,0.06696428571428571,0.0,0.0
R01780,0.1860051453113556,1.6666666269302368,0.1468367576599121,0.799767792224884,6.203715801239014,3.3263087272644043,0.045,3.839482307434082,3.9940831661224365,46.770538330078125,0.0325,4.0,0.98084557056427
R01781,0.599318265914917,4.0,0.5604407787322998,0.934200644493103,4.228573322296143,1.3595185279846191,0.07875,64.26709747314453,2.1955723762512207,14.396005630493164,0.06375,7.0,0.9831989407539368
R01782,0.12330164760351181,1.6666666269302368,0.2054443508386612,1.660841941833496,14.157779693603516,3.273061513900757,0.04625,9.7037992477417,6.465429782867432,114.89949798583984,0.02,4.0,0.9945481419563293
R01783,0.31936556100845337,1.6666666269302368,0.18563254177570343,0.580333411693573,3.0132880210876465,0.867836594581604,0.050595238095238096,2.7902770042419434,2.018082857131958,14.595308303833008,0.052083333333333336,4.0,0.9749081134796143
R01784,0.33716991543769836,1.6666666269302368,0.2399577498435974,0.7190340757369995,3.999239206314087,0.49665170907974243,0.03273809523809524,1.8669222593307495,2.2372853755950928,17.437286376953125,0.03720238095238095,29.0,0.9996817708015442
R01785,0.34311237931251526,2.6666667461395264,0.3150635361671448,0.9153048992156982,4.765305995941162,2.0590598583221436,0.06845238095238096,12.928675651550293,2.927212953567505,19.95098304748535,0.052083333333333336,1.0,0.9753029346466064
R01786,0.45252910256385803,2.3333332538604736,0.23970219492912292,0.5296933650970459,3.6995410919189453,0.7849569320678711,0.037760416666666664,11.11511516571045,3.2598085403442383,43.56227493286133,0.01953125,6.0,0.9872111678123474
R01787,0.8853570222854614,4.0,0.42071908712387085,0.47793248295783997,2.4979195594787598,1.0995309352874756,0.06696428571428571,61.00135040283203,1.7326229810714722,11.16438102722168,0.06696428571428571,0.0,0.0
R01788,0.7299829125404358,3.0,0.29601502418518066,0.404157817363739,2.8648793697357178,1.3120313882827759,0.05803571428571429,32.42982482910156,0.9914411902427673,5.364296913146973,0.06398809523809523,0.0,0.0
R01789,0.03643497824668884,1.0,0.09849300235509872,2.6596453189849854,23.57522964477539,3.758690595626831,0.05803571428571429,0.35966143012046814,5.781270503997803,67.6795654296875,0.020833333333333332,0.0,0.0
R01790,0.4392741322517395,3.6666667461395264,0.5061642527580261,1.1522715091705322,6.394441604614258,1.8214472532272339,0.078125,47.56896209716797,2.9322643280029297,26.570188522338867,0.05078125,11.0,0.9929465651512146
R01791,0.3182276487350464,2.0,0.2006634771823883,0.6284840703010559,4.181138038635254,1.4549365043640137,0.047619047619047616,4.72488260269165,2.663240909576416,26.262531280517578,0.03571428571428571,0.0,0.0
R01792,0.6779248714447021,2.3333332538604736,0.21282707154750824,0.31397807598114014,1.9809577465057373,0.6586073637008667,0.050595238095238096,15.42779541015625,0.8871158361434937,7.339563369750977,0.03869047619047619,0.0,0.0
R01793,0.9204902052879333,3.0,0.2183406502008438,0.23731108009815216,1.626081109046936,0.05571485683321953,0.026785714285714284,33.64155960083008,0.9192836284637451,5.0128173828125,0.046130952380952384,0.0,0.0
R01794,0.3801359236240387,2.6666667461395264,0.40749818086624146,1.0465971231460571,4.803111553192139,0.9956938028335571,0.04971590909090909,19.843172073364258,2.055124044418335,19.74071502685547,0.04261363636363636,0.0,0.0
R01795,0.08458571881055832,1.0,0.14332062005996704,1.674824595451355,12.256458282470703,3.4962515830993652,0.04875,2.279664993286133,5.820378303527832,80.22956085205078,0.02125,111.0,0.9988822340965271
R01796,0.47130393981933594,2.3333332538604736,0.2780064046382904,0.5915647745132446,3.199441909790039,0.7392395734786987,0.043154761904761904,8.241718292236328,1.8509459495544434,13.956954002380371,0.046130952380952384,1.0,0.9819889068603516
R01797,0.16315113008022308,2.0,0.2790410816669464,1.7103123664855957,8.982382774353027,2.2998340129852295,0.05859375,9.897563934326172,3.5664238929748535,49.37040328979492,0.04296875,5.0,0.9894253015518188
R01798,0.2720302641391754,1.6666666269302368,0.15492485463619232,0.5734423995018005,3.0640363693237305,0.8159762024879456,0.050595238095238096,1.6130284070968628,2.403468132019043,16.215288162231445,0.044642857142857144,36.0,0.9930515885353088
R01799,0.4886029362678528,3.0,0.43350180983543396,0.884716808795929,4.4657111167907715,1.6943004131317139,0.07142857142857142,20.71600914001465,2.3753623962402344,14.574407577514648,0.0625,2.0,0.9852414131164551
R01800,0.43585050106048584,2.0,0.25069013237953186,0.5790718793869019,3.3295202255249023,1.2930736541748047,0.05357142857142857,9.236807823181152,2.369483709335327,19.598058700561523,0.044642857142857144,2.0,0.9748795032501221
R01801,0.1864519566297531,2.0,0.27519509196281433,1.453906774520874,8.918815612792969,2.0976552963256836,0.052083333333333336,19.972896575927734,4.012548446655273,37.69127655029297,0.023809523809523808,1.0,0.9851473569869995
R01802,0.240563303232193,1.6666666269302368,0.16315563023090363,0.6770045161247253,3.833369255065918,1.153228998184204,0.041666666666666664,4.00839376449585,2.672031879425049,24.6707763671875,0.04017857142857143,9.0,0.9974128603935242
R01803,0.3512927293777466,2.0,0.23157641291618347,0.655181884765625,3.617577075958252,1.2342519760131836,0.06845238095238096,3.9903903007507324,2.5453379154205322,22.674184799194336,0.03869047619047619,0.0,0.0
R01804,0.2877408564090729,3.0,0.40039023756980896,1.3834874629974365,7.193017482757568,1.8456206321716309,0.052083333333333336,25.076505661010742,2.984860897064209,27.326208114624023,0.03869047619047619,32.0,0.993529736995697
R01805,0.3864920735359192,2.3333332538604736,0.37341898679733276,0.946486234664917,4.043723106384277,0.7485795021057129,0.04125,11.236328125,3.073883056640625,34.133819580078125,0.0425,11.0,0.9960908889770508
R01806,0.6892354488372803,2.3333332538604736,0.20818974077701569,0.30225300788879395,1.9650543928146362,0.6732190847396851,0.050595238095238096,17.35617446899414,0.8149781227111816,6.322094440460205,0.03869047619047619,0.0,0.0
R01807,0.4400036036968231,4.0,0.5637256503105164,1.2612658739089966,3.846217155456543,1.2190569639205933,0.08035714285714286,29.1085205078125,1.6842913627624512,7.367730617523193,0.05654761904761905,2.0,0.9884589910507202
R01808,0.21106240153312683,1.3333333730697632,0.12818090617656708,0.6073099970817566,3.448559522628784,0.9423638582229614,0.036458333333333336,1.4753494262695312,3.8572847843170166,65.2026138305664,0.012152777777777778,38.0,0.9899828433990479
R01809,0.2928658127784729,2.0,0.2115141749382019,0.7217665314674377,4.723124027252197,1.7699915170669556,0.052083333333333336,8.872365951538086,2.699432134628296,20.990341186523438,0.049107142857142856,1.0,0.9755549430847168
R01810,0.6823980212211609,3.3333332538604736,0.3990185856819153,0.5880798101425171,3.1726372241973877,1.5869805812835693,0.08482142857142858,35.493595123291016,2.1877238750457764,15.31596851348877,0.06398809523809523,0.0,0.0
R01811,0.3197799026966095,1.6666666269302368,0.1580253541469574,0.4995397925376892,3.397810459136963,0.9797323942184448,0.043154761904761904,2.4030773639678955,2.666905403137207,30.505535125732422,0.022321428571428572,0.0,0.0
R01812,0.1572253257036209,1.3333333730697632,0.16885201632976532,1.06912100315094,7.088128566741943,2.0091192722320557,0.05241935483870968,2.202500820159912,3.8117380142211914,38.906150817871094,0.03528225806451613,39.0,0.9913936853408813
R01813,0.544945240020752,3.0,0.3947943449020386,0.727911651134491,4.565021991729736,2.0467305183410645,0.08482142857142858,14.703208923339844,3.066418170928955,27.661453247070312,0.052083333333333336,18.0,0.9971495270729065
R01814,0.5876018404960632,3.0,0.32425135374069214,0.5473518371582031,3.362907886505127,0.6783539056777954,0.03940217391304348,48.30735778808594,2.3967442512512207,28.869279861450195,0.033967391304347824,28.0,0.9832761287689209
R01815,0.4715527296066284,2.6666667461395264,0.4010787308216095,0.8493408560752869,3.3722336292266846,-0.10419529676437378,0.004261363636363636,14.015381813049316,1.1601412296295166,10.977503776550293,0.036931818181818184,13.0,0.9997795820236206
R01816,0.2381214201450348,2.0,0.23331663012504578,0.9735636711120605,7.78716516494751,2.219813346862793,0.05803571428571429,2.8054428100585938,3.99340558052063,53.13380432128906,0.03422619047619048,6.0,0.9835107326507568
R01817,0.5274568200111389,2.3333332538604736,0.31458860635757446,0.5917302966117859,2.810426712036133,0.42190298438072205,0.03125,2.411623001098633,3.8071987628936768,47.60239791870117,0.03125,3.0,0.9840568900108337
R01818,0.2947543263435364,1.6666666269302368,0.2084229737520218,0.704337477684021,3.83918833732605,0.38307419419288635,0.025297619047619048,1.5097416639328003,2.1762752532958984,20.897186279296875,0.043154761904761904,9.0,0.9849070906639099
R01819,0.4705721139907837,3.0,0.42044275999069214,0.8871511220932007,4.27502965927124,1.7122100591659546,0.06896551724137931,33.50804901123047,2.286191463470459,14.502992630004883,0.06573275862068965,0.0,0.0
R01820,0.4783346354961395,2.3333332538604736,0.3080563247203827,0.6424823999404907,3.268934488296509,1.116146445274353,0.05803571428571429,10.11523151397705,1.9746962785720825,16.8551025390625,0.03720238095238095,0.0,0.0
R01821,0.4575091004371643,2.0,0.17942510545253754,0.39256787300109863,2.690031051635742,1.773991584777832,0.0625,10.090420722961426,1.7921439409255981,11.160554885864258,0.05654761904761905,0.0,0.0
R01822,0.2218557894229889,1.6666666269302368,0.18386124074459076,0.8323084712028503,7.66996955871582,3.8981399536132812,0.052083333333333336,1.0809415578842163,2.3905487060546875,28.989519119262695,0.03422619047619048,14.0,0.996933102607727
R01823,0.4500042498111725,2.6666667461395264,0.24336649477481842,0.5369319319725037,3.231121063232422,0.896320104598999,0.03571428571428571,14.29015827178955,2.4333572387695312,23.549415588378906,0.028273809523809524,2.0,0.9792456030845642
R01824,0.24310925602912903,1.6666666269302368,0.18503707647323608,0.7611241936683655,4.045072078704834,1.0268962383270264,0.057291666666666664,3.2253828048706055,2.224440336227417,23.65016746520996,0.050347222222222224,118.0,0.9987875819206238
R01825,1.697869896888733,6.333333492279053,0.5375949144363403,0.31918013095855713,1.7061679363250732,-0.7319340109825134,0.001838235294117647,327.0257873535156,0.7400611639022827,3.2321393489837646,0.025735294117647058,0.0,0.0
R01826,0.4200840890407562,3.0,0.35180503129959106,0.8324112892150879,5.735057353973389,1.642605185508728,0.05357142857142857,31.726882934570312,2.716594696044922,29.527061462402344,0.052083333333333336,9.0,0.9855270981788635
R01827,0.28851640224456787,2.0,0.23160436749458313,0.7963309288024902,5.983490467071533,2.315704345703125,0.03720238095238095,6.6964898109436035,4.6107025146484375,43.762672424316406,0.028273809523809524,1.0,0.9747750759124756
R01828,0.8546786904335022,3.0,0.22572936117649078,0.26410987973213196,1.6445913314819336,-0.4705158770084381,0.01171875,136.57444763183594,0.6774502396583557,3.6954545974731445,0.04296875,0.0,0.0
R01829,0.2498626410961151,2.0,0.19774764776229858,0.7914221882820129,4.916743755340576,2.4029598236083984,0.04513888888888889,5.294217586517334,3.771296262741089,41.036373138427734,0.041666666666666664,6.0,0.9842392802238464
R01830,0.4859601557254791,2.6666667461395264,0.40010252594947815,0.8222755789756775,4.089585304260254,1.3908456563949585,0.06547619047619048,20.523807525634766,3.0182459354400635,24.130035400390625,0.05357142857142857,70.0,0.9911224842071533
R01831,1.1167725324630737,5.0,0.5636243224143982,0.501477062702179,2.229264736175537,0.4678645133972168,0.022321428571428572,167.14532470703125,1.0571972131729126,5.245969295501709,0.06101190476190476,0.0,0.0
R01832,0.2593197822570801,1.3333333730697632,0.12977293133735657,0.4996561110019684,3.4328744411468506,1.6295578479766846,0.052083333333333336,0.6046185493469238,1.6178652048110962,16.27928352355957,0.05654761904761905,39.0,0.9905796051025391
R01833,0.3352864384651184,2.0,0.2539866864681244,0.750209629535675,3.938314437866211,0.7116838693618774,0.04017857142857143,18.00722885131836,1.5904359817504883,10.6460599899292,0.06845238095238096,10.0,0.9959330558776855
R01834,0.7395766377449036,3.3333332538604736,0.533266007900238,0.7215778231620789,2.2327513694763184,-0.12823961675167084,0.0,36.25284194946289,1.0905351638793945,4.999454498291016,0.025297619047619048,0.0,0.0
R01835,0.32234570384025574,2.3333332538604736,0.31657177209854126,0.9820845723152161,5.7652153968811035,1.5919543504714966,0.049479166666666664,11.176776885986328,3.4875190258026123,47.408695220947266,0.026041666666666668,10.0,0.9828786253929138
R01836,0.6665946841239929,2.6666667461395264,0.2912220060825348,0.43668192625045776,2.566494941711426,0.8713693618774414,0.049107142857142856,13.249577522277832,1.527584433555603,10.880876541137695,0.052083333333333336,2.0,0.9858406186103821
R01837,0.362148642539978,2.6666667461395264,0.2971874475479126,0.8175159692764282,5.644959449768066,2.2597782611846924,0.047619047619047616,18.814781188964844,4.65476131439209,49.87214660644531,0.028273809523809524,5.0,0.9941385388374329
R01838,0.6990278363227844,4.0,0.5983461737632751,0.8340859413146973,3.9736757278442383,1.0838500261306763,0.047619047619047616,49.11290740966797,2.3709919452667236,18.588706970214844,0.0625,24.0,0.9905920624732971
R01839,0.15735620260238647,1.6666666269302368,0.17546261847019196,1.1227760314941406,6.015676975250244,2.02750563621521,0.06994047619047619,1.2648028135299683,3.798450231552124,65.06194305419922,0.025297619047619048,1.0,0.9707137942314148
R01840,0.4291539788246155,2.0,0.19697575271129608,0.46452975273132324,4.5792036056518555,1.9468029737472534,0.049107142857142856,2.100968837738037,2.945713758468628,31.231605529785156,0.047619047619047616,1.0,0.9983969926834106
R01841,0.2558440864086151,1.6666666269302368,0.18344637751579285,0.722292423248291,3.991180181503296,1.5760135650634766,0.052083333333333336,2.9199604988098145,3.32979154586792,26.102453231811523,0.044642857142857144,53.0,0.9882705211639404
R01842,0.5710890293121338,3.0,0.35965245962142944,0.6277027726173401,3.243469715118408,1.2365703582763672,0.06101190476190476,44.78331756591797,2.759580612182617,32.03398132324219,0.03125,0.0,0.0
R01843,0.5782809853553772,3.0,0.36783772706985474,0.632402241230011,2.8933866024017334,-0.18277354538440704,0.013392857142857142,28.28179931640625,1.2382690906524658,7.329946994781494,0.047619047619047616,12.0,0.9947764873504639
R01844,0.3041444420814514,2.0,0.1615038961172104,0.5306558609008789,2.662156581878662,0.1260804980993271,0.01171875,4.1755452156066895,1.3262581825256348,10.94739818572998,0.04296875,3.0,0.9903345108032227
R01845,0.2726636826992035,1.6666666269302368,0.16025537252426147,0.5855663418769836,3.870435953140259,1.337669849395752,0.05357142857142857,2.37436580657959,2.6155717372894287,32.3893928527832,0.028273809523809524,8.0,0.9821271300315857
R01846,0.338348388671875,2.0,0.22776837646961212,0.6706278324127197,3.9890456199645996,1.127580165863037,0.04017857142857143,7.997335433959961,3.5031163692474365,41.7659797668457,0.02976190476190476,28.0,0.9949067831039429
R01847,0.0747375413775444,2.0,0.18888607621192932,2.4296722412109375,15.166136741638184,2.646292209625244,0.06845238095238096,6.156444072723389,3.899686098098755,51.305416107177734,0.03125,1.0,0.9879129528999329
R01848,0.19252775609493256,3.0,0.40198904275894165,2.0879428386688232,9.613687515258789,1.9712408781051636,0.07291666666666667,17.04132652282715,3.0731382369995117,29.90049171447754,0.040364583333333336,2.0,0.9966223835945129
R01849,0.679654598236084,2.6666667461395264,0.2728583812713623,0.40073731541633606,2.3268189430236816,0.3322717547416687,0.01488095238095238,25.826316833496094,1.240027666091919,5.179233074188232,0.07738095238095238,0.0,0.0
R01850,0.26891201734542847,2.0,0.2075413167476654,0.7747576832771301,4.652918815612793,1.8277403116226196,0.06101190476190476,6.790312767028809,4.212502479553223,45.770973205566406,0.026785714285714284,83.0,0.9931514263153076
R01851,0.14268727600574493,2.0,0.2128787487745285,1.483100414276123,8.708598136901855,2.415994882583618,0.05803571428571429,4.28604793548584,3.959947109222412,33.355224609375,0.03720238095238095,13.0,0.9914105534553528
R01852,0.501060962677002,2.6666667461395264,0.2856239676475525,0.568763256072998,4.143357753753662,2.2298471927642822,0.05952380952380952,7.976950645446777,2.3290481567382812,22.624305725097656,0.03869047619047619,15.0,0.9876289367675781
R01853,0.1525653749704361,2.0,0.21158798038959503,1.3880552053451538,9.04160213470459,1.9750728607177734,0.05505952380952381,4.773818016052246,2.7591452598571777,21.441978454589844,0.043154761904761904,4.0,0.9977872967720032
R01854,0.3169872462749481,2.0,0.21551305055618286,0.6744786500930786,3.6502296924591064,0.9566894173622131,0.047619047619047616,19.140533447265625,3.4221372604370117,28.91489601135254,0.02976190476190476,5.0,0.9820196628570557
R01855,0.16596587002277374,3.0,0.341001033782959,2.0358264446258545,9.275883674621582,2.071233034133911,0.10869565217391304,12.12592887878418,2.803598403930664,24.16891860961914,0.042119565217391304,0.0,0.0
R01856,1.05195152759552,5.0,0.5404054522514343,0.509300172328949,2.1800079345703125,0.4858395457267761,0.022321428571428572,156.18475341796875,1.0616921186447144,5.035132884979248,0.05952380952380952,1.0,0.9714170694351196
R01857,0.2039404660463333,1.0,0.10907157510519028,0.5337220430374146,4.686244964599609,2.79617977142334,0.05654761904761905,1.5952152013778687,3.018747329711914,29.37664031982422,0.028273809523809524,23.0,0.9990184307098389
R01858,0.36453941464424133,2.6666667461395264,0.34675678610801697,0.9407621026039124,4.201136112213135,0.9077005386352539,0.049107142857142856,18.213300704956055,2.1457345485687256,15.27237606048584,0.06398809523809523,2.0,0.9824923276901245
R01859,0.5631318688392639,2.6666667461395264,0.29302796721458435,0.5192269086837769,2.6625189781188965,1.0724215507507324,0.05952380952380952,14.999555587768555,2.359199285507202,19.53622817993164,0.05505952380952381,0.0,0.0
R01860,0.1660444289445877,1.6666666269302368,0.19771353900432587,1.1907193660736084,7.78683614730835,2.6877496242523193,0.06901041666666667,3.8128671646118164,5.080936431884766,78.19393157958984,0.018229166666666668,1457.0,0.9948720335960388
R01861,0.3571152687072754,3.0,0.40408700704574585,1.1315274238586426,4.979665279388428,1.568428635597229,0.076171875,16.92463493347168,2.4289615154266357,22.46963119506836,0.068359375,11.0,0.988197386264801
R01862,0.4810152053833008,3.0,0.33094239234924316,0.684282124042511,3.6164164543151855,1.0510542392730713,0.05654761904761905,36.99686050415039,2.988865852355957,35.39337921142578,0.02976190476190476,10.0,0.9899738430976868
R01863,0.14390923082828522,2.0,0.21456898748874664,1.4752676486968994,11.734444618225098,3.220557689666748,0.035,9.684081077575684,6.046931743621826,93.39019012451172,0.02375,9.0,0.9980232119560242
R01864,0.7232867479324341,2.6666667461395264,0.3210097849369049,0.4441664218902588,2.222764253616333,-0.04507908970117569,0.004464285714285714,27.911272048950195,1.2535669803619385,6.125584602355957,0.05803571428571429,0.0,0.0
R01865,0.5069251656532288,3.0,0.3793407380580902,0.7459718585014343,3.7300682067871094,1.170105218887329,0.06696428571428571,18.474552154541016,2.1090927124023438,18.80742073059082,0.044642857142857144,0.0,0.0
R01866,0.3226756155490875,2.3333332538604736,0.30492648482322693,0.9361252784729004,5.817216873168945,2.065443992614746,0.05803571428571429,12.652315139770508,4.678563594818115,61.98651885986328,0.03125,4.0,0.9883259534835815
R01867,0.40362924337387085,3.0,0.3403935134410858,0.8375600576400757,4.222686767578125,1.3035694360733032,0.06398809523809523,29.5209903717041,2.008937358856201,14.387742042541504,0.05952380952380952,23.0,0.993147075176239
R01868,0.2527792751789093,3.0,0.3161504566669464,1.2506929636001587,8.19403076171875,2.8005993366241455,0.059895833333333336,41.99088668823242,3.6370105743408203,32.21268844604492,0.048177083333333336,21.0,0.9987984299659729
R01869,0.5755289196968079,2.0,0.18575337529182434,0.322537899017334,2.4186058044433594,1.250617265701294,0.049107142857142856,4.387593746185303,1.965683937072754,23.85015869140625,0.03273809523809524,0.0,0.0
R01870,0.6244602799415588,3.0,0.3630192279815674,0.5846249461174011,3.459430694580078,1.0329792499542236,0.055,42.059715270996094,1.852847695350647,17.145614624023438,0.04625,0.0,0.0
R01871,0.38504302501678467,3.0,0.3639160692691803,0.9362179636955261,4.775092124938965,1.0607762336730957,0.03869047619047619,24.08966636657715,2.8538951873779297,32.728946685791016,0.025297619047619048,3.0,0.9902648329734802
R01872,0.7937991619110107,3.3333332538604736,0.39336341619491577,0.49569568037986755,2.911628484725952,0.5990762710571289,0.04017857142857143,46.533790588378906,1.3148599863052368,11.178433418273926,0.05505952380952381,5.0,0.9905409216880798
R01873,0.5023629069328308,3.6666667461395264,0.4641101062297821,0.9238525032997131,5.5622453689575195,1.940304160118103,0.06597222222222222,9.218536376953125,3.207473039627075,27.060192108154297,0.026041666666666668,1.0,0.9812912940979004
R01874,0.3931356370449066,2.6666667461395264,0.4388311803340912,1.1187752485275269,4.434969425201416,0.9301319718360901,0.049107142857142856,13.966840744018555,2.016301393508911,18.830930709838867,0.03720238095238095,21.0,0.9978033900260925
R01875,0.5122787356376648,2.0,0.2481537163257599,0.48254162073135376,2.280641555786133,0.27509137988090515,0.03125,3.540786027908325,1.800071120262146,13.523704528808594,0.06101190476190476,0.0,0.0
R01876,0.24420256912708282,2.3333332538604736,0.3467199504375458,1.400885820388794,6.467000484466553,1.8550493717193604,0.0818452380952381,10.971085548400879,2.611689805984497,24.06831932067871,0.050595238095238096,13.0,0.9918097853660583
R01877,0.07817362248897552,2.0,0.18040530383586884,2.2705559730529785,12.868550300598145,2.7945117950439453,0.05803571428571429,3.052532434463501,4.949309825897217,71.49815368652344,0.022321428571428572,4.0,0.9825830459594727
R01878,0.5290704965591431,3.0,0.33929935097694397,0.6455146074295044,3.392531394958496,1.471117615699768,0.07291666666666667,21.347091674804688,2.459859848022461,15.82724666595459,0.06101190476190476,9.0,0.9840187430381775
R01879,0.2824013829231262,2.0,0.2865043580532074,1.0122829675674438,5.35158634185791,1.8578284978866577,0.06625,4.5703911781311035,3.267461061477661,38.10365676879883,0.03625,58.0,0.9948276281356812
R01880,0.33863863348960876,3.0,0.45871132612228394,1.354570746421814,5.749298095703125,1.7654449939727783,0.078125,20.81729507446289,2.701428174972534,18.581951141357422,0.06640625,27.0,0.996665894985199
R01881,0.7289403080940247,4.0,0.5256981253623962,0.7206189632415771,3.439901828765869,1.0690850019454956,0.05357142857142857,42.29063034057617,2.2367517948150635,16.202613830566406,0.05952380952380952,0.0,0.0
R01882,0.5680955052375793,3.0,0.3545991778373718,0.6230864524841309,3.4205074310302734,1.3356481790542603,0.06101190476190476,43.17402648925781,2.8575544357299805,35.080631256103516,0.02976190476190476,0.0,0.0
R01883,0.22629083693027496,2.0,0.23520192503929138,1.0243479013442993,8.665003776550293,2.651479482650757,0.046130952380952384,7.347964286804199,4.897083759307861,69.33259582519531,0.026785714285714284,3.0,0.9868171811103821
R01884,0.5453231930732727,3.0,0.28623929619789124,0.5248973369598389,2.7566261291503906,1.2127087116241455,0.06901041666666667,28.383193969726562,1.6726796627044678,9.931082725524902,0.052083333333333336,3.0,0.9829431772232056
R01885,0.26313847303390503,1.6666666269302368,0.20594699680805206,0.7851265072822571,4.798849582672119,1.822317123413086,0.06,2.684591770172119,4.606666088104248,74.32769012451172,0.015,0.0,0.0
R01886,1.778710961341858,6.0,0.47215813398361206,0.2654494643211365,1.425459623336792,-1.193891167640686,0.0,287.2929382324219,0.6501427888870239,3.0413527488708496,0.041666666666666664,0.0,0.0
R01887,0.610626220703125,4.0,0.4707203209400177,0.7648320198059082,4.049865245819092,1.612325668334961,0.06101190476190476,45.85285949707031,2.059495687484741,14.241220474243164,0.047619047619047616,1.0,0.9702619910240173
R01888,0.5273804664611816,3.0,0.2986547648906708,0.563997745513916,2.75093150138855,1.250530481338501,0.07886904761904762,17.63692283630371,2.022477149963379,10.03476619720459,0.07589285714285714,9.0,0.9969972968101501
R01889,0.24688729643821716,1.3333333730697632,0.12373001873493195,0.5021087527275085,2.6301026344299316,0.5700976848602295,0.03869047619047619,1.3094455003738403,2.9240102767944336,41.09929275512695,0.02976190476190476,9.0,0.9944733381271362
R01890,0.2647385001182556,1.6666666269302368,0.17590434849262238,0.6901733875274658,4.610707759857178,2.2809808254241943,0.05952380952380952,2.3139240741729736,4.4204020500183105,45.93430709838867,0.03125,16.0,0.9819101095199585
R01891,0.6351696848869324,5.0,0.7529006600379944,1.1813139915466309,5.908329963684082,1.1033949851989746,0.026785714285714284,49.21586608886719,1.8114079236984253,12.0531587600708,0.07142857142857142,31.0,0.9969093799591064
R01892,0.2166033834218979,2.0,0.2993280291557312,1.3823580741882324,8.167547225952148,2.1222522258758545,0.06845238095238096,13.162814140319824,3.1743178367614746,29.018863677978516,0.043154761904761904,25.0,0.9987716674804688
R01893,0.3115434944629669,2.0,0.21627391874790192,0.6895347237586975,3.794346809387207,1.1940038204193115,0.05357142857142857,7.413282871246338,4.410780429840088,44.1662712097168,0.02976190476190476,4.0,0.9802996516227722
R01894,0.30292510986328125,3.0,0.2998214066028595,0.9897509217262268,5.64158821105957,2.2113375663757324,0.0703125,35.15725326538086,2.6951959133148193,21.34837532043457,0.053385416666666664,0.0,0.0
R01895,0.5585165619850159,2.6666667461395264,0.3590432107448578,0.6444005370140076,3.014655351638794,1.001036286354065,0.047619047619047616,11.493080139160156,2.163881540298462,14.324323654174805,0.06696428571428571,2.0,0.9717745780944824
R01896,1.2114267349243164,5.0,0.3156978189945221,0.26080071926116943,1.7546743154525757,0.1447562277317047,0.024456521739130436,131.11456298828125,0.853022038936615,8.248040199279785,0.035326086956521736,0.0,0.0
R01897,0.4877786934375763,3.0,0.31301629543304443,0.6422889828681946,3.0224621295928955,0.5137460231781006,0.028273809523809524,34.78083419799805,2.230956554412842,18.661334991455078,0.052083333333333336,1.0,0.9758667349815369
R01898,0.21557103097438812,2.0,0.25939249992370605,1.1910691261291504,6.436241626739502,1.871583342552185,0.06547619047619048,0.2329838126897812,2.6467576026916504,31.963647842407227,0.03422619047619048,59.0,0.9989458918571472
R01899,0.5097236037254333,3.3333332538604736,0.4118639826774597,0.8013198375701904,4.110952854156494,1.7890727519989014,0.06547619047619048,49.95307159423828,2.4787275791168213,15.737043380737305,0.05357142857142857,56.0,0.9975971579551697
R01900,0.15656311810016632,1.6666666269302368,0.18286389112472534,1.1805213689804077,6.130009651184082,1.639940619468689,0.06547619047619048,1.8152399063110352,2.6791110038757324,16.07567024230957,0.06101190476190476,6.0,0.9982476830482483
R01901,0.3387989103794098,2.0,0.18799880146980286,0.5532177686691284,3.7022805213928223,1.64434814453125,0.052083333333333336,5.7237677574157715,2.3950514793395996,21.871906280517578,0.047619047619047616,0.0,0.0
R01902,0.3681381642818451,2.6666667461395264,0.3508954346179962,0.9544212222099304,5.696685314178467,1.770982027053833,0.050595238095238096,4.232975006103516,3.5460314750671387,41.205230712890625,0.03273809523809524,6.0,0.9782887101173401
R01903,0.30934783816337585,2.6666667461395264,0.35117512941360474,1.1352076530456543,5.873814105987549,2.4372687339782715,0.07682291666666667,10.095222473144531,2.9785780906677246,22.791967391967773,0.07291666666666667,0.0,0.0
R01904,0.14567439258098602,1.6666666269302368,0.21059644222259521,1.4456557035446167,8.33938980102539,1.9934394359588623,0.0703125,0.5627279877662659,5.017463207244873,106.41376495361328,0.01953125,0.0,0.0
R01905,0.4671213924884796,3.0,0.3814764618873596,0.8100360631942749,3.651707649230957,1.0987203121185303,0.05505952380952381,22.280540466308594,2.2572290897369385,16.09804344177246,0.05357142857142857,0.0,0.0
R01906,0.24412673711776733,1.3333333730697632,0.1488557904958725,0.6093589663505554,3.531280040740967,1.535738468170166,0.07291666666666667,1.5562642812728882,3.0112509727478027,38.81095886230469,0.025297619047619048,1.0,0.9813933968544006
R01907,0.4337998926639557,2.3333332538604736,0.3172605633735657,0.7317203879356384,4.4753499031066895,1.6928609609603882,0.06101190476190476,5.429859161376953,2.8800697326660156,29.979827880859375,0.02976190476190476,0.0,0.0
R01908,0.5237551331520081,3.6666667461395264,0.4438161551952362,0.8473717570304871,4.839715480804443,1.806369423866272,0.07118055555555555,3.9654345512390137,2.8096096515655518,24.875398635864258,0.03819444444444445,1.0,0.9726237058639526
R01909,0.5085536241531372,3.6666667461395264,0.45187512040138245,0.8912491202354431,6.665618896484375,2.3545918464660645,0.05654761904761905,15.392986297607422,3.087891101837158,37.758785247802734,0.025297619047619048,20.0,0.9934090971946716
R01910,0.10420195013284683,2.0,0.2645375728607178,2.4983391761779785,12.358588218688965,2.7921531200408936,0.06547619047619048,1.9142084121704102,5.965058326721191,92.0479736328125,0.01488095238095238,2.0,0.9979055523872375
R01911,0.08075346797704697,1.6666666269302368,0.23725643754005432,2.8906800746917725,17.787841796875,3.408315658569336,0.0625,2.3459086418151855,4.628627777099609,51.453983306884766,0.03273809523809524,1.0,0.9716546535491943
R01912,0.210260808467865,1.6666666269302368,0.19870801270008087,0.9432523846626282,5.562804698944092,1.6090208292007446,0.0525,1.9824177026748657,2.954867362976074,31.898574829101562,0.03875,29.0,0.993104875087738
R01913,0.2614220380783081,2.0,0.27152109146118164,1.0386271476745605,6.597005844116211,2.4254634380340576,0.050347222222222224,10.014139175415039,3.8552892208099365,36.61003875732422,0.03298611111111111,17.0,0.9881280660629272
R01914,0.527867317199707,2.3333332538604736,0.22442428767681122,0.42237600684165955,2.815711736679077,1.8319634199142456,0.06101190476190476,22.570838928222656,2.2823100090026855,23.968059539794922,0.03422619047619048,0.0,0.0
R01915,1.0012903213500977,5.333333492279053,0.5801856517791748,0.5777958631515503,2.6637871265411377,0.7396857142448425,0.05113636363636364,199.17042541503906,1.1491552591323853,6.3220014572143555,0.05397727272727273,0.0,0.0
R01916,0.5386946201324463,2.6666667461395264,0.3522559106349945,0.6498106122016907,2.7160258293151855,0.6589761972427368,0.047619047619047616,23.221567153930664,2.104901075363159,12.010223388671875,0.06101190476190476,1.0,0.9743950963020325
R01917,0.9175561666488647,3.0,0.2465304732322693,0.2691385746002197,1.8088473081588745,0.08951066434383392,0.022321428571428572,37.18595504760742,1.0233657360076904,5.9182658195495605,0.052083333333333336,0.0,0.0
R01918,0.3878512978553772,2.6666667461395264,0.3353159427642822,0.8645455241203308,5.7029805183410645,1.9020686149597168,0.07291666666666667,3.3269567489624023,3.2104294300079346,27.20078468322754,0.036458333333333336,10.0,0.9838989973068237
R01919,0.18303771317005157,1.3333333730697632,0.11613944172859192,0.637180507183075,5.17380428314209,2.597621202468872,0.03720238095238095,1.8595190048217773,7.702749729156494,173.8153839111328,0.011904761904761904,4.0,0.9880409240722656
R01920,0.5149276852607727,3.0,0.3167736828327179,0.6151795387268066,2.900380849838257,0.681175947189331,0.052083333333333336,27.146835327148438,1.7143884897232056,9.889350891113281,0.052083333333333336,5.0,0.9994390606880188
R01921,0.1882968544960022,2.0,0.22332517802715302,1.1878942251205444,7.433267116546631,1.7371174097061157,0.047619047619047616,7.230993270874023,2.58481764793396,22.510549545288086,0.041666666666666664,5.0,0.9968008399009705
R01922,0.6430416107177734,3.0,0.418826699256897,0.6533039808273315,3.128826141357422,0.2278844565153122,0.025297619047619048,11.960112571716309,2.203665018081665,17.010501861572266,0.05654761904761905,0.0,0.0
R01923,0.9097264409065247,3.6666667461395264,0.40310296416282654,0.44584229588508606,2.279738187789917,0.880084216594696,0.06101190476190476,46.33386993408203,1.6687508821487427,10.949925422668457,0.06696428571428571,0.0,0.0
R01924,0.7569447755813599,3.6666667461395264,0.45250365138053894,0.589699923992157,2.201260566711426,-0.07361016422510147,0.001488095238095238,80.90792083740234,1.0806200504302979,4.47810697555542,0.03571428571428571,1.0,0.9734273552894592
R01925,0.4863505959510803,2.6666667461395264,0.3073999285697937,0.6286588311195374,3.750653028488159,1.6923516988754272,0.050595238095238096,7.171786308288574,3.3444015979766846,54.0350341796875,0.04017857142857143,3.0,0.9787889719009399
R01926,1.153920292854309,4.333333492279053,0.48409050703048706,0.41664016246795654,2.184443950653076,0.22500166296958923,0.018465909090909092,70.88945770263672,1.1360818147659302,7.508264064788818,0.05113636363636364,3.0,0.9884101152420044
R01927,0.24733053147792816,2.0,0.27488988637924194,1.099529504776001,4.716017246246338,1.5098111629486084,0.08928571428571429,2.571859121322632,2.5109198093414307,21.690940856933594,0.050595238095238096,2.0,0.9814379215240479
R01928,0.3351534605026245,2.0,0.2154434323310852,0.6428921222686768,4.239048480987549,1.5780569314956665,0.05803571428571429,7.2453742027282715,3.928926467895508,46.76850509643555,0.03273809523809524,9.0,0.9952108263969421
R01929,0.4762933850288391,2.6666667461395264,0.3065909743309021,0.6386727094650269,3.1036925315856934,0.6192124485969543,0.03869047619047619,10.460168838500977,1.9960473775863647,21.178874969482422,0.013392857142857142,14.0,0.9933488368988037
R01930,0.3313682973384857,2.6666667461395264,0.36749857664108276,1.107640027999878,6.0024871826171875,1.7018975019454956,0.06547619047619048,9.037500381469727,2.7673723697662354,28.511777877807617,0.041666666666666664,1.0,0.9825431704521179
R01931,0.4075080454349518,2.0,0.22230277955532074,0.5519426465034485,2.870785713195801,1.2800766229629517,0.06125,5.709543228149414,2.2899928092956543,17.081117630004883,0.0475,0.0,0.0
R01932,0.12711119651794434,1.3333333730697632,0.17009197175502777,1.356287956237793,9.315802574157715,4.049609184265137,0.041666666666666664,1.3136323690414429,4.106097221374512,33.5301628112793,0.035416666666666666,26.0,0.990892767906189
R01933,0.13641828298568726,1.3333333730697632,0.1758446842432022,1.2931077480316162,10.027544021606445,3.005028486251831,0.0375,6.080416202545166,5.930555820465088,87.29879760742188,0.02,6.0,0.9983291625976562
R01934,0.07661692798137665,1.0,0.10963241755962372,1.430897831916809,14.237143516540527,3.9868593215942383,0.04296875,1.2716559171676636,6.7953996658325195,100.07278442382812,0.016927083333333332,0.0,0.0
R01935,0.39518457651138306,2.6666667461395264,0.3038040101528168,0.7687629461288452,4.98677921295166,2.006568193435669,0.05555555555555555,9.809891700744629,2.6048080921173096,18.44599151611328,0.050347222222222224,25.0,0.9982250332832336
R01936,0.2582992911338806,1.6666666269302368,0.1974267214536667,0.7620278596878052,4.557128429412842,1.739607334136963,0.052083333333333336,2.9881794452667236,3.900036573410034,27.07878303527832,0.049107142857142856,99.0,0.9997770190238953
R01937,0.598791778087616,3.0,0.3208198845386505,0.5346896052360535,3.7390778064727783,1.679113507270813,0.050595238095238096,9.78003978729248,2.3848507404327393,26.771406173706055,0.05952380952380952,0.0,0.0
R01938,1.194571614265442,5.0,0.3897944986820221,0.32591310143470764,1.7517046928405762,-0.11860153824090958,0.00744047619047619,292.7691955566406,1.1719926595687866,6.219013214111328,0.0625,0.0,0.0
R01939,0.44591519236564636,3.0,0.40118837356567383,0.8996945023536682,4.1770853996276855,1.6479514837265015,0.07421875,18.58912467956543,2.8517229557037354,18.841968536376953,0.06510416666666667,0.0,0.0
R01940,0.5577547550201416,2.6666667461395264,0.27306702733039856,0.4875775873661041,3.6094820499420166,1.2606585025787354,0.046052631578947366,18.209218978881836,1.8002934455871582,14.14244556427002,0.04111842105263158,0.0,0.0
R01941,0.3155602812767029,1.6666666269302368,0.14739441871643066,0.4691198170185089,2.9195942878723145,1.6330982446670532,0.0625,2.4883480072021484,1.7012863159179688,19.6657657623291,0.052083333333333336,21.0,0.9969789385795593
R01942,0.2784035801887512,2.0,0.3085247278213501,1.079586148262024,5.128042697906494,0.8957164287567139,0.03551136363636364,10.888627052307129,2.56632399559021,32.40789794921875,0.03835227272727273,1.0,0.9782693386077881
R01943,0.27800387144088745,1.3333333730697632,0.08817756921052933,0.3177756071090698,2.411928176879883,1.4668776988983154,0.049107142857142856,1.8619272708892822,1.2608600854873657,17.773115158081055,0.02976190476190476,2.0,0.9842010736465454
R01944,0.6200157999992371,3.0,0.39717674255371094,0.6344830989837646,3.5584559440612793,0.6774216294288635,0.03125,24.233129501342773,2.343966484069824,22.107336044311523,0.0328125,25.0,0.9905496835708618
R01945,0.2571966350078583,2.6666667461395264,0.3024286925792694,1.1515380144119263,8.020574569702148,2.5024123191833496,0.06960227272727272,12.919928550720215,3.4974915981292725,44.133392333984375,0.04403409090909091,12.0,0.9963620901107788
R01946,0.09722857177257538,1.3333333730697632,0.14658159017562866,1.5384604930877686,12.097945213317871,3.130685806274414,0.0425,3.1192455291748047,4.823972225189209,56.393314361572266,0.02,16.0,0.998574435710907
R01947,0.6202502846717834,3.3333332538604736,0.6201199889183044,0.9836865663528442,3.5087244510650635,0.6062954068183899,0.044642857142857144,16.55948829650879,1.5720818042755127,8.598472595214844,0.05952380952380952,1.0,0.9774703979492188
R01948,0.43451422452926636,2.3333332538604736,0.2552138566970825,0.5873532891273499,5.18717622756958,2.331327199935913,0.0439453125,3.295001983642578,3.6004557609558105,60.07332229614258,0.025390625,0.0,0.0
R01949,0.6282323002815247,2.6666667461395264,0.29977577924728394,0.4762336015701294,2.5122320652008057,0.34817609190940857,0.028273809523809524,21.837085723876953,1.348517894744873,11.413485527038574,0.049107142857142856,1.0,0.9715130925178528
R01950,0.2698687016963959,2.0,0.26599982380867004,0.9812649488449097,4.895808696746826,1.7215325832366943,0.06994047619047619,4.925082206726074,2.505524158477783,30.15114974975586,0.044642857142857144,7.0,0.9880641102790833
R01951,0.4821239411830902,3.6666667461395264,0.49136945605278015,1.020642876625061,6.634405612945557,2.9818272590637207,0.05505952380952381,36.946842193603516,4.1481099128723145,38.8706169128418,0.04017857142857143,2.0,0.9763380885124207
R01952,0.877384603023529,5.666666507720947,0.8000901341438293,0.8908092975616455,4.964571952819824,1.4673022031784058,0.04017857142857143,55.18587112426758,2.2801530361175537,12.83981990814209,0.06547619047619048,38.0,0.9969626665115356
R01953,0.5435033440589905,3.0,0.44218727946281433,0.8168818950653076,3.1029982566833496,0.8373022675514221,0.05505952380952381,13.078017234802246,2.171293258666992,32.9029426574707,0.023809523809523808,26.0,0.9908947944641113
R01954,0.7376144528388977,4.333333492279053,0.5577327609062195,0.7561294436454773,3.224689483642578,1.1454185247421265,0.05859375,83.55118560791016,2.269258975982666,16.491777420043945,0.06770833333333333,0.0,0.0
R01955,0.14116835594177246,2.0,0.19667673110961914,1.4182188510894775,8.079415321350098,2.34657883644104,0.05505952380952381,5.040528774261475,3.0106334686279297,24.870166778564453,0.046130952380952384,2.0,0.9859800338745117
R01956,0.6251168847084045,2.3333332538604736,0.22140121459960938,0.35416916012763977,2.4573075771331787,0.8041543960571289,0.03571428571428571,11.239909172058105,1.575749158859253,10.527368545532227,0.05654761904761905,0.0,0.0
R01957,0.15132565796375275,2.0,0.20975235104560852,1.3860899209976196,8.561431884765625,1.8621459007263184,0.05859375,4.1232452392578125,2.613291025161743,19.87800407409668,0.046875,6.0,0.9885475635528564
R01958,0.3531032204627991,2.0,0.2629935145378113,0.7506207823753357,3.9049341678619385,1.4646660089492798,0.06398809523809523,5.029412269592285,3.1644065380096436,29.847841262817383,0.043154761904761904,653.0,0.9943434596061707
R01959,0.26389724016189575,2.0,0.19918331503868103,0.7487359046936035,5.3289618492126465,2.6364073753356934,0.05952380952380952,4.124370098114014,3.841825246810913,28.987966537475586,0.049107142857142856,37.0,0.9962750673294067
R01960,0.4264451563358307,3.0,0.38107410073280334,0.8900822401046753,3.717230796813965,1.4992671012878418,0.08482142857142858,30.61956787109375,2.3809897899627686,12.024024963378906,0.07291666666666667,41.0,0.9928680658340454
R01961,0.45659151673316956,2.3333332538604736,0.3069331645965576,0.6713695526123047,3.933950424194336,1.7233169078826904,0.06101190476190476,8.013153076171875,2.4599215984344482,21.333850860595703,0.05357142857142857,1.0,0.9885026216506958
R01962,0.655348002910614,3.0,0.40191662311553955,0.6087154150009155,3.184361696243286,0.5656029582023621,0.03125,17.121427536010742,1.442257046699524,9.557821273803711,0.06696428571428571,0.0,0.0
R01963,0.756572961807251,3.6666667461395264,0.35738277435302734,0.47173458337783813,3.2053961753845215,0.7863444089889526,0.039473684210526314,45.564144134521484,1.7234247922897339,12.53765869140625,0.04276315789473684,2.0,0.9727490544319153
R01964,0.5468738079071045,3.0,0.2687476873397827,0.48801568150520325,2.7693474292755127,0.708350658416748,0.04375,83.19413757324219,3.3930249214172363,34.46665573120117,0.025,20.0,0.987583577632904
R01965,1.2411019802093506,5.333333492279053,0.5931305885314941,0.4758428633213043,1.980570673942566,-0.10931400209665298,0.001488095238095238,162.4190216064453,1.0103107690811157,4.49405574798584,0.047619047619047616,0.0,0.0
R01966,0.36906200647354126,2.0,0.20365606248378754,0.5480246543884277,2.7119550704956055,0.5333107113838196,0.04,19.616897583007812,3.0724592208862305,28.126657485961914,0.02875,8.0,0.9873928427696228
R01967,0.5306090712547302,3.6666667461395264,0.5100184679031372,0.9611924290657043,3.242263078689575,0.5336045622825623,0.01171875,33.82754898071289,1.703445315361023,8.125641822814941,0.0625,9.0,0.9934149384498596
R01968,0.27251148223876953,1.6666666269302368,0.20265233516693115,0.743439793586731,5.939895153045654,2.1875293254852295,0.028273809523809524,4.052933692932129,4.078669548034668,49.41404724121094,0.022321428571428572,8.0,0.9893298149108887
R01969,0.2125798612833023,2.0,0.225624218583107,1.0572315454483032,5.883188724517822,1.847462773323059,0.0744047619047619,5.6693949699401855,2.4805941581726074,25.27972412109375,0.06398809523809523,4.0,0.9924746155738831
R01970,0.5351973176002502,3.0,0.3777473270893097,0.7058081030845642,4.046518325805664,2.055699110031128,0.0859375,52.2663459777832,2.6500308513641357,17.358409881591797,0.061197916666666664,6.0,0.9861635565757751
R01971,0.1925770789384842,2.3333332538604736,0.3141743838787079,1.6221263408660889,9.443907737731934,2.857576608657837,0.06994047619047619,15.386945724487305,4.32880163192749,42.47081756591797,0.03571428571428571,0.0,0.0
R01972,0.21354305744171143,2.0,0.2704468369483948,1.2607853412628174,6.082271099090576,2.014328718185425,0.06696428571428571,4.0129218101501465,3.2137298583984375,17.032512664794922,0.07142857142857142,11.0,0.9989784955978394
R01973,0.22396691143512726,1.6666666269302368,0.19718118011951447,0.8753118515014648,6.639901638031006,2.491269826889038,0.03720238095238095,3.6680047512054443,5.013269424438477,49.16876220703125,0.026785714285714284,3.0,0.9810643792152405
R01974,0.5534374117851257,2.3333332538604736,0.24193011224269867,0.4389544427394867,2.4930078983306885,0.6868786215782166,0.044642857142857144,8.550501823425293,2.058568000793457,19.20677375793457,0.05357142857142857,0.0,0.0
R01975,0.2857384979724884,2.0,0.2237277776002884,0.7855308651924133,4.440308570861816,1.8587690591812134,0.05803571428571429,9.078683853149414,3.6308505535125732,36.30906295776367,0.03125,90.0,0.9945167303085327
R01976,0.3402442932128906,3.0,0.4457739293575287,1.295741319656372,5.771812915802002,1.8589621782302856,0.06696428571428571,23.081432342529297,3.1870028972625732,20.218120574951172,0.06398809523809523,6.0,0.9917364716529846
R01977,0.6631638407707214,3.6666667461395264,0.4230186343193054,0.63787841796875,3.236236572265625,1.741873025894165,0.08723958333333333,36.2990608215332,2.057180643081665,9.634499549865723,0.08984375,0.0,0.0
R01978,0.2936708927154541,2.0,0.21585607528686523,0.7318539619445801,5.868208885192871,2.4901959896087646,0.03720238095238095,1.8503077030181885,2.59250807762146,27.406204223632812,0.044642857142857144,2.0,0.9853459596633911
R01979,0.4059216380119324,3.0,0.3843730688095093,0.9426510334014893,4.6366400718688965,1.4475898742675781,0.05654761904761905,31.4313907623291,2.2957346439361572,16.404977798461914,0.049107142857142856,1.0,0.9733694791793823
R01980,0.7689173221588135,4.0,0.510208249092102,0.6604275703430176,2.401348352432251,0.6722019910812378,0.00744047619047619,90.58043670654297,1.378151774406433,7.157825469970703,0.03422619047619048,4.0,0.9890344738960266
R01981,0.5063319802284241,3.0,0.3004210591316223,0.5895742774009705,3.4637489318847656,0.7831670641899109,0.04017857142857143,23.908679962158203,1.732997179031372,14.454936981201172,0.047619047619047616,1.0,0.9745739102363586
R01982,0.6472390294075012,3.0,0.2982906103134155,0.4609037935733795,2.4137942790985107,1.0647387504577637,0.06845238095238096,27.970386505126953,1.7303110361099243,9.272649765014648,0.06696428571428571,1.0,0.9714715480804443
R01983,0.39375925064086914,2.6666667461395264,0.3192256987094879,0.7994155287742615,5.202479362487793,1.7275334596633911,0.04334677419354839,10.681302070617676,2.1497278213500977,11.755622863769531,0.07661290322580645,0.0,0.0
R01984,0.5711759328842163,3.0,0.3688303232192993,0.6458159685134888,3.4176106452941895,0.9647128582000732,0.05654761904761905,12.803037643432617,1.7523019313812256,9.819348335266113,0.08333333333333333,1.0,0.9823440313339233
R01985,0.31608742475509644,2.3333332538604736,0.3285151422023773,1.0553150177001953,9.482373237609863,4.165492057800293,0.03125,2.04217791557312,6.805035591125488,126.73809814453125,0.013392857142857142,21.0,0.9934659004211426
R01986,0.4626201391220093,3.6666667461395264,0.4854297637939453,1.0493030548095703,6.060490608215332,1.8900960683822632,0.0791015625,46.530731201171875,2.980039596557617,26.85547637939453,0.0439453125,15.0,0.9943715333938599
R01987,0.7100333571434021,4.0,0.5047353506088257,0.7098944187164307,3.2579526901245117,1.5619418621063232,0.0744047619047619,89.77911376953125,2.2316629886627197,12.943962097167969,0.06398809523809523,0.0,0.0
R01988,0.33895936608314514,3.0,0.35555770993232727,1.0425149202346802,5.869837284088135,1.7676163911819458,0.049107142857142856,24.352643966674805,2.7161355018615723,25.449419021606445,0.049107142857142856,14.0,0.9913316965103149
R01989,0.7069416046142578,4.666666507720947,0.8019714951515198,1.1271568536758423,4.238865852355957,1.2683180570602417,0.0744047619047619,15.116853713989258,2.4820475578308105,13.549046516418457,0.05803571428571429,41.0,0.9910077452659607
R01990,0.1568867415189743,2.0,0.18412695825099945,1.1736223697662354,9.531928062438965,3.0136311054229736,0.0498046875,6.635319232940674,4.802077770233154,68.35253143310547,0.0224609375,36.0,0.997699499130249
R01991,0.6459574699401855,6.0,0.8345708250999451,1.268729329109192,4.139524936676025,1.3355547189712524,0.11,232.3548583984375,2.1602320671081543,9.496359825134277,0.08875,4.0,0.980791449546814
R01992,0.5372227430343628,2.3333332538604736,0.22227318584918976,0.4134182035923004,2.963092803955078,1.2942848205566406,0.03927068723702665,11.1039400100708,1.6256020069122314,15.813200950622559,0.056100981767180924,0.0,0.0
R01993,0.45153748989105225,2.6666667461395264,0.31802067160606384,0.6984428763389587,3.60817551612854,1.3810725212097168,0.06845238095238096,23.460844039916992,2.416306257247925,16.46522331237793,0.05803571428571429,45.0,0.9983470439910889
R01994,0.053921427577733994,1.3333333730697632,0.15661437809467316,2.8618524074554443,21.330677032470703,3.1618471145629883,0.06994047619047619,1.4069410562515259,6.254096031188965,83.90824890136719,0.017857142857142856,0.0,0.0
R01995,0.41516372561454773,2.3333332538604736,0.28563258051872253,0.6842357516288757,3.8911445140838623,1.2709546089172363,0.052083333333333336,26.331682205200195,3.1411173343658447,27.972429275512695,0.03273809523809524,3.0,0.984157919883728
R01996,0.3379727303981781,2.0,0.2843116819858551,0.8366178274154663,3.7405223846435547,1.0916221141815186,0.0625,4.507823467254639,2.8498692512512207,30.77849769592285,0.052083333333333336,22.0,0.981816828250885
R01997,0.3926582336425781,4.0,0.3827334940433502,0.9747217297554016,5.352128028869629,2.0069525241851807,0.06380208333333333,79.35118865966797,2.450423002243042,20.539426803588867,0.053385416666666664,2.0,0.9755907654762268
R01998,0.34622976183891296,2.0,0.3076711893081665,0.8893584609031677,3.9115498065948486,1.6152846813201904,0.06845238095238096,7.893031597137451,2.316615581512451,13.182147026062012,0.07142857142857142,4.0,0.9808461666107178
R01999,0.6138286590576172,4.0,0.5749276280403137,0.9296041131019592,3.886470079421997,1.3163752555847168,0.0725,75.5627670288086,2.1844968795776367,13.519767761230469,0.0625,15.0,0.9921802282333374
R02000,0.48134204745292664,2.3333332538604736,0.24920326471328735,0.5220992565155029,3.206035852432251,1.3232580423355103,0.0575,6.623962879180908,2.5833680629730225,30.986112594604492,0.04625,0.0,0.0
R02001,0.36815595626831055,3.0,0.3632439076900482,0.9803220629692078,4.847646236419678,1.4379218816757202,0.06398809523809523,19.51871681213379,2.7764179706573486,24.53753089904785,0.044642857142857144,16.0,0.9870205521583557
R02002,0.4170231819152832,3.0,0.3666965067386627,0.877535343170166,4.344474792480469,1.7636703252792358,0.05654761904761905,18.13472557067871,2.8122527599334717,19.21576499938965,0.041666666666666664,0.0,0.0
R02003,0.3553246557712555,2.6666667461395264,0.4046928286552429,1.1392121315002441,6.170650959014893,2.715895891189575,0.05803571428571429,19.046016693115234,3.998732566833496,24.369773864746094,0.046130952380952384,3.0,0.9818075895309448
R02004,0.4429623782634735,2.3333332538604736,0.24813732504844666,0.5601758360862732,3.4017176628112793,1.4007370471954346,0.052083333333333336,14.101759910583496,2.7889564037323,36.13026809692383,0.033854166666666664,0.0,0.0
R02005,0.15703783929347992,2.0,0.20794695615768433,1.3061552047729492,7.444606304168701,1.6576427221298218,0.044642857142857144,3.5172722339630127,3.0847883224487305,37.15298843383789,0.03571428571428571,4.0,0.9896542429924011
R02006,0.5146818161010742,2.6666667461395264,0.3256758749485016,0.6308966279029846,3.050194025039673,0.9354013800621033,0.05357142857142857,17.430665969848633,2.9663078784942627,26.410114288330078,0.03273809523809524,3.0,0.9801396727561951
R02007,0.22941918671131134,2.3333332538604736,0.34539860486984253,1.5289143323898315,6.939495086669922,2.0488767623901367,0.07589285714285714,1.8085923194885254,3.1423966884613037,42.450653076171875,0.044642857142857144,1.0,0.980080246925354
R02008,0.9791786074638367,5.0,0.5035235285758972,0.5119961500167847,2.1637356281280518,0.1647620052099228,0.011904761904761904,164.8561248779297,0.9557552337646484,5.24855375289917,0.049107142857142856,1.0,0.9823655486106873
R02009,0.39430907368659973,3.0,0.42396771907806396,1.0508753061294556,5.877154350280762,1.7327756881713867,0.09232954545454546,28.87702178955078,2.887928009033203,36.045372009277344,0.04261363636363636,16.0,0.992542028427124
R02010,0.06621808558702469,1.0,0.15147429704666138,2.2518084049224854,17.20810317993164,3.4354214668273926,0.0425,2.444934368133545,7.1646342277526855,119.48876190185547,0.015,30.0,0.9997978210449219
R02011,1.123883843421936,4.333333492279053,0.4766111969947815,0.42502403259277344,1.9867264032363892,0.21458792686462402,0.01838235294117647,101.26910400390625,1.3728495836257935,6.9557318687438965,0.07169117647058823,0.0,0.0
R02012,0.5963723063468933,3.0,0.3451162278652191,0.5864717364311218,2.5562098026275635,0.7034512758255005,0.04017857142857143,20.35476303100586,1.3701950311660767,7.43447208404541,0.06101190476190476,0.0,0.0
R02013,0.26738446950912476,3.0,0.29547637701034546,1.1050578355789185,7.2533979415893555,3.013446092605591,0.057291666666666664,42.0524787902832,3.3546276092529297,27.16297721862793,0.055989583333333336,7.0,0.9889167547225952
R02014,0.2910451591014862,2.0,0.29120251536369324,0.9996619820594788,7.4714202880859375,3.0940239429473877,0.06547619047619048,16.288633346557617,5.509354114532471,69.29621124267578,0.01636904761904762,0.0,0.0
R02015,1.0596364736557007,5.333333492279053,0.7057176232337952,0.665999174118042,2.4228880405426025,0.39409515261650085,0.0013020833333333333,178.20025634765625,1.4518272876739502,6.005070686340332,0.0859375,0.0,0.0
R02016,0.4288073182106018,2.0,0.23229332268238068,0.5424683690071106,3.2201225757598877,0.9165948629379272,0.043154761904761904,7.852196216583252,2.065511703491211,18.137001037597656,0.03869047619047619,0.0,0.0
R02017,0.5075079798698425,3.0,0.30328917503356934,0.5969496369361877,3.053610324859619,0.7555782198905945,0.03869047619047619,31.36564064025879,1.9199491739273071,14.53944206237793,0.06696428571428571,0.0,0.0
R02018,0.4668392837047577,3.0,0.3600359857082367,0.7665724158287048,5.5384368896484375,1.9123929738998413,0.03869047619047619,19.128232955932617,2.222985029220581,17.65366554260254,0.050595238095238096,2.0,0.9828645586967468
R02019,0.9127952456474304,3.0,0.213532492518425,0.2339322566986084,1.6964384317398071,-0.49781322479248047,0.010416666666666666,121.34687042236328,0.6143875122070312,3.1064088344573975,0.03515625,1.0,0.9730234742164612
R02020,0.40552616119384766,2.3333332538604736,0.3483335077762604,0.8426374197006226,3.6734652519226074,0.7190098166465759,0.0375,9.368147850036621,2.8966031074523926,30.449987411499023,0.04125,20.0,0.9985961318016052
R02021,0.48272156715393066,4.333333492279053,0.6722104549407959,1.3925398588180542,4.745354652404785,1.5680066347122192,0.109375,83.90071105957031,2.0650854110717773,8.727984428405762,0.09505208333333333,81.0,0.9989035129547119
R02022,0.6286370754241943,3.0,0.30281996726989746,0.4798294007778168,3.0488922595977783,1.9174973964691162,0.05654761904761905,21.87627601623535,2.744009494781494,21.655433654785156,0.044642857142857144,13.0,0.9926636219024658
R02023,0.43218109011650085,4.0,0.48060327768325806,1.1124649047851562,4.9640021324157715,1.593166470527649,0.08928571428571429,42.739871978759766,2.1253931522369385,14.772603034973145,0.07589285714285714,8.0,0.9845584034919739
R02024,0.6195678114891052,2.6666667461395264,0.44531288743019104,0.7193735241889954,2.390547752380371,-0.12275795638561249,0.0,19.61421775817871,1.1017135381698608,5.2637763023376465,0.022321428571428572,0.0,0.0
R02025,0.36785274744033813,2.6666667461395264,0.3359113931655884,0.9093261361122131,6.270608425140381,1.9142484664916992,0.0725,18.674863815307617,4.229226112365723,90.046875,0.025,4.0,0.9845351576805115
R02026,0.27106866240501404,2.0,0.2254304736852646,0.8402939438819885,4.727334976196289,1.5355150699615479,0.065,5.490175724029541,3.1263225078582764,40.30173110961914,0.03125,3.0,0.9897565841674805
R02027,0.5003336668014526,2.6666667461395264,0.32756611704826355,0.655684232711792,3.7701008319854736,0.9353534579277039,0.04398148148148148,10.523909568786621,2.366490125656128,34.00300216674805,0.032407407407407406,16.0,0.9848729968070984
R02028,0.8993976712226868,4.333333492279053,0.630156934261322,0.6940564513206482,3.063992738723755,0.09076766669750214,0.022321428571428572,58.6441535949707,1.4378935098648071,8.137786865234375,0.050595238095238096,0.0,0.0
R02029,0.1173633560538292,1.0,0.12317121028900146,1.033481478691101,5.309682369232178,0.9604833126068115,0.049107142857142856,0.2304496318101883,3.6674420833587646,74.31932830810547,0.01488095238095238,48.0,0.9943998456001282
R02030,0.2938139736652374,1.0,0.08240070194005966,0.28092288970947266,3.3892533779144287,1.239780068397522,0.022321428571428572,2.9991636276245117,1.6720426082611084,36.679298400878906,0.013392857142857142,12.0,0.985896110534668
R02031,0.6035518646240234,3.3333332538604736,0.41636013984680176,0.6731487512588501,3.0898170471191406,0.9512814879417419,0.04971590909090909,40.33802795410156,1.8451811075210571,11.284151077270508,0.06676136363636363,0.0,0.0
R02032,0.35492613911628723,2.6666667461395264,0.436517596244812,1.2168407440185547,5.280306339263916,1.7728544473648071,0.0775,57.15293884277344,3.0799145698547363,16.15400505065918,0.0675,20.0,0.9914035797119141
R02033,0.1686517298221588,2.0,0.2404458075761795,1.4051907062530518,8.655820846557617,1.937066674232483,0.06398809523809523,7.395359516143799,3.111313819885254,30.52486228942871,0.043154761904761904,0.0,0.0
R02034,0.3587658703327179,2.0,0.18355761468410492,0.5110189914703369,3.442807197570801,1.0704469680786133,0.03869047619047619,4.138545036315918,1.9987046718597412,26.268095016479492,0.03273809523809524,23.0,0.9969440698623657
R02035,0.3151519000530243,2.0,0.2888236343860626,0.9104180932044983,5.138676166534424,1.975522518157959,0.06845238095238096,8.074606895446777,3.2349839210510254,29.41429328918457,0.049107142857142856,1.0,0.9809649586677551
R02036,0.5471301674842834,3.0,0.2579343318939209,0.4714305102825165,2.438143491744995,0.9851255416870117,0.059895833333333336,24.31935691833496,1.5964726209640503,10.451992988586426,0.052083333333333336,6.0,0.9929301142692566
R02037,0.5668249130249023,4.0,0.4996802508831024,0.8912730813026428,4.086454391479492,1.4473421573638916,0.08630952380952381,53.371437072753906,2.166142225265503,12.483789443969727,0.07738095238095238,0.0,0.0
R02038,0.22594711184501648,2.0,0.25466105341911316,1.0989363193511963,7.356502056121826,2.603461980819702,0.04411764705882353,6.2265801429748535,4.866244316101074,59.60197448730469,0.025735294117647058,19.0,0.9827373027801514
R02039,0.6539018154144287,3.6666667461395264,0.4120441973209381,0.6265609860420227,3.2897181510925293,1.4667887687683105,0.07291666666666667,44.28645706176758,2.185912609100342,13.39163589477539,0.07291666666666667,0.0,0.0
R02040,0.6071121692657471,3.6666667461395264,0.4052068889141083,0.6674321293830872,3.507140874862671,1.2167197465896606,0.056640625,9.995688438415527,2.3275034427642822,28.36017417907715,0.0400390625,314.0,0.9981894493103027
R02041,0.6293790936470032,3.0,0.2780221998691559,0.44048774242401123,3.120243787765503,1.961069107055664,0.044642857142857144,46.885284423828125,2.5448341369628906,22.875213623046875,0.04017857142857143,5.0,0.9911829829216003
R02042,0.4849061965942383,2.3333332538604736,0.23305585980415344,0.481584370136261,3.8886072635650635,2.3812263011932373,0.06547619047619048,3.6386027336120605,0.5827277898788452,5.760636806488037,0.044642857142857144,17.0,0.9866366386413574
R02043,0.22599956393241882,3.0,0.3836880326271057,1.6977307796478271,8.882664680480957,2.392165184020996,0.091796875,24.45551109313965,4.314187049865723,65.92961883544922,0.0263671875,0.0,0.0
R02044,0.5448046326637268,4.333333492279053,0.6924154162406921,1.2521185874938965,3.7844340801239014,1.0003889799118042,0.05803571428571429,44.306976318359375,1.84708833694458,9.084980964660645,0.06994047619047619,0.0,0.0
R02045,0.3064645230770111,3.0,0.4056706726551056,1.322061538696289,5.606629371643066,1.2424637079238892,0.05952380952380952,17.70449447631836,2.6973483562469482,28.035078048706055,0.050595238095238096,6.0,0.9978472590446472
R02046,0.23424966633319855,1.6666666269302368,0.13443614542484283,0.5735597610473633,3.5289547443389893,0.9631580114364624,0.043154761904761904,2.308629274368286,3.4741971492767334,44.264122009277344,0.023809523809523808,14.0,0.9952186346054077
R02047,0.6820675730705261,3.0,0.23125970363616943,0.3387516438961029,2.549590587615967,1.3350956439971924,0.041666666666666664,23.700777053833008,2.388091564178467,25.256980895996094,0.03273809523809524,0.0,0.0
R02048,0.30409637093544006,2.0,0.2510640323162079,0.8282237648963928,4.680894374847412,2.088059902191162,0.07738095238095238,7.855173110961914,3.273397207260132,36.16440963745117,0.043154761904761904,0.0,0.0
R02049,0.2532255947589874,2.0,0.21992893517017365,0.8615267276763916,5.726749897003174,3.04457426071167,0.046130952380952384,4.410202980041504,4.586937427520752,43.02557373046875,0.03720238095238095,25.0,0.9914262890815735
R02050,0.5775215029716492,3.0,0.4052979648113251,0.7042548060417175,3.0425360202789307,0.9570966958999634,0.019345238095238096,18.420019149780273,1.4563896656036377,7.841047763824463,0.028273809523809524,9.0,0.9994337558746338
R02051,0.10512522608041763,1.3333333730697632,0.18013224005699158,1.7444370985031128,11.81838321685791,3.9538650512695312,0.04583333333333333,1.5991865396499634,4.417603015899658,35.0307731628418,0.035416666666666666,20.0,0.9883476495742798
R02052,0.8445274829864502,4.333333492279053,0.6354729533195496,0.752458930015564,3.2126994132995605,0.8021837472915649,0.013020833333333334,33.682743072509766,1.4761449098587036,6.080162525177002,0.08203125,7.0,0.9944199919700623
R02053,0.12231100350618362,1.0,0.0964403748512268,0.7808886766433716,4.201432228088379,0.7582359313964844,0.043154761904761904,0.40538573265075684,2.4578404426574707,33.25007629394531,0.03720238095238095,68.0,0.9990317225456238
R02054,0.5744768977165222,3.0,0.3941003382205963,0.6699764728546143,3.0148701667785645,1.040076732635498,0.0625,32.34701919555664,1.8818033933639526,11.395162582397461,0.07244318181818182,1.0,0.9788632988929749
R02055,0.30621203780174255,1.6666666269302368,0.19160445034503937,0.6254973411560059,3.673651933670044,1.3960484266281128,0.06398809523809523,2.371570348739624,2.925050735473633,33.59547424316406,0.03571428571428571,53.0,0.9940816760063171
R02056,0.3311153054237366,3.0,0.4101993441581726,1.2526276111602783,5.292292594909668,1.1212936639785767,0.05654761904761905,17.53495979309082,2.567502498626709,25.763587951660156,0.052083333333333336,63.0,1.0
R02057,0.3928459584712982,3.0,0.4108867645263672,1.0459206104278564,5.8550286293029785,1.5498971939086914,0.057291666666666664,11.390629768371582,3.2798755168914795,51.41465759277344,0.03125,8.0,0.9842754006385803
R02058,0.1972605586051941,2.6666667461395264,0.3426075875759125,1.7368189096450806,8.041420936584473,1.8914082050323486,0.06944444444444445,11.421622276306152,4.571645259857178,62.4090690612793,0.017361111111111112,1.0,0.9978035092353821
R02059,0.19593441486358643,1.6666666269302368,0.19738095998764038,0.9997497797012329,4.471513271331787,1.0786365270614624,0.0625,0.9561142921447754,2.623483180999756,32.181114196777344,0.041666666666666664,3.0,0.9768326878547668
R02060,0.4779164493083954,2.6666667461395264,0.3202591836452484,0.6701140403747559,3.875593423843384,1.6051723957061768,0.0751953125,10.285994529724121,2.36940860748291,33.32011413574219,0.0703125,4.0,0.9829621315002441
R02061,0.08932711184024811,1.3333333730697632,0.19075027108192444,2.112811803817749,11.595527648925781,2.666473627090454,0.07291666666666667,3.4705073833465576,3.593080520629883,33.35908508300781,0.046130952380952384,15.0,0.9957871437072754
R02062,0.589154064655304,2.3333332538604736,0.27137741446495056,0.4607864022254944,2.3225271701812744,-0.09378405660390854,0.015625,17.03214454650879,1.1406668424606323,10.55528450012207,0.048177083333333336,10.0,0.9855208396911621
R02063,0.28873303532600403,2.0,0.28301340341567993,1.0365705490112305,5.5404276847839355,2.0366203784942627,0.0576036866359447,30.140689849853516,2.3792061805725098,16.687179565429688,0.055299539170506916,0.0,0.0
R02064,0.17270834743976593,2.0,0.21289218962192535,1.2181236743927002,9.582874298095703,2.34694242477417,0.05625,5.265064239501953,6.410346508026123,110.06742858886719,0.0109375,9.0,0.9904193878173828
R02065,0.3881468176841736,3.0,0.4432365298271179,1.132908821105957,4.221712589263916,1.449108600616455,0.08375,32.871421813964844,2.248281955718994,11.026962280273438,0.07125,0.0,0.0
R02066,1.285695195198059,4.666666507720947,0.510193943977356,0.3983684182167053,1.9472147226333618,0.24694769084453583,0.011029411764705883,117.63545989990234,1.3210220336914062,7.220150470733643,0.0661764705882353,0.0,0.0
R02067,0.5083307027816772,2.6666667461395264,0.32856523990631104,0.6402026414871216,4.361879825592041,2.2656993865966797,0.052556818181818184,6.472134590148926,1.6513344049453735,12.053420066833496,0.05823863636363636,6.0,0.9916102886199951
R02068,0.48063942790031433,3.6666667461395264,0.47564396262168884,0.9896044135093689,4.306726455688477,1.2867295742034912,0.078125,56.608158111572266,2.372631072998047,13.10030460357666,0.083984375,29.0,0.9986178874969482
R02069,0.568396270275116,3.0,0.3601020574569702,0.6335393786430359,3.9401724338531494,1.397849678993225,0.0625,36.838687896728516,1.8693875074386597,12.604024887084961,0.061197916666666664,26.0,0.9869430065155029
R02070,0.2716927230358124,2.0,0.227204367518425,0.8301641941070557,5.157216548919678,1.403748869895935,0.046130952380952384,9.516892433166504,4.485254287719727,49.06675338745117,0.028273809523809524,33.0,0.9969786405563354
R02071,0.39607006311416626,2.0,0.24298502504825592,0.6129506826400757,2.9692940711975098,0.7969134449958801,0.043154761904761904,11.25800895690918,1.9330086708068848,11.622383117675781,0.08482142857142858,7.0,0.9880896806716919
R02072,0.3418565094470978,2.0,0.21302546560764313,0.6325433254241943,4.124394416809082,1.6959412097930908,0.05357142857142857,3.6833033561706543,3.769864082336426,56.38095474243164,0.028273809523809524,7.0,0.986053466796875
R02073,0.35058948397636414,3.0,0.4131276607513428,1.168585181236267,4.553246974945068,1.4665082693099976,0.08625,29.34572982788086,2.2518656253814697,10.820415496826172,0.07,0.0,0.0
R02074,0.3120405375957489,2.0,0.3410642445087433,1.08372163772583,5.656766891479492,1.0388743877410889,0.03869047619047619,4.142451763153076,2.9137938022613525,31.02455711364746,0.026785714285714284,15.0,0.9941998720169067
R02075,0.3391842842102051,2.0,0.2449459582567215,0.7210553288459778,4.470218181610107,1.7723027467727661,0.05875,3.2775728702545166,3.357268810272217,29.901878356933594,0.03375,0.0,0.0
R02076,0.42941921949386597,2.0,0.3197343051433563,0.7345085144042969,3.4152097702026367,0.6778515577316284,0.03875,10.613231658935547,2.6665875911712646,23.237571716308594,0.03125,1.0,0.9887813329696655
R02077,0.8744560480117798,4.0,0.4221143424510956,0.4844212532043457,2.502171039581299,0.9115087985992432,0.06101190476190476,59.795928955078125,1.6543875932693481,9.480865478515625,0.06696428571428571,0.0,0.0
R02078,0.08124057203531265,1.3333333730697632,0.15226396918296814,1.9090174436569214,11.99474811553955,2.8779749870300293,0.06994047619047619,0.3399605453014374,4.489399433135986,69.62515258789062,0.023809523809523808,13.0,0.9914418458938599
R02079,0.22873416543006897,1.6666666269302368,0.2142273485660553,0.9351579546928406,6.29779577255249,1.6197489500045776,0.03720238095238095,2.4844765663146973,5.179378032684326,85.99061584472656,0.017857142857142856,6.0,0.9839170575141907
R02080,0.44218024611473083,3.0,0.4433077275753021,1.0025473833084106,5.455023288726807,1.5474148988723755,0.0732421875,29.102188110351562,2.809537887573242,28.48657989501953,0.0478515625,18.0,0.9945844411849976
R02081,0.4947468638420105,2.3333332538604736,0.27946963906288147,0.5662975311279297,3.3125734329223633,1.3173637390136719,0.049107142857142856,11.336881637573242,2.5626273155212402,24.601131439208984,0.041666666666666664,3.0,0.9919872879981995
R02082,0.7499409317970276,4.0,0.4612371325492859,0.6171247959136963,2.968636989593506,0.18280240893363953,0.01278409090909091,55.37178039550781,1.333509922027588,7.76223087310791,0.061079545454545456,17.0,0.9912301898002625
R02083,0.18189425766468048,1.3333333730697632,0.15693725645542145,0.8632351756095886,5.296391010284424,1.9511232376098633,0.059782608695652176,1.4990731477737427,4.603328227996826,62.26987075805664,0.014945652173913044,13.0,0.9950612187385559
R02084,0.3474528193473816,2.0,0.26029300689697266,0.7491441965103149,3.7999656200408936,0.6363844871520996,0.041666666666666664,9.34323501586914,2.7750113010406494,32.540870666503906,0.036458333333333336,0.0,0.0
R02085,0.6251489520072937,2.6666667461395264,0.3768169581890106,0.600942075252533,2.9678990840911865,-0.07785733789205551,0.020833333333333332,23.46268653869629,1.3781265020370483,11.133309364318848,0.050595238095238096,1.0,0.9714317917823792
R02086,0.1984013020992279,2.3333332538604736,0.29898127913475037,1.4907190799713135,10.934454917907715,2.9427173137664795,0.06481481481481481,1.9325051307678223,3.273383617401123,31.07714080810547,0.046296296296296294,3.0,0.9791462421417236
R02087,0.3732389807701111,2.3333332538604736,0.2943189740180969,0.788551390171051,3.843559503555298,1.503818154335022,0.07465277777777778,13.446504592895508,2.089531898498535,13.305109024047852,0.07118055555555555,15.0,0.9904271364212036
R02088,0.4540872871875763,3.0,0.35190826654434204,0.7712182402610779,4.697668552398682,2.056222677230835,0.06994047619047619,2.112544536590576,3.815643548965454,53.45430374145508,0.01488095238095238,0.0,0.0
R02089,0.17763128876686096,1.3333333730697632,0.17578032612800598,0.9826157689094543,4.258023738861084,1.057783842086792,0.0625,0.9186571836471558,2.672398090362549,30.96181297302246,0.046130952380952384,2.0,0.9756225347518921
R02090,0.5583573579788208,2.6666667461395264,0.3123178780078888,0.5571730732917786,3.211420774459839,0.6940723657608032,0.044642857142857144,15.349454879760742,2.936945915222168,31.92141342163086,0.03125,6.0,0.9816287159919739
R02091,0.6214196681976318,4.0,0.514794647693634,0.8268782496452332,3.7144052982330322,1.255106806755066,0.07589285714285714,73.05268859863281,2.0254716873168945,12.090821266174316,0.0744047619047619,0.0,0.0
R02092,0.5199633240699768,2.6666667461395264,0.30803295969963074,0.5903180837631226,3.7554688453674316,1.4329063892364502,0.05654761904761905,5.432093143463135,3.0180137157440186,30.54500389099121,0.03720238095238095,5.0,0.9872446060180664
R02093,0.3837556540966034,2.0,0.21617279946804047,0.5633070468902588,3.316650390625,1.2117233276367188,0.049479166666666664,8.405887603759766,2.230666160583496,24.04738426208496,0.04296875,20.0,0.9852930307388306
R02094,0.09006628394126892,1.6666666269302368,0.19472913444042206,2.162040948867798,15.335036277770996,2.7407710552215576,0.06640625,3.6551756858825684,5.591248989105225,78.75553894042969,0.01953125,2.0,0.9759923219680786
R02095,0.5908318161964417,3.0,0.32445862889289856,0.5480465888977051,3.9742488861083984,2.146045446395874,0.05803571428571429,18.466299057006836,2.2448904514312744,21.03506851196289,0.03869047619047619,13.0,0.9886500239372253
R02096,0.6388173699378967,4.0,0.501941442489624,0.7801175117492676,3.4412992000579834,0.5832898616790771,0.03869047619047619,21.756778717041016,1.9133679866790771,12.775330543518066,0.05654761904761905,0.0,0.0
R02097,0.7466537952423096,3.0,0.31711632013320923,0.4241407513618469,2.6131608486175537,0.9077974557876587,0.050595238095238096,34.917701721191406,1.6791960000991821,11.651432991027832,0.050595238095238096,2.0,0.9841769933700562
R02098,0.15578556060791016,2.0,0.30020490288734436,1.9270269870758057,13.266432762145996,2.31158709526062,0.0537109375,13.36822509765625,4.670582294464111,64.05278015136719,0.0234375,2.0,0.9875346422195435
R02099,0.4028831422328949,2.6666667461395264,0.26826775074005127,0.6595169305801392,3.625221014022827,0.8750436902046204,0.03869047619047619,15.280037879943848,2.5140879154205322,28.66252899169922,0.02976190476190476,2.0,0.9955401420593262
R02100,0.41424015164375305,2.0,0.2865372896194458,0.6881508231163025,3.4218251705169678,1.5636905431747437,0.08625,7.067339897155762,2.7922675609588623,15.026745796203613,0.07125,2.0,0.9749366641044617
R02101,0.3103208839893341,2.0,0.2798726558685303,0.9006996154785156,5.362699031829834,1.6538056135177612,0.041666666666666664,5.48629093170166,4.314052104949951,48.10188293457031,0.025297619047619048,10.0,0.993267834186554
R02102,0.26712507009506226,1.6666666269302368,0.174484983086586,0.6526312232017517,4.082462310791016,1.650402545928955,0.065,1.2871192693710327,3.1403517723083496,47.30622100830078,0.0325,2.0,0.9841898083686829
R02103,0.2628001868724823,1.6666666269302368,0.2185944765806198,0.8326789140701294,4.9897074699401855,1.5404164791107178,0.05952380952380952,5.844600200653076,4.013258457183838,40.355159759521484,0.03125,116.0,0.9999999403953552
R02104,0.2504504323005676,2.0,0.20869743824005127,0.8478154540061951,5.103143215179443,1.7509269714355469,0.065,4.403069019317627,3.4055051803588867,52.53099822998047,0.0325,3.0,0.9914229512214661
R02105,0.13016973435878754,1.0,0.11303333193063736,0.8820850849151611,7.3922343254089355,3.3098552227020264,0.043154761904761904,1.660794734954834,6.1377997398376465,87.41478729248047,0.011904761904761904,26.0,0.998965322971344
R02106,0.24456733465194702,1.6666666269302368,0.2123003900051117,0.866540789604187,6.267333984375,2.4801228046417236,0.03720238095238095,4.949698448181152,5.2595014572143555,66.55221557617188,0.022321428571428572,0.0,0.0
R02107,0.4589725732803345,2.0,0.20942440629005432,0.45877522230148315,3.703136920928955,3.563248634338379,0.03720238095238095,17.711868286132812,3.8023691177368164,44.239501953125,0.03125,0.0,0.0
R02108,0.4273265302181244,2.3333332538604736,0.2648671269416809,0.6106022000312805,3.2245898246765137,1.380523920059204,0.06676136363636363,8.183043479919434,2.376675844192505,28.61919403076172,0.03551136363636364,0.0,0.0
R02109,0.7035435438156128,3.0,0.3670068383216858,0.5209559798240662,3.2340123653411865,0.5474838614463806,0.03125,9.996798515319824,1.717232584953308,17.33824348449707,0.047619047619047616,2.0,0.9818425178527832
R02110,0.7012779712677002,3.0,0.26797211170196533,0.38211920857429504,2.900207757949829,0.8614439964294434,0.03515625,26.79169464111328,0.8500190377235413,4.894983291625977,0.048177083333333336,1.0,0.9830166101455688
R02111,0.15686814486980438,1.6666666269302368,0.19273947179317474,1.2517954111099243,7.731547832489014,1.9734528064727783,0.06547619047619048,1.6271066665649414,3.501349925994873,47.590824127197266,0.03720238095238095,9.0,0.9936090707778931
R02112,0.11541959643363953,1.3333333730697632,0.1432494819164276,1.2251629829406738,7.915100574493408,2.3778433799743652,0.065,1.6183325052261353,8.008729934692383,137.03204345703125,0.0125,0.0,0.0
R02113,0.41636213660240173,2.3333332538604736,0.2621407210826874,0.6292707324028015,3.442133903503418,1.0109399557113647,0.05505952380952381,10.221426963806152,2.1197025775909424,27.483366012573242,0.03571428571428571,17.0,0.9859600067138672
R02114,0.8728465437889099,5.0,0.629459798336029,0.7211567163467407,3.58396577835083,0.5668113827705383,0.020833333333333332,108.90947723388672,1.2255586385726929,5.8903961181640625,0.053385416666666664,0.0,0.0
R02115,0.3056228756904602,3.0,0.3563224971294403,1.1658855676651,5.295690536499023,1.3859658241271973,0.0828125,21.245166778564453,2.13215970993042,16.41280174255371,0.0640625,44.0,0.9891278147697449
R02116,0.4575333595275879,2.0,0.2734326124191284,0.5983458161354065,3.3735909461975098,0.4939838945865631,0.041666666666666664,7.980555057525635,2.4654715061187744,27.674177169799805,0.028273809523809524,0.0,0.0
R02117,0.08548525720834732,1.0,0.12227316945791245,1.4303257465362549,14.424227714538574,4.000230312347412,0.0390625,1.4549270868301392,6.74045467376709,88.254150390625,0.018229166666666668,0.0,0.0
R02118,0.3106100857257843,2.0,0.22457414865493774,0.7159421443939209,4.357554912567139,1.4488180875778198,0.053385416666666664,5.4316582679748535,3.37819766998291,34.464019775390625,0.037760416666666664,0.0,0.0
R02119,0.5124309659004211,3.3333332538604736,0.4627358019351959,0.9000354409217834,3.656430244445801,0.715634822845459,0.03422619047619048,38.649192810058594,1.9812543392181396,14.7259521484375,0.05357142857142857,12.0,0.9873273372650146
R02120,0.5596684217453003,3.0,0.33857327699661255,0.6059736013412476,2.8355748653411865,1.2729727029800415,0.07336956521739131,27.457080841064453,1.9096254110336304,10.483906745910645,0.06793478260869565,0.0,0.0
R02121,0.5228992104530334,3.0,0.41214239597320557,0.7811521887779236,3.071915626525879,0.6163813471794128,0.02130681818181818,28.03167152404785,1.7411999702453613,9.660017013549805,0.08664772727272728,3.0,0.9975253939628601
R02122,0.3312441408634186,1.6666666269302368,0.17731185257434845,0.5352888703346252,3.5407357215881348,1.665565848350525,0.06510416666666667,2.711005449295044,1.1888359785079956,7.833531856536865,0.053385416666666664,0.0,0.0
R02123,0.1726505607366562,1.6666666269302368,0.17554020881652832,1.055254340171814,6.1680169105529785,1.542750358581543,0.051470588235294115,1.5069879293441772,3.2789957523345947,39.071434020996094,0.04963235294117647,10.0,0.9934266805648804
R02124,0.08571001887321472,2.0,0.20795147120952606,2.4503262042999268,14.410593032836914,3.1075263023376465,0.05434782608695652,6.475711822509766,4.701178073883057,45.30197525024414,0.028532608695652172,19.0,0.9997490048408508
R02125,0.17160701751708984,2.0,0.2487640380859375,1.44960618019104,7.602718830108643,2.2341244220733643,0.06640625,7.621062755584717,3.1476356983184814,32.75292205810547,0.0380859375,10.0,0.9977453351020813
R02126,0.4134714901447296,2.0,0.23502884805202484,0.5654667615890503,3.4287867546081543,1.0963482856750488,0.044642857142857144,8.795771598815918,2.3979320526123047,32.35954666137695,0.02976190476190476,0.0,0.0
R02127,0.5457793474197388,2.3333332538604736,0.29974880814552307,0.5485610365867615,3.8591105937957764,1.430303931236267,0.03273809523809524,8.439053535461426,3.0302300453186035,36.573448181152344,0.02976190476190476,0.0,0.0
R02128,0.540800929069519,3.0,0.4392876923084259,0.8044195771217346,3.7118568420410156,1.2748925685882568,0.07738095238095238,25.053401947021484,2.4193203449249268,16.244430541992188,0.05803571428571429,0.0,0.0
R02129,0.4749523401260376,2.3333332538604736,0.27785724401474,0.5831887125968933,3.2275726795196533,1.0998814105987549,0.04513888888888889,3.183407783508301,2.07891583442688,20.045265197753906,0.04513888888888889,0.0,0.0
R02130,0.3060850501060486,3.0,0.5475745797157288,1.7856669425964355,8.817142486572266,2.204507827758789,0.0818452380952381,18.878143310546875,2.9501616954803467,21.011089324951172,0.04017857142857143,22.0,0.9936565160751343
R02131,0.2906843423843384,2.0,0.23843123018741608,0.8133260011672974,4.58596134185791,1.1925631761550903,0.049107142857142856,17.659517288208008,3.1464738845825195,37.10554504394531,0.02976190476190476,16.0,0.9966914653778076
R02132,0.36664506793022156,2.0,0.2107788622379303,0.5748835802078247,4.535942554473877,1.736063003540039,0.056640625,4.258717060089111,3.7119526863098145,68.95752716064453,0.025390625,3.0,0.9839025735855103
R02133,0.5963899493217468,2.3333332538604736,0.2714322507381439,0.45936164259910583,2.4426865577697754,0.11810366809368134,0.025297619047619048,14.9021577835083,1.2616925239562988,13.342881202697754,0.03720238095238095,0.0,0.0
R02134,0.28864341974258423,2.6666667461395264,0.3636084794998169,1.2592875957489014,5.367448806762695,1.1754909753799438,0.05803571428571429,12.96826457977295,2.720142126083374,26.929903030395508,0.047619047619047616,7.0,0.9880339503288269
R02135,0.2629796266555786,3.0,0.31610575318336487,1.2735564708709717,6.810561656951904,1.8989653587341309,0.07608695652173914,3.4537665843963623,5.137356281280518,91.26582336425781,0.020380434782608696,12.0,0.9969754219055176
R02136,0.1957700252532959,2.0,0.28343188762664795,1.4252361059188843,8.384100914001465,1.8435837030410767,0.06101190476190476,19.299453735351562,3.557455062866211,47.102787017822266,0.03869047619047619,7.0,0.9878414869308472
R02137,0.24717189371585846,1.6666666269302368,0.1637321263551712,0.660681426525116,4.144158363342285,1.6117184162139893,0.052083333333333336,2.6247124671936035,3.5549607276916504,46.48877716064453,0.028273809523809524,37.0,0.998256266117096
R02138,0.5641029477119446,3.0,0.3113479018211365,0.5519334673881531,2.8697102069854736,1.0158603191375732,0.059895833333333336,25.759767532348633,1.6448453664779663,10.087434768676758,0.06901041666666667,9.0,0.991372287273407
R02139,0.387759268283844,3.0,0.4689413905143738,1.2077761888504028,6.016294956207275,1.2871932983398438,0.049107142857142856,22.26125144958496,2.708641290664673,26.05568504333496,0.03125,11.0,0.9931168556213379
R02140,0.488429456949234,5.0,0.6531780362129211,1.3262693881988525,5.705456733703613,1.7634687423706055,0.07886904761904762,99.99813842773438,2.809492588043213,15.119978904724121,0.06845238095238096,0.0,0.0
R02141,0.5558960437774658,2.6666667461395264,0.295078307390213,0.5308147668838501,2.6959996223449707,0.6883516907691956,0.034482758620689655,16.17296600341797,1.7496393918991089,10.996345520019531,0.07219827586206896,0.0,0.0
R02142,0.3998669683933258,2.3333332538604736,0.2932122051715851,0.7396422624588013,4.378330707550049,1.099890112876892,0.029947916666666668,5.8308234214782715,3.0512120723724365,39.71511459350586,0.028645833333333332,5.0,0.9908270835876465
R02143,0.2603704631328583,2.0,0.2601316571235657,0.9886911511421204,5.969576835632324,3.0268137454986572,0.047619047619047616,7.7646403312683105,4.465324878692627,39.22185134887695,0.03869047619047619,13.0,0.9871972799301147
R02144,0.39891961216926575,2.0,0.2333654910326004,0.5853656530380249,3.585360527038574,0.735443651676178,0.04017857142857143,6.791176795959473,2.7915985584259033,32.518089294433594,0.03571428571428571,1.0,0.9843651056289673
R02145,0.38534635305404663,2.0,0.2659185826778412,0.6919363141059875,4.017439365386963,1.1840530633926392,0.05357142857142857,5.228246688842773,2.8812220096588135,27.67398452758789,0.03422619047619048,3.0,0.982124924659729
R02146,0.38805922865867615,3.6666667461395264,0.5790842771530151,1.4922534227371216,4.648856163024902,1.3500659465789795,0.08333333333333333,9.32699203491211,1.9015488624572754,9.35361099243164,0.06076388888888889,0.0,0.0
R02147,0.2525465488433838,1.6666666269302368,0.17788642644882202,0.7086811065673828,4.572662830352783,1.9387938976287842,0.0575,2.090087652206421,4.35341739654541,74.1316146850586,0.01875,0.0,0.0
R02148,0.6694351434707642,3.6666667461395264,0.38665124773979187,0.5731053948402405,2.9494991302490234,1.4109300374984741,0.06101190476190476,43.63001251220703,2.1358885765075684,12.156167984008789,0.06845238095238096,1.0,0.9717576503753662
R02149,0.20277084410190582,3.0,0.35978424549102783,1.7496113777160645,8.910651206970215,1.7872000932693481,0.06398809523809523,18.79922103881836,2.8033864498138428,31.48354721069336,0.046130952380952384,0.0,0.0
R02150,0.5970587134361267,3.0,0.39882081747055054,0.6652498841285706,3.1617865562438965,0.2720869779586792,0.025297619047619048,14.720186233520508,1.9336159229278564,19.86042594909668,0.02976190476190476,6.0,0.9910893440246582
R02151,0.5873091816902161,2.6666667461395264,0.22127020359039307,0.37639662623405457,2.48848295211792,0.9427277445793152,0.046130952380952384,16.877151489257812,2.035468816757202,19.769222259521484,0.041666666666666664,0.0,0.0
R02152,0.6179970502853394,3.3333332538604736,0.47458043694496155,0.7655062079429626,5.762124061584473,1.4856982231140137,0.046130952380952384,14.00025749206543,1.7094764709472656,9.866920471191406,0.06398809523809523,228.0,0.9939115047454834
R02153,0.3161808252334595,2.0,0.3027263581752777,0.9649623036384583,4.946341037750244,1.7007527351379395,0.06398809523809523,7.2262444496154785,2.305567502975464,11.780219078063965,0.06547619047619048,23.0,0.9993869662284851
R02154,0.39983728528022766,3.0,0.4347027838230133,1.0868616104125977,5.45462703704834,1.6237366199493408,0.09077380952380952,33.8953742980957,2.180549144744873,16.905033111572266,0.08035714285714286,11.0,0.9833472371101379
R02155,0.1431262195110321,2.0,0.23765316605567932,1.6391221284866333,11.106786727905273,3.103942394256592,0.05505952380952381,8.45146656036377,5.17439603805542,59.28897476196289,0.020833333333333332,0.0,0.0
R02156,0.33711692690849304,2.0,0.1958889365196228,0.5820369124412537,4.622282028198242,1.5987626314163208,0.041666666666666664,4.495302677154541,2.992859125137329,48.50267791748047,0.03422619047619048,9.0,0.9885252714157104
R02157,0.35315099358558655,2.6666667461395264,0.37449565529823303,1.055709958076477,6.064742565155029,2.5142946243286133,0.07291666666666667,2.198481798171997,3.675924301147461,61.24605178833008,0.03571428571428571,9.0,0.9915661215782166
R02158,0.10325492918491364,1.3333333730697632,0.17668919265270233,1.7183667421340942,8.981399536132812,2.461110830307007,0.07738095238095238,1.0084928274154663,5.404016494750977,97.83876037597656,0.019345238095238096,1.0,0.984540581703186
R02159,0.2829839289188385,2.0,0.28000396490097046,0.9824556708335876,5.5794596672058105,1.380916953086853,0.052083333333333336,10.819117546081543,3.364001512527466,35.04653549194336,0.046130952380952384,0.0,0.0
R02160,0.7236571311950684,4.0,0.5697784423828125,0.7827597856521606,3.2694754600524902,0.989841103553772,0.05505952380952381,113.4074478149414,2.2195074558258057,11.467555046081543,0.06994047619047619,8.0,0.9962428212165833
R02161,0.18038147687911987,1.3333333730697632,0.17333582043647766,0.9572775959968567,6.1626739501953125,1.9045517444610596,0.056451612903225805,2.312157392501831,3.486727476119995,34.753868103027344,0.034274193548387094,81.0,0.9960465431213379
R02162,0.5451678037643433,3.0,0.38149604201316833,0.698941171169281,3.2753665447235107,0.7588673233985901,0.041193181818181816,17.880229949951172,1.6451963186264038,13.775579452514648,0.046875,35.0,0.9956133961677551
R02163,0.31476661562919617,1.6666666269302368,0.19825762510299683,0.6325769424438477,5.549417972564697,3.2315897941589355,0.049107142857142856,1.0713293552398682,1.2564475536346436,15.465325355529785,0.0625,0.0,0.0
R02164,0.47413039207458496,2.6666667461395264,0.3680018186569214,0.7699817419052124,3.100355386734009,0.6452026963233948,0.03273809523809524,21.74100685119629,1.6580017805099487,10.206478118896484,0.06547619047619048,0.0,0.0
R02165,0.2048814445734024,2.3333332538604736,0.31371816992759705,1.5312105417251587,7.696232318878174,1.8472346067428589,0.06770833333333333,11.387438774108887,3.9367434978485107,42.82394790649414,0.026041666666666668,18.0,0.9999393820762634
R02166,0.11786192655563354,1.0,0.16338622570037842,1.3669484853744507,7.257928371429443,1.6674652099609375,0.0625,1.2421338558197021,4.261727809906006,56.75675582885742,0.020833333333333332,10.0,0.9939298033714294
R02167,0.5570169687271118,4.666666507720947,0.7197234034538269,1.2921007871627808,4.335072994232178,1.470109224319458,0.109375,89.80301666259766,1.9983166456222534,8.092939376831055,0.08984375,25.0,0.991211473941803
R02168,0.4191090762615204,2.6666667461395264,0.3570620119571686,0.8604649305343628,3.5308339595794678,0.9782026410102844,0.05357142857142857,15.047935485839844,2.2704715728759766,10.23790168762207,0.09970238095238096,9.0,0.998356282711029
R02169,0.1770777404308319,1.6666666269302368,0.1780492216348648,1.0372599363327026,8.914901733398438,3.052682876586914,0.05375,2.7787346839904785,7.560033798217773,151.30007934570312,0.00625,9.0,0.9914292693138123
R02170,0.31215158104896545,3.0,0.3871658444404602,1.2227908372879028,3.8101260662078857,1.0986965894699097,0.03869047619047619,15.779712677001953,1.836431860923767,7.29382848739624,0.08035714285714286,2.0,0.9810932278633118
R02171,0.30783575773239136,3.6666667461395264,0.5491838455200195,1.7609366178512573,8.034940719604492,1.6641614437103271,0.06696428571428571,36.61939239501953,3.2078537940979004,29.56884002685547,0.03720238095238095,4.0,0.9871567487716675
R02172,1.4386779069900513,6.0,0.6589843034744263,0.45555415749549866,1.8693383932113647,-0.27318909764289856,0.0,299.2876892089844,0.9958953857421875,4.499292373657227,0.05357142857142857,0.0,0.0
R02173,0.5129083395004272,3.0,0.40392985939979553,0.7814636826515198,3.868673801422119,1.276706337928772,0.0625,24.954788208007812,2.4546852111816406,19.903486251831055,0.049107142857142856,0.0,0.0
R02174,0.2562234699726105,2.0,0.20735669136047363,0.8022965788841248,4.3893327713012695,1.1075613498687744,0.05654761904761905,8.916772842407227,3.176454782485962,39.14122009277344,0.03422619047619048,17.0,0.9973607659339905
R02175,0.5167101621627808,2.3333332538604736,0.3032230734825134,0.582076907157898,3.679295778274536,1.7400023937225342,0.058823529411764705,8.862698554992676,2.455146312713623,20.890392303466797,0.04595588235294118,0.0,0.0
R02176,0.3191223740577698,2.6666667461395264,0.4065057933330536,1.2576483488082886,5.863318920135498,1.2537511587142944,0.05625,2.89499568939209,2.2990572452545166,23.6713924407959,0.04375,0.0,0.0
R02177,0.2827778458595276,1.6666666269302368,0.24148747324943542,0.8555819988250732,4.532505989074707,1.5781564712524414,0.05803571428571429,4.24507999420166,3.5103139877319336,33.00815963745117,0.03571428571428571,99.0,0.9974139332771301
R02178,0.7343257069587708,4.0,0.4666766822338104,0.6354033350944519,2.7000515460968018,0.4501568377017975,0.014423076923076924,63.14993667602539,1.6610819101333618,12.568512916564941,0.051682692307692304,2.0,0.9738337993621826
R02179,0.6251015663146973,4.0,0.45438432693481445,0.726895809173584,4.00819730758667,1.4255536794662476,0.068359375,6.344224452972412,2.4601030349731445,35.1878547668457,0.037109375,2343.0,0.9986810088157654
R02180,0.44519901275634766,3.6666667461395264,0.5471667051315308,1.1925628185272217,4.07028865814209,0.7505099773406982,0.043402777777777776,51.62098693847656,1.7187494039535522,15.915383338928223,0.050347222222222224,0.0,0.0
R02181,0.15289904177188873,2.0,0.25853511691093445,1.6531791687011719,10.403403282165527,2.675807476043701,0.07060185185185185,1.4958473443984985,3.4987337589263916,40.76932907104492,0.046296296296296294,0.0,0.0
R02182,0.9426262378692627,4.0,0.44346168637275696,0.4674440920352936,3.0997912883758545,1.0908255577087402,0.04017857142857143,24.5761661529541,2.3889338970184326,33.70951461791992,0.019345238095238096,0.0,0.0
R02183,0.45731207728385925,2.0,0.28951048851013184,0.6285747289657593,3.0800559520721436,0.9570099711418152,0.06696428571428571,4.50576639175415,3.2859466075897217,22.967981338500977,0.046130952380952384,0.0,0.0
R02184,0.24174442887306213,1.3333333730697632,0.09090529382228851,0.37607404589653015,4.64872407913208,2.9201507568359375,0.03375,0.8306246995925903,2.9092445373535156,55.466880798339844,0.01875,50.0,0.9900842308998108
R02185,0.9947554469108582,4.0,0.3950488865375519,0.3944889008998871,2.044623374938965,0.15163616836071014,0.015625,69.34180450439453,1.1756983995437622,7.6978230476379395,0.05823863636363636,5.0,0.9890879988670349
R02186,0.24116559326648712,1.6666666269302368,0.1857699155807495,0.7680145502090454,4.877093315124512,1.5306918621063232,0.041666666666666664,2.2631008625030518,4.392513751983643,50.68779373168945,0.026785714285714284,1.0,0.9730203151702881
R02187,0.5088410377502441,3.6666667461395264,0.4764542281627655,0.9478093385696411,3.7966318130493164,1.2543286085128784,0.09226190476190477,35.37957000732422,2.403179883956909,11.007389068603516,0.09821428571428571,10.0,0.9931194186210632
R02188,0.6509948372840881,3.6666667461395264,0.46097689867019653,0.7102673649787903,4.410202980041504,1.1620302200317383,0.049107142857142856,37.663909912109375,2.1237330436706543,13.823776245117188,0.06696428571428571,0.0,0.0
R02189,0.21651382744312286,1.6666666269302368,0.18406082689762115,0.8531970381736755,5.792751312255859,1.6776890754699707,0.046130952380952384,2.218477725982666,4.8501482009887695,79.82770538330078,0.019345238095238096,3.0,0.9888553619384766
R02190,0.5496195554733276,3.0,0.3774428069591522,0.6785988211631775,3.454725503921509,0.9144227504730225,0.04779411764705882,42.00857925415039,2.0693981647491455,20.999055862426758,0.03860294117647059,38.0,0.9991689324378967
R02191,0.11345291137695312,2.0,0.1988053023815155,1.7523001432418823,11.293131828308105,2.1568715572357178,0.05859375,3.02583384513855,3.7606770992279053,42.15766525268555,0.0341796875,7.0,1.0
R02192,0.35786622762680054,1.6666666269302368,0.1379932463169098,0.3869609832763672,3.2104098796844482,1.4686121940612793,0.049107142857142856,4.316559791564941,2.4598886966705322,26.855579376220703,0.026785714285714284,44.0,0.9928065538406372
R02193,0.4564373195171356,2.3333332538604736,0.2904481291770935,0.6393526196479797,3.877289056777954,1.8179031610488892,0.06398809523809523,12.113133430480957,2.654264211654663,22.470993041992188,0.05357142857142857,1.0,0.9708857536315918
R02194,0.37294942140579224,2.0,0.3322817087173462,0.8860751390457153,4.007769584655762,0.8889056444168091,0.051470588235294115,12.205163955688477,3.5365982055664062,40.723655700683594,0.04595588235294118,0.0,0.0
R02195,0.09180416166782379,1.3333333730697632,0.16155843436717987,1.7597962617874146,11.846445083618164,3.402724504470825,0.0517578125,0.5931856036186218,5.591854572296143,72.43142700195312,0.0205078125,0.0,0.0
R02196,0.3396240472793579,2.0,0.23926125466823578,0.7115249037742615,4.643722057342529,1.9118900299072266,0.05654761904761905,12.499412536621094,3.1927831172943115,27.755582809448242,0.041666666666666664,11.0,0.9896666407585144
R02197,0.3461703658103943,2.0,0.20835523307323456,0.5988765954971313,4.667003631591797,1.737360954284668,0.04017857142857143,4.1015801429748535,3.229628324508667,51.96890640258789,0.03571428571428571,10.0,0.9868802428245544
R02198,0.4249114990234375,2.6666667461395264,0.3516666293144226,0.8266981244087219,4.211085796356201,1.4219313859939575,0.0625,10.151346206665039,2.9081344604492188,41.42914962768555,0.03720238095238095,19.0,0.9956239461898804
R02199,0.4369319677352905,2.0,0.3206513524055481,0.7296565771102905,2.793320417404175,0.46473559737205505,0.026785714285714284,17.895063400268555,1.8155443668365479,11.195213317871094,0.052083333333333336,0.0,0.0
R02200,0.6175306439399719,2.6666667461395264,0.21518167853355408,0.34913381934165955,2.2948546409606934,0.3746306896209717,0.03125,20.61009979248047,1.3781975507736206,11.013019561767578,0.03720238095238095,0.0,0.0
R02201,0.36971530318260193,2.0,0.24705322086811066,0.667174220085144,4.318032264709473,1.5475151538848877,0.05357142857142857,4.691926956176758,3.4873287677764893,51.64582443237305,0.03869047619047619,1.0,0.9968834519386292
R02202,0.4849618375301361,2.0,0.24310451745986938,0.4983610212802887,3.5494399070739746,1.2511759996414185,0.043154761904761904,6.664604663848877,4.183445930480957,66.44888305664062,0.025297619047619048,12.0,0.9943094253540039
R02203,0.4413679838180542,2.0,0.28323403000831604,0.6385564208030701,3.0199689865112305,0.77570641040802,0.047619047619047616,13.202950477600098,2.0446388721466064,21.37778663635254,0.049107142857142856,4.0,0.9880258440971375
R02204,0.5160017013549805,2.6666667461395264,0.2244328111410141,0.433120459318161,2.7132155895233154,0.6754473447799683,0.0425,52.858951568603516,3.341846227645874,38.659202575683594,0.025,1.0,0.9742504954338074
R02205,0.4801626205444336,2.6666667461395264,0.3003716468811035,0.6232149600982666,3.7538442611694336,1.2466976642608643,0.05787037037037037,16.90057945251465,2.34151554107666,23.22655487060547,0.041666666666666664,20.0,0.9961274862289429
R02206,0.4479055106639862,2.0,0.22935326397418976,0.5127043128013611,3.245455741882324,1.38779616355896,0.06125,3.6110925674438477,2.0012199878692627,22.854694366455078,0.025,2.0,0.9837272763252258
R02207,0.32901766896247864,2.0,0.20663787424564362,0.622365415096283,4.546230316162109,1.763386607170105,0.03125,6.200035572052002,6.3047614097595215,140.01353454589844,0.011904761904761904,4.0,0.9767220616340637
R02208,0.4293581545352936,2.6666667461395264,0.32324278354644775,0.7544453144073486,4.670258522033691,2.274542808532715,0.06845238095238096,18.546588897705078,3.3865790367126465,28.842233657836914,0.044642857142857144,4.0,0.988074779510498
R02209,0.45473459362983704,3.0,0.3150394558906555,0.6931748986244202,3.00174880027771,0.30753785371780396,0.023809523809523808,22.47417449951172,2.3273332118988037,26.663789749145508,0.049107142857142856,1.0,0.976232647895813
R02210,0.5151754021644592,2.0,0.11551552265882492,0.2239488661289215,2.1355888843536377,1.3891538381576538,0.046130952380952384,16.71500015258789,1.0634626150131226,15.271443367004395,0.03273809523809524,11.0,0.9802793264389038
R02211,0.33480581641197205,2.6666667461395264,0.42755404114723206,1.2670422792434692,6.978425025939941,2.190186023712158,0.08333333333333333,10.477080345153809,3.154118537902832,21.215473175048828,0.06696428571428571,15.0,0.9886569380760193
R02212,1.3288472890853882,4.333333492279053,0.4210851192474365,0.3168797791004181,1.5271096229553223,-1.3174619674682617,0.0,117.47305297851562,0.677497148513794,3.457136869430542,0.0390625,0.0,0.0
R02213,0.5656093955039978,3.0,0.3588363826274872,0.6369323134422302,2.869920015335083,0.3868369162082672,0.022727272727272728,29.523954391479492,1.3359378576278687,7.240487098693848,0.06960227272727272,19.0,0.9971281886100769
R02214,0.21072864532470703,2.0,0.2902228534221649,1.3772283792495728,6.951294422149658,1.8007959127426147,0.078125,7.043149471282959,2.931912422180176,37.71171188354492,0.0478515625,1.0,0.9927250742912292
R02215,0.5873777866363525,3.3333332538604736,0.607119619846344,1.0200355052947998,3.904426097869873,0.7081961035728455,0.046130952380952384,17.479419708251953,1.5910727977752686,9.806158065795898,0.05803571428571429,16.0,0.9999992251396179
R02216,0.528914213180542,2.0,0.2131458818912506,0.40288057923316956,3.121969223022461,0.457579106092453,0.025297619047619048,7.893248558044434,1.8108805418014526,37.09622573852539,0.017857142857142856,1.0,0.9709919691085815
R02217,0.4031553864479065,2.3333332538604736,0.346762090921402,0.8479130268096924,4.080158710479736,1.1348018646240234,0.056451612903225805,13.189983367919922,2.4699602127075195,19.209157943725586,0.055443548387096774,44.0,0.9938704371452332
R02218,0.4264910817146301,3.0,0.34951940178871155,0.8195214867591858,3.8941104412078857,1.2910557985305786,0.0642361111111111,21.48809051513672,2.0214130878448486,10.939705848693848,0.0642361111111111,0.0,0.0
R02219,0.5367249250411987,3.0,0.26307108998298645,0.48795390129089355,2.8728229999542236,0.7764373421669006,0.0425,73.2741470336914,3.1896069049835205,29.82200050354004,0.025,13.0,0.9971140623092651
R02220,0.4395844042301178,3.0,0.3953426480293274,0.8957564830780029,3.871432304382324,1.5120965242385864,0.0818452380952381,20.84696388244629,2.135176420211792,10.973955154418945,0.07291666666666667,1.0,0.9708338379859924
R02221,0.4469751715660095,3.0,0.3771432638168335,0.8437660336494446,5.132871627807617,2.0471644401550293,0.057291666666666664,15.894546508789062,2.460873603820801,16.079072952270508,0.052083333333333336,2.0,0.9753386974334717
R02222,0.7003973722457886,4.0,0.4491095542907715,0.6403725147247314,2.8187880516052246,0.9959917068481445,0.06696428571428571,64.806884765625,1.6929059028625488,8.243529319763184,0.06845238095238096,0.0,0.0
R02223,0.6323885917663574,3.3333332538604736,0.39918053150177,0.627826988697052,3.3821120262145996,1.4353656768798828,0.0744047619047619,35.76853942871094,2.1487505435943604,13.327901840209961,0.07142857142857142,0.0,0.0
R02224,0.23995505273342133,2.3333332538604736,0.32858359813690186,1.3693490028381348,7.8695502281188965,2.4597318172454834,0.0703125,15.639452934265137,3.4725735187530518,39.665042877197266,0.04296875,21.0,0.9946628212928772
R02225,0.5684131979942322,3.3333332538604736,0.4099529981613159,0.7212222814559937,3.5666661262512207,1.4516403675079346,0.06640625,48.407012939453125,1.7818984985351562,9.913994789123535,0.0625,73.0,0.998644232749939
R02226,0.3482133150100708,2.0,0.3228473365306854,0.9353420734405518,5.9027862548828125,1.7701075077056885,0.0625,12.830924034118652,3.3631885051727295,43.41977310180664,0.047619047619047616,1179.0,0.9991040229797363
R02227,0.534539520740509,3.0,0.6321680545806885,1.1670690774917603,3.952488899230957,0.6446264982223511,0.020833333333333332,40.91452407836914,1.6252716779708862,6.690136432647705,0.06696428571428571,13.0,0.9861518144607544
R02228,0.38490596413612366,2.0,0.252420037984848,0.6549358367919922,3.657984972000122,1.0719441175460815,0.05803571428571429,8.96509838104248,2.1274185180664062,16.177309036254883,0.05952380952380952,9.0,0.9962165355682373
R02229,0.40135324001312256,3.6666667461395264,0.540911853313446,1.3477168083190918,6.745554447174072,2.329740047454834,0.06510416666666667,84.91223907470703,3.6104440689086914,21.77427864074707,0.049479166666666664,6.0,0.9870938658714294
R02230,0.6683366298675537,2.3333332538604736,0.13881243765354156,0.2076980620622635,2.2170989513397217,1.0281926393508911,0.0390625,20.054779052734375,1.1551233530044556,14.938745498657227,0.03125,0.0,0.0
R02231,0.6698431372642517,4.0,0.4607166051864624,0.6836538910865784,3.737264394760132,1.2818632125854492,0.06597222222222222,57.61235046386719,2.4200356006622314,21.894824981689453,0.04050925925925926,29.0,0.99656742811203
R02232,0.6486619710922241,3.0,0.3796128034591675,0.5852236151695251,2.8850417137145996,0.6521644592285156,0.040625,32.993919372558594,1.8199361562728882,13.196279525756836,0.0546875,5.0,0.9781221747398376
R02233,0.5783514380455017,3.0,0.40770551562309265,0.7019623517990112,3.172774314880371,1.2349045276641846,0.07291666666666667,41.30303192138672,1.9171539545059204,9.929536819458008,0.07291666666666667,6.0,0.9907483458518982
R02234,0.569969117641449,3.3333332538604736,0.38405489921569824,0.6710077524185181,5.149931907653809,2.3881118297576904,0.0625,9.17698860168457,1.8579713106155396,13.545637130737305,0.052556818181818184,5.0,0.9907850027084351
R02235,0.20895864069461823,2.0,0.20920288562774658,1.0079416036605835,6.138570785522461,2.0120043754577637,0.07201086956521739,3.90632963180542,4.221516132354736,58.695133209228516,0.017663043478260868,16.0,0.9899407625198364
R02236,0.1775285005569458,1.6666666269302368,0.21534575521945953,1.1958473920822144,6.822132110595703,1.56746506690979,0.05505952380952381,5.977453231811523,3.8371682167053223,52.72603225708008,0.03125,13.0,0.9935614466667175
R02237,0.5523707866668701,2.0,0.18336597084999084,0.3317325711250305,1.9216101169586182,0.7770954966545105,0.03720238095238095,9.554075241088867,0.9972301125526428,5.504753589630127,0.07291666666666667,2.0,0.9842471480369568
R02238,0.41266128420829773,3.0,0.34809935092926025,0.8395798206329346,3.548754930496216,1.4028233289718628,0.07738095238095238,24.407182693481445,2.2982337474823,11.103470802307129,0.07291666666666667,23.0,0.9906072616577148
R02239,0.2896314859390259,2.0,0.2832942605018616,0.9677952527999878,4.723990440368652,0.8536397814750671,0.03720238095238095,3.271182060241699,2.877988815307617,35.810237884521484,0.03125,0.0,0.0
R02240,0.8137303590774536,4.0,0.4892025291919708,0.5968450307846069,2.907118558883667,0.8363164067268372,0.03869047619047619,54.65900421142578,1.6624106168746948,8.360909461975098,0.07738095238095238,0.0,0.0
R02241,0.5521705746650696,4.0,0.42845311760902405,0.775941789150238,5.757922172546387,1.4084744453430176,0.048177083333333336,13.177093505859375,2.554898977279663,34.17628479003906,0.026041666666666668,24.0,0.9995495676994324
R02242,0.3799576461315155,2.0,0.2674975097179413,0.7013701796531677,3.626544713973999,1.927733302116394,0.06994047619047619,7.410879135131836,2.248361349105835,10.748308181762695,0.07142857142857142,0.0,0.0
R02243,0.30792108178138733,3.0,0.37774503231048584,1.2267552614212036,6.8270955085754395,1.8264546394348145,0.08072916666666667,29.6114444732666,2.8105554580688477,36.40241622924805,0.04296875,25.0,0.9986475706100464
R02244,0.3511395752429962,2.0,0.23149792850017548,0.6654887199401855,4.32328987121582,1.8076223134994507,0.0625,4.808782577514648,3.0420708656311035,28.748516082763672,0.02875,0.0,0.0
R02245,0.5331615209579468,4.666666507720947,0.64874267578125,1.2167820930480957,6.122565269470215,1.3834301233291626,0.06380208333333333,9.562331199645996,2.3406667709350586,22.467784881591797,0.07291666666666667,1.0,0.9893758296966553
R02246,0.9207733273506165,4.0,0.4583539664745331,0.4962772727012634,2.5848960876464844,0.41973933577537537,0.03869047619047619,82.99309539794922,1.2076301574707031,8.259819984436035,0.047619047619047616,0.0,0.0
R02247,0.4921039342880249,3.6666667461395264,0.4582332372665405,0.9311699271202087,6.272217273712158,2.079540491104126,0.06597222222222222,13.630471229553223,3.0295777320861816,33.63469696044922,0.04513888888888889,14.0,0.9904890060424805
R02248,1.2781668901443481,6.0,0.6438979506492615,0.5016434192657471,2.006518602371216,-0.03471815586090088,0.004464285714285714,209.8456573486328,1.0217764377593994,4.3999505043029785,0.049107142857142856,0.0,0.0
R02249,0.49750271439552307,4.333333492279053,0.681993842124939,1.3708319664001465,4.589974403381348,1.5694242715835571,0.11067708333333333,84.9792709350586,2.0556743144989014,8.316064834594727,0.09505208333333333,83.0,0.9985799789428711
R02250,0.27013230323791504,1.6666666269302368,0.16301868855953217,0.603475034236908,4.194736957550049,1.8358399868011475,0.06770833333333333,2.473268747329712,3.6503727436065674,64.17340087890625,0.037760416666666664,6.0,0.9932716488838196
R02251,0.47346025705337524,2.0,0.2160065770149231,0.45670560002326965,2.219616174697876,0.1383231282234192,0.023809523809523808,2.8226850032806396,1.6748470067977905,12.152506828308105,0.0625,0.0,0.0
R02252,0.39427781105041504,2.3333332538604736,0.2799801528453827,0.7028575539588928,3.7247159481048584,0.7880697846412659,0.04017857142857143,27.991228103637695,1.5992988348007202,10.04300594329834,0.07142857142857142,10.0,0.9961411952972412
R02253,0.3152221739292145,2.0,0.3003789782524109,0.9493001103401184,5.568661689758301,1.7281436920166016,0.06375,5.792514801025391,2.96791672706604,28.323118209838867,0.03875,79.0,0.9952982664108276
R02254,0.41782650351524353,2.6666667461395264,0.3637535274028778,0.8726502656936646,6.053765296936035,3.1291584968566895,0.049107142857142856,5.7469964027404785,4.393576145172119,46.30620574951172,0.043154761904761904,2.0,0.9890642762184143
R02255,0.4805150628089905,2.3333332538604736,0.3372661769390106,0.7043810486793518,3.556299924850464,0.647026002407074,0.03869047619047619,7.818333148956299,2.3926734924316406,24.579517364501953,0.049107142857142856,3.0,0.974994957447052
R02256,0.5727525353431702,3.0,0.4317166805267334,0.754954993724823,3.340343475341797,0.7011666893959045,0.046130952380952384,32.91615676879883,1.6929051876068115,10.482436180114746,0.06845238095238096,0.0,0.0
R02257,0.47479552030563354,2.3333332538604736,0.3116970360279083,0.6506257057189941,3.87168288230896,1.0213403701782227,0.050595238095238096,14.156046867370605,2.16667103767395,30.33529281616211,0.03125,1.0,0.9848034381866455
R02258,0.26575133204460144,1.6666666269302368,0.22751450538635254,0.8561148643493652,4.773447513580322,1.37956964969635,0.061197916666666664,1.4222354888916016,4.113556385040283,43.737144470214844,0.020833333333333332,5.0,0.9882414937019348
R02259,0.2076069563627243,1.6666666269302368,0.20541507005691528,0.9870754480361938,7.247014045715332,2.758164644241333,0.044642857142857144,4.726206302642822,7.461493492126465,120.06501770019531,0.010416666666666666,41.0,0.99704509973526
R02260,0.20547987520694733,1.3333333730697632,0.1849706470966339,0.8935495615005493,8.686569213867188,2.887794256210327,0.052083333333333336,1.3068865537643433,4.596633434295654,75.3662109375,0.022321428571428572,0.0,0.0
R02261,0.24182190001010895,1.3333333730697632,0.15185518562793732,0.632958710193634,3.0881388187408447,0.63199383020401,0.03720238095238095,0.3629744052886963,3.4230637550354004,55.841552734375,0.019345238095238096,7.0,0.9947414398193359
R02262,0.34063461422920227,2.0,0.20446611940860748,0.6021254062652588,3.660952091217041,1.4206589460372925,0.05505952380952381,5.750117778778076,2.7082929611206055,38.63286209106445,0.03571428571428571,7.0,0.9876629114151001
R02263,0.1528303623199463,1.0,0.0846158042550087,0.5489940643310547,3.091975212097168,0.27609387040138245,0.03125,0.2842295169830322,3.1086246967315674,44.514686584472656,0.01488095238095238,20.0,0.9892573952674866
R02264,0.28932830691337585,2.0,0.3195653259754181,1.0974695682525635,8.110526084899902,2.9362688064575195,0.05357142857142857,16.590778350830078,6.265346527099609,92.81111907958984,0.01488095238095238,321.0,0.9973278045654297
R02265,0.3722932040691376,2.0,0.2583858072757721,0.6940364837646484,4.182958602905273,1.2466099262237549,0.044270833333333336,4.8618011474609375,2.5012481212615967,25.890012741088867,0.04296875,1.0,0.9742535352706909
R02266,0.5026904940605164,2.0,0.17069555819034576,0.34205153584480286,2.2687034606933594,1.1342101097106934,0.05654761904761905,2.378986120223999,1.6588687896728516,20.260543823242188,0.044642857142857144,1.0,0.9733695387840271
R02267,0.3727013170719147,2.6666667461395264,0.36779484152793884,0.9868326187133789,5.052659034729004,1.4505621194839478,0.0654296875,19.394237518310547,2.8029696941375732,27.250844955444336,0.0390625,12.0,0.9874125123023987
R02268,0.24810999631881714,2.6666667461395264,0.2907167971134186,1.1717206239700317,8.391530990600586,2.187674045562744,0.059895833333333336,27.575613021850586,3.2891950607299805,45.84356689453125,0.036458333333333336,22.0,0.9996454119682312
R02269,0.20912237465381622,1.3333333730697632,0.13578176498413086,0.6445007920265198,4.8006720542907715,2.157822608947754,0.03571428571428571,0.5229681730270386,4.158065319061279,55.19964599609375,0.020833333333333332,303.0,0.9988113045692444
R02270,0.07575635612010956,2.0,0.20099416375160217,2.6811299324035645,21.94999122619629,3.6245005130767822,0.05654761904761905,3.0286083221435547,4.918055534362793,90.39608001708984,0.022321428571428572,12.0,0.9991242289543152
R02271,0.35848569869995117,2.0,0.2089594304561615,0.5796365141868591,4.2484660148620605,1.5447906255722046,0.043154761904761904,10.524402618408203,2.942039966583252,45.56273651123047,0.022321428571428572,51.0,0.9913180470466614
R02272,0.5845986604690552,2.0,0.19266052544116974,0.3293987512588501,2.7221100330352783,1.3065757751464844,0.049107142857142856,4.9896559715271,2.1995980739593506,27.769163131713867,0.03422619047619048,0.0,0.0
R02273,0.4464882016181946,2.0,0.1732538938522339,0.3891299068927765,2.895977735519409,1.1374309062957764,0.03720238095238095,4.497913837432861,2.9256508350372314,35.124576568603516,0.03571428571428571,0.0,0.0
R02274,0.5474328994750977,3.0,0.32497772574424744,0.5879125595092773,2.2595903873443604,-0.16714784502983093,0.008928571428571428,24.66720962524414,1.0602877140045166,5.917489051818848,0.03720238095238095,0.0,0.0
R02275,0.4270365536212921,2.3333332538604736,0.24712827801704407,0.5807766914367676,5.081177711486816,3.326181411743164,0.03571428571428571,4.153729438781738,1.2855980396270752,7.201455116271973,0.05505952380952381,11.0,0.9981593489646912
R02276,0.2302512526512146,2.0,0.2370450347661972,1.025815486907959,7.513982772827148,1.9431140422821045,0.0546875,7.916313171386719,4.716635704040527,80.55132293701172,0.009375,5.0,0.9927936792373657
R02277,0.5403998494148254,3.0,0.3286557197570801,0.6059387922286987,3.88122820854187,1.4790129661560059,0.05803571428571429,8.340937614440918,3.2797434329986572,33.16600799560547,0.03571428571428571,5.0,0.9881068468093872
R02278,0.22512343525886536,1.6666666269302368,0.168037548661232,0.7409525513648987,5.158707618713379,2.1728572845458984,0.07142857142857142,1.9162617921829224,4.746876239776611,81.39807891845703,0.01488095238095238,6.0,0.989439845085144
R02279,0.47487398982048035,3.0,0.31549811363220215,0.6630977988243103,3.302454948425293,0.6447421908378601,0.03422619047619048,35.00981903076172,2.42179012298584,29.256908416748047,0.046130952380952384,1.0,0.9772462844848633
R02280,0.3815223276615143,2.0,0.2895260453224182,0.7589884996414185,3.558462619781494,0.7657902836799622,0.04017857142857143,4.630451202392578,2.4628021717071533,21.909820556640625,0.05357142857142857,0.0,0.0
R02281,0.16525395214557648,2.0,0.22473658621311188,1.359938621520996,6.821451663970947,1.6686310768127441,0.06640625,5.355279922485352,2.5488460063934326,19.714950561523438,0.05078125,6.0,0.984891951084137
R02282,0.2490987479686737,1.6666666269302368,0.17646217346191406,0.7060784101486206,3.9765539169311523,1.3482671976089478,0.05505952380952381,1.9345228672027588,3.5693459510803223,28.021318435668945,0.047619047619047616,85.0,0.9997138977050781
R02283,0.2862962484359741,2.0,0.275920569896698,0.9625590443611145,5.337279319763184,1.7288196086883545,0.06101190476190476,3.7708442211151123,3.033715009689331,24.255651473999023,0.047619047619047616,6.0,0.9914109706878662
R02284,0.31219691038131714,2.0,0.1959608793258667,0.6286377310752869,3.815736770629883,1.3989602327346802,0.05803571428571429,4.0587029457092285,2.80118727684021,29.909208297729492,0.043154761904761904,7.0,0.9843713045120239
R02285,0.14982682466506958,2.0,0.26721587777137756,1.7594701051712036,11.100545883178711,2.7539141178131104,0.05803571428571429,12.30079460144043,4.770701885223389,48.020843505859375,0.028273809523809524,0.0,0.0
R02286,0.24616625905036926,1.6666666269302368,0.17385101318359375,0.7046223878860474,4.448827743530273,2.2179579734802246,0.05654761904761905,2.5013716220855713,5.2370147705078125,78.09040832519531,0.022321428571428572,6.0,0.9801599979400635
R02287,0.711589515209198,3.0,0.35366055369377136,0.49777674674987793,3.056910991668701,0.30045026540756226,0.019345238095238096,16.165374755859375,1.7320702075958252,15.882935523986816,0.047619047619047616,2.0,0.9962407946586609
R02288,0.13722538948059082,1.0,0.11539201438426971,0.8380005359649658,6.122757911682129,2.8319284915924072,0.0625,0.8497310876846313,4.649272441864014,65.8873291015625,0.017857142857142856,1.0,0.979252278804779
R02289,0.48467713594436646,2.6666667461395264,0.27524974942207336,0.5702197551727295,2.9820356369018555,0.8528183698654175,0.050595238095238096,25.09015464782715,3.3395001888275146,43.26852798461914,0.01636904761904762,2.0,0.9800479412078857
R02290,0.10287284851074219,1.0,0.12342844158411026,1.1998039484024048,13.270956993103027,2.982013463973999,0.04296875,3.183626890182495,7.28443717956543,159.53579711914062,0.0166015625,2.0,0.975673496723175
R02291,0.4415017068386078,3.0,0.42479610443115234,0.9564499855041504,4.374105930328369,1.3603932857513428,0.07886904761904762,25.5776309967041,2.3525497913360596,19.66699981689453,0.06994047619047619,535.0,0.9990584850311279
R02292,0.2793459892272949,1.6666666269302368,0.19400475919246674,0.6957454085350037,3.952789545059204,1.1464815139770508,0.046130952380952384,3.7722132205963135,3.5728914737701416,28.25490951538086,0.03869047619047619,24.0,0.9892184138298035
R02293,0.5166209936141968,3.0,0.2763075530529022,0.5348089933395386,2.656980514526367,0.9521104693412781,0.05505952380952381,16.354801177978516,1.9932101964950562,12.269954681396484,0.08035714285714286,0.0,0.0
R02294,0.5398099422454834,2.0,0.23932617902755737,0.4424992799758911,2.535067319869995,0.592278003692627,0.03720238095238095,15.049104690551758,1.660367488861084,15.791807174682617,0.05654761904761905,3.0,0.9836828708648682
R02295,0.27589789032936096,2.0,0.2706814706325531,0.9824696183204651,6.160421371459961,1.7496367692947388,0.05803571428571429,10.34678840637207,4.480120658874512,57.58226013183594,0.03125,43.0,0.9933693408966064
R02296,0.4735693633556366,2.6666667461395264,0.3028748631477356,0.6505308747291565,4.166360378265381,1.9546555280685425,0.06994047619047619,8.420862197875977,2.45117449760437,15.02823543548584,0.06845238095238096,1.0,0.9826323390007019
R02297,0.5124766230583191,2.3333332538604736,0.23541595041751862,0.45984792709350586,3.4069037437438965,1.6172410249710083,0.043154761904761904,7.930441856384277,2.331758975982666,25.835115432739258,0.04017857142857143,1.0,0.9896239042282104
R02298,0.4181205630302429,2.3333332538604736,0.24893143773078918,0.5983256697654724,4.831407070159912,1.734205961227417,0.041666666666666664,8.204727172851562,2.827681303024292,43.51938247680664,0.03273809523809524,4.0,0.9779574871063232
R02299,0.5590460300445557,2.6666667461395264,0.27662062644958496,0.5006650686264038,2.832735538482666,1.3129041194915771,0.06875,14.948028564453125,2.126636505126953,21.844703674316406,0.0525,0.0,0.0
R02300,0.35666486620903015,2.0,0.20900984108448029,0.5871719717979431,4.128907203674316,1.888983130455017,0.047697368421052634,3.4863502979278564,3.519028663635254,35.72323226928711,0.02631578947368421,4.0,0.9821707606315613
R02301,0.5390058755874634,3.3333332538604736,0.41301628947257996,0.7611607313156128,4.289375305175781,1.3029935359954834,0.05357142857142857,22.109180450439453,2.455113172531128,19.570093154907227,0.049107142857142856,0.0,0.0
R02302,0.5830056071281433,3.0,0.3784063756465912,0.6490601301193237,3.177560567855835,1.2684651613235474,0.0703125,37.15227127075195,1.765478491783142,9.782207489013672,0.0703125,74.0,0.9986585378646851
R02303,0.5589823126792908,4.0,0.46960845589637756,0.838057279586792,4.244785308837891,1.485633134841919,0.06994047619047619,54.655609130859375,2.214834690093994,13.803112983703613,0.06696428571428571,1.0,0.9743503928184509
R02304,0.2626523971557617,1.0,0.1277666538953781,0.4845658838748932,5.619741439819336,4.229406356811523,0.022321428571428572,5.0678486824035645,5.310279369354248,78.124755859375,0.01488095238095238,9.0,0.990153968334198
R02305,0.26943355798721313,2.0,0.29475513100624084,1.1199454069137573,5.578158378601074,1.2657166719436646,0.049107142857142856,6.477601528167725,2.405726194381714,18.418785095214844,0.05654761904761905,0.0,0.0
R02306,0.21213072538375854,2.3333332538604736,0.30362266302108765,1.4171329736709595,10.955965995788574,2.517230987548828,0.06398809523809523,9.179206848144531,3.2803356647491455,38.69158172607422,0.03869047619047619,0.0,0.0
R02307,0.807328462600708,2.6666667461395264,0.20740193128585815,0.25481167435646057,1.535735845565796,-0.7241912484169006,0.001488095238095238,33.56003189086914,0.9023120999336243,4.519330024719238,0.020833333333333332,0.0,0.0
R02308,1.0475836992263794,4.0,0.41059795022010803,0.39194726943969727,2.1300859451293945,-0.25879615545272827,0.014322916666666666,92.1919174194336,0.8492401242256165,4.5844340324401855,0.045572916666666664,1.0,0.9841021299362183
R02309,1.061867117881775,5.0,0.6828476786613464,0.6430625319480896,2.2200701236724854,0.32666951417922974,0.0,209.8276824951172,1.3828270435333252,5.330168724060059,0.08333333333333333,0.0,0.0
R02310,0.2897292673587799,1.6666666269302368,0.1892443746328354,0.6526291966438293,3.422785997390747,0.9357636570930481,0.053385416666666664,2.412614583969116,2.0598673820495605,20.116031646728516,0.044270833333333336,3.0,0.9784975647926331
R02311,0.5074483156204224,4.0,0.5929282903671265,1.1636343002319336,6.025553226470947,1.9145814180374146,0.06547619047619048,50.82509231567383,3.6638433933258057,46.430458068847656,0.03273809523809524,50.0,0.9988654851913452
R02312,0.1605457365512848,2.0,0.22158338129520416,1.384893536567688,8.032212257385254,2.476593494415283,0.08035714285714286,4.701962471008301,3.523270606994629,38.70679473876953,0.023809523809523808,4.0,0.9921156167984009
R02313,0.49607977271080017,3.0,0.4099027216434479,0.8185042142868042,4.024200916290283,1.7069261074066162,0.085,22.024599075317383,2.40350604057312,24.4163818359375,0.03125,0.0,0.0
R02314,0.35920315980911255,2.0,0.22488492727279663,0.6245972514152527,4.336083889007568,2.0646579265594482,0.05357142857142857,9.315858840942383,3.285820245742798,40.373600006103516,0.047619047619047616,3.0,0.985941469669342
R02315,0.4479556381702423,2.0,0.18359583616256714,0.4098517894744873,3.134894609451294,0.9857762455940247,0.028645833333333332,9.44692325592041,2.2733561992645264,39.36175537109375,0.01953125,0.0,0.0
R02316,0.16598030924797058,1.0,0.10815443098545074,0.6570405960083008,5.742794513702393,2.5583221912384033,0.05357142857142857,2.105076789855957,3.988530158996582,70.66339874267578,0.023809523809523808,8.0,0.9955459833145142
R02317,0.432634174823761,2.0,0.24164098501205444,0.5579388737678528,3.0380234718322754,1.0714809894561768,0.061079545454545456,7.923434257507324,2.1103031635284424,13.680893898010254,0.056818181818181816,3.0,0.9790520668029785
R02318,0.5479845404624939,2.6666667461395264,0.2737361490726471,0.5038424134254456,2.898726224899292,0.7703270316123962,0.046130952380952384,6.968143939971924,1.58824622631073,14.237748146057129,0.047619047619047616,0.0,0.0
R02319,0.8041536211967468,2.6666667461395264,0.1886133849620819,0.2348509579896927,1.7388252019882202,0.12320791929960251,0.028273809523809524,16.73965072631836,0.8957634568214417,5.95061731338501,0.049107142857142856,0.0,0.0
R02320,0.19685491919517517,1.6666666269302368,0.20935514569282532,1.063494324684143,10.17459774017334,1.9156097173690796,0.0556640625,0.7454526424407959,5.052495002746582,78.23957061767578,0.0185546875,20.0,0.9984262585639954
R02321,0.18858902156352997,1.6666666269302368,0.1989341378211975,1.064361333847046,5.468752384185791,1.4280377626419067,0.052083333333333336,4.766974925994873,3.553098440170288,42.97990036010742,0.03422619047619048,38.0,0.9978793263435364
R02322,0.43936410546302795,3.0,0.3370871841907501,0.7610192894935608,4.004506587982178,2.3048462867736816,0.085,17.519357681274414,2.844407558441162,31.226741790771484,0.03375,2.0,0.982491135597229
R02323,0.49065494537353516,5.0,0.6795482635498047,1.3628703355789185,8.285311698913574,2.5076003074645996,0.05375,41.0954704284668,2.557499647140503,19.739652633666992,0.05,114.0,0.9974992871284485
R02324,0.19284479320049286,1.6666666269302368,0.21679118275642395,1.085482120513916,6.2750983238220215,1.778605341911316,0.05330882352941176,3.689603090286255,4.281719207763672,50.57251739501953,0.02389705882352941,7.0,0.9919346570968628
R02325,0.1765526980161667,2.0,0.19481107592582703,1.103410005569458,6.456812858581543,2.567514657974243,0.07552083333333333,6.245825290679932,5.38313627243042,68.79359436035156,0.026041666666666668,5.0,0.9822992086410522
R02326,0.22103151679039001,1.6666666269302368,0.20287343859672546,0.9118391275405884,5.369549751281738,2.0420291423797607,0.07589285714285714,5.9380202293396,4.9170355796813965,86.52423858642578,0.023809523809523808,0.0,0.0
R02327,0.44740521907806396,2.3333332538604736,0.29104894399642944,0.6505250334739685,4.1107892990112305,1.04816734790802,0.046875,20.7829647064209,3.352558135986328,44.278953552246094,0.022569444444444444,1.0,0.9771835207939148
R02328,0.28571513295173645,2.0,0.1945153921842575,0.6824432611465454,4.947432041168213,2.3952720165252686,0.049107142857142856,4.661805152893066,3.503709077835083,29.843584060668945,0.047619047619047616,23.0,0.9921035170555115
R02329,0.5387529134750366,4.333333492279053,0.7337424159049988,1.3479926586151123,5.818230628967285,1.87565016746521,0.0818452380952381,76.0385971069336,2.3804402351379395,12.058942794799805,0.08630952380952381,131.0,0.9971175789833069
R02330,0.46538046002388,3.0,0.3705088198184967,0.7957250475883484,3.206800937652588,1.1264818906784058,0.07589285714285714,23.336368560791016,1.8732019662857056,12.14362621307373,0.049107142857142856,0.0,0.0
R02331,0.2839195132255554,1.6666666269302368,0.17981040477752686,0.6363861560821533,3.707411289215088,1.6233868598937988,0.06398809523809523,2.713984966278076,3.0408294200897217,24.74843978881836,0.047619047619047616,9.0,0.9824776649475098
R02332,0.32263362407684326,1.6666666269302368,0.15415215492248535,0.4769657850265503,3.3711042404174805,1.5804691314697266,0.052083333333333336,1.5718674659729004,4.209153175354004,51.37805938720703,0.026785714285714284,4.0,0.9762250185012817
R02333,0.6548219323158264,2.6666667461395264,0.24656681716442108,0.3752425014972687,2.2738869190216064,1.0618669986724854,0.05654761904761905,20.31558609008789,1.0068036317825317,5.073174953460693,0.06994047619047619,0.0,0.0
R02334,0.38166022300720215,2.0,0.2969992756843567,0.7822379469871521,3.427718162536621,0.7992995381355286,0.03422619047619048,11.264593124389648,1.888712763786316,19.75426483154297,0.05803571428571429,4.0,0.9851149320602417
R02335,0.19636675715446472,1.0,0.1289355456829071,0.6546586751937866,5.662502765655518,1.6721481084823608,0.020833333333333332,3.8362088203430176,6.773426532745361,93.8717269897461,0.011904761904761904,13.0,0.9818432927131653
R02336,0.18770331144332886,2.0,0.24518342316150665,1.3058974742889404,10.61946964263916,2.706880569458008,0.06521739130434782,5.551088333129883,5.8857269287109375,119.15431213378906,0.009510869565217392,5.0,0.9824298620223999
R02337,1.0806761980056763,4.666666507720947,0.4807932376861572,0.4425378143787384,2.2971863746643066,0.6094170808792114,0.03869047619047619,95.85386657714844,1.3064504861831665,9.134400367736816,0.06845238095238096,0.0,0.0
R02338,0.061121076345443726,1.0,0.15403291583061218,2.422745704650879,16.29195785522461,2.632546901702881,0.06845238095238096,3.1648800373077393,4.115501880645752,59.122947692871094,0.03571428571428571,1.0,0.9890297055244446
R02339,0.23936037719249725,2.0,0.2410871386528015,1.010534644126892,5.556018829345703,1.8952356576919556,0.07291666666666667,3.941667079925537,2.962435245513916,26.190704345703125,0.052083333333333336,5.0,0.9851080775260925
R02340,0.45628488063812256,3.0,0.3764713406562805,0.8274733424186707,3.784918785095215,0.9839879870414734,0.06392045454545454,18.2805118560791,2.2519307136535645,23.20497703552246,0.03551136363636364,2.0,0.9797185063362122
R02341,0.6338077187538147,2.6666667461395264,0.24959097802639008,0.39368242025375366,2.7880191802978516,1.4237421751022339,0.041666666666666664,10.318428039550781,2.6837971210479736,38.13444519042969,0.023809523809523808,0.0,0.0
R02342,0.33512505888938904,1.6666666269302368,0.17906314134597778,0.532921314239502,3.3559353351593018,0.8955031633377075,0.041666666666666664,2.753913402557373,1.894385814666748,18.253110885620117,0.03720238095238095,0.0,0.0
R02343,0.14632852375507355,2.0,0.22490793466567993,1.5285120010375977,11.194208145141602,3.4825220108032227,0.05505952380952381,7.196467876434326,4.097878932952881,38.1087532043457,0.043154761904761904,2.0,0.9762130975723267
R02344,0.28254827857017517,2.0,0.17505976557731628,0.6222277283668518,3.6446211338043213,2.271397352218628,0.06696428571428571,4.7017035484313965,2.638918876647949,16.434226989746094,0.05654761904761905,13.0,0.9928998947143555
R02345,0.5749182105064392,4.0,0.5758935809135437,0.9961669445037842,3.2675423622131348,1.1162058115005493,0.05357142857142857,38.53515625,1.7140425443649292,6.4236907958984375,0.0818452380952381,1.0,0.9834852814674377
R02346,0.2868742346763611,1.0,0.081427201628685,0.2845792770385742,3.8669071197509766,3.310549736022949,0.020833333333333332,2.9638118743896484,2.175480604171753,48.62078094482422,0.008928571428571428,11.0,0.9874581098556519
R02347,0.16335801780223846,2.0,0.28466665744781494,1.7226343154907227,10.52101993560791,2.92435359954834,0.05952380952380952,1.7495298385620117,4.985144138336182,91.83586120605469,0.020833333333333332,0.0,0.0
R02348,0.25645747780799866,2.0,0.2073267102241516,0.8152850866317749,5.331482887268066,1.9303429126739502,0.05952380952380952,7.904315948486328,3.9485182762145996,56.48659133911133,0.03422619047619048,114.0,0.9942112565040588
R02349,0.7354287505149841,4.0,0.508355975151062,0.6835748553276062,2.747134208679199,0.7355830669403076,0.047619047619047616,138.75758361816406,2.0416605472564697,7.859856128692627,0.10267857142857142,2.0,0.9738078713417053
R02350,0.2553626000881195,1.6666666269302368,0.17166168987751007,0.6722244620323181,4.178579807281494,2.0129611492156982,0.046875,3.29374361038208,3.6060047149658203,40.135765075683594,0.036458333333333336,6.0,0.9882919788360596
R02351,0.3461862802505493,2.0,0.2561928927898407,0.7400412559509277,3.1584765911102295,0.7536438703536987,0.045572916666666664,5.646460056304932,1.7199541330337524,15.12570571899414,0.053385416666666664,5.0,0.985188901424408
R02352,1.3036463260650635,5.0,0.42535173892974854,0.32754725217819214,1.6747345924377441,-0.27376648783683777,0.004464285714285714,532.8416748046875,1.0454906225204468,5.179939270019531,0.047619047619047616,0.0,0.0
R02353,0.47923973202705383,2.3333332538604736,0.2837105095386505,0.5936662554740906,3.5910472869873047,1.7061306238174438,0.05505952380952381,11.220670700073242,3.1635947227478027,25.907182693481445,0.041666666666666664,0.0,0.0
R02354,0.727569580078125,3.0,0.3729592561721802,0.5115889310836792,3.1537532806396484,0.5389406085014343,0.03720238095238095,10.501220703125,1.6822469234466553,17.632551193237305,0.047619047619047616,2.0,0.9820627570152283
R02355,0.20728576183319092,1.6666666269302368,0.20560400187969208,0.9867062568664551,6.406559944152832,2.3665566444396973,0.07291666666666667,1.8811736106872559,5.456698417663574,58.639705657958984,0.019345238095238096,63.0,0.9922704696655273
R02356,0.6422488689422607,3.3333332538604736,0.4142647683620453,0.642122209072113,3.5269203186035156,1.112305760383606,0.050595238095238096,37.72694778442383,1.9757957458496094,17.94378089904785,0.05505952380952381,0.0,0.0
R02357,0.436066210269928,2.0,0.2066514790058136,0.4775175452232361,4.569576263427734,1.874629259109497,0.049107142857142856,3.065255641937256,2.8943469524383545,22.527055740356445,0.050595238095238096,1.0,0.9782685041427612
R02358,0.47701388597488403,2.3333332538604736,0.2682117223739624,0.5602830648422241,2.966837167739868,0.8384371399879456,0.041666666666666664,6.735037803649902,2.694988489151001,24.673154830932617,0.044642857142857144,1.0,0.9808692336082458
R02359,1.2653292417526245,5.333333492279053,0.516751766204834,0.40725553035736084,2.162675619125366,-0.32195714116096497,0.01488095238095238,223.4427490234375,0.8633632063865662,6.450543403625488,0.049107142857142856,0.0,0.0
R02360,0.3008236289024353,2.3333332538604736,0.348897248506546,1.1535032987594604,7.22680139541626,2.4700655937194824,0.06547619047619048,10.610148429870605,3.916494846343994,35.12318420410156,0.047619047619047616,17.0,0.9939513802528381
R02361,0.17199921607971191,1.3333333730697632,0.16041827201843262,0.942547082901001,6.390053749084473,1.7547019720077515,0.03869047619047619,1.4539062976837158,3.260546922683716,44.24617385864258,0.025297619047619048,6.0,0.990733802318573
R02362,0.5572654008865356,3.0,0.3897439241409302,0.6982470750808716,3.7055764198303223,1.1057322025299072,0.05357142857142857,25.102344512939453,2.0541067123413086,23.013338088989258,0.04017857142857143,0.0,0.0
R02363,0.5177596807479858,5.0,0.7051463723182678,1.3488153219223022,5.546045780181885,1.8192174434661865,0.08035714285714286,137.92697143554688,2.9878346920013428,19.572704315185547,0.06101190476190476,1.0,0.9819197058677673
R02364,0.6995569467544556,3.3333332538604736,0.3452068269252777,0.4920181334018707,2.449244976043701,0.5567044019699097,0.04403409090909091,54.290164947509766,1.1398894786834717,6.396328926086426,0.056818181818181816,0.0,0.0
R02365,0.24954243004322052,1.6666666269302368,0.135239377617836,0.5402675271034241,3.411008596420288,1.6532375812530518,0.0625,2.78287935256958,2.4546687602996826,18.59709358215332,0.03422619047619048,1.0,0.989417314529419
R02366,0.530422031879425,3.0,0.4018109440803528,0.7555742263793945,2.797372817993164,1.2645708322525024,0.07738095238095238,14.547829627990723,1.6324890851974487,5.820658206939697,0.08482142857142858,1.0,0.9708941578865051
R02367,0.2958615720272064,2.0,0.2753569185733795,0.9495007991790771,4.158783912658691,1.0969035625457764,0.0625,4.402568817138672,2.625910520553589,24.659442901611328,0.04595588235294118,12.0,0.9832433462142944
R02368,0.549308180809021,2.6666667461395264,0.2588856816291809,0.4710111618041992,3.1602234840393066,1.6352674961090088,0.065,8.025290489196777,2.573604106903076,31.130083084106445,0.0175,4.0,0.9792864918708801
R02369,0.1526043564081192,1.0,0.10680265724658966,0.7184386849403381,4.0465826988220215,1.5211117267608643,0.06547619047619048,1.2562792301177979,2.547044038772583,22.810871124267578,0.043154761904761904,4.0,0.9861811995506287
R02370,0.48050251603126526,3.0,0.32182490825653076,0.669115424156189,3.372493028640747,0.6056990027427673,0.03720238095238095,34.44804763793945,2.498732328414917,28.759347915649414,0.043154761904761904,5.0,0.979719877243042
R02371,0.5891778469085693,2.6666667461395264,0.32058531045913696,0.5450764894485474,2.3395097255706787,0.1547226458787918,0.008928571428571428,20.100643157958984,1.4235529899597168,11.553964614868164,0.06101190476190476,1.0,0.9735504984855652
R02372,0.7224412560462952,3.0,0.2566014528274536,0.3565106987953186,1.9442838430404663,-0.32386642694473267,0.004464285714285714,32.46263885498047,0.8908733129501343,9.020719528198242,0.023809523809523808,4.0,0.9822234511375427
R02373,0.29602110385894775,2.0,0.25041651725769043,0.8463238477706909,4.489717483520508,1.065926432609558,0.047619047619047616,3.9986987113952637,4.21132230758667,57.248199462890625,0.019345238095238096,5.0,0.9814941883087158
R02374,0.5780296325683594,3.0,0.303253173828125,0.5242148041725159,3.098830223083496,2.0166726112365723,0.0625,19.527502059936523,2.8363819122314453,24.346288681030273,0.043154761904761904,3.0,0.9800305962562561
R02375,0.5460696816444397,4.0,0.5039304494857788,0.9116610288619995,3.4162092208862305,0.9809340238571167,0.0625,42.96228790283203,1.8827147483825684,9.35695743560791,0.09090909090909091,6.0,0.9912071824073792
R02376,0.7892173528671265,5.0,0.6503450870513916,0.8166465163230896,3.612217426300049,1.0527570247650146,0.05357142857142857,213.7696075439453,2.444258213043213,14.350010871887207,0.06547619047619048,14.0,0.9944808483123779
R02377,0.3652310073375702,2.0,0.17079104483127594,0.4683801233768463,2.9995176792144775,1.601440191268921,0.06696428571428571,13.952293395996094,2.4379405975341797,24.223182678222656,0.04017857142857143,0.0,0.0
R02378,0.36399760842323303,2.6666667461395264,0.3772650361061096,1.036446452140808,5.094778537750244,1.6865671873092651,0.059895833333333336,17.723587036132812,2.82669734954834,27.8584041595459,0.033854166666666664,5.0,0.9792827367782593
R02379,0.2925654351711273,2.3333332538604736,0.27433744072914124,0.9475061893463135,4.853531360626221,1.8976325988769531,0.07291666666666667,13.935352325439453,2.9082438945770264,25.461030960083008,0.043154761904761904,17.0,0.999258816242218
R02380,0.3669569194316864,3.0,0.4109427332878113,1.115767240524292,6.214242458343506,1.4574064016342163,0.03571428571428571,33.75743865966797,4.5221099853515625,43.27240753173828,0.026785714285714284,154.0,0.9993941783905029
R02381,0.2624179422855377,1.6666666269302368,0.1498904675245285,0.5713462829589844,3.23478364944458,0.7126275300979614,0.049107142857142856,2.5772202014923096,3.398597002029419,43.49299240112305,0.028273809523809524,14.0,0.9962455034255981
R02382,0.7707885503768921,3.0,0.25244608521461487,0.328965961933136,2.2583911418914795,0.3622448146343231,0.028273809523809524,23.240182876586914,1.1148664951324463,11.856500625610352,0.04017857142857143,3.0,0.9819402098655701
R02383,0.4225221872329712,3.6666667461395264,0.44284436106681824,1.0480947494506836,4.904500961303711,1.8955146074295044,0.08723958333333333,60.167293548583984,2.832670211791992,18.388710021972656,0.057291666666666664,50.0,0.9942331314086914
R02384,0.12221615016460419,1.0,0.14893437922000885,1.2270575761795044,8.131636619567871,2.3254899978637695,0.06398809523809523,1.945110559463501,3.0177433490753174,27.034992218017578,0.047619047619047616,4.0,0.9730086922645569
R02385,0.5677216053009033,3.6666667461395264,0.5633374452590942,0.9898647665977478,3.8054287433624268,1.5433531999588013,0.09077380952380952,23.71499252319336,2.1883068084716797,12.200989723205566,0.06547619047619048,2.0,0.9864917397499084
R02386,0.5609019994735718,3.3333332538604736,0.4362732172012329,0.7747021317481995,4.02833366394043,1.6162594556808472,0.06696428571428571,50.6135139465332,2.3520572185516357,15.064290046691895,0.05803571428571429,2.0,0.9927858114242554
R02387,0.4025271236896515,2.6666667461395264,0.3877515494823456,0.9657794833183289,4.259029388427734,0.8795382380485535,0.046130952380952384,11.188285827636719,1.9670087099075317,17.381061553955078,0.049107142857142856,31.0,0.9980226755142212
R02388,0.2862071394920349,2.0,0.2628035843372345,0.9083138108253479,10.516122817993164,4.472661972045898,0.03625,2.7160210609436035,4.59306526184082,55.5762825012207,0.02,81.0,0.9986602067947388
R02389,1.4436520338058472,5.333333492279053,0.4211345613002777,0.29171448945999146,1.6942873001098633,-0.533480167388916,0.0026041666666666665,286.9840393066406,0.8353564143180847,4.054143905639648,0.048177083333333336,0.0,0.0
R02390,0.5815373063087463,2.6666667461395264,0.3773786425590515,0.6506308913230896,3.2113232612609863,0.16265352070331573,0.019345238095238096,8.59900951385498,2.26250958442688,17.234237670898438,0.05357142857142857,0.0,0.0
R02391,0.42886075377464294,2.6666667461395264,0.37737518548965454,0.8760219812393188,4.470422744750977,1.4466569423675537,0.06547619047619048,12.95561695098877,2.474782943725586,15.72349739074707,0.06398809523809523,23.0,0.9928649067878723
R02392,0.28686022758483887,2.0,0.21881632506847382,0.7586782574653625,4.85203742980957,1.136404275894165,0.041666666666666664,3.712266445159912,2.691437005996704,47.46098709106445,0.028273809523809524,0.0,0.0
R02393,0.49269798398017883,2.0,0.14356456696987152,0.29144030809402466,2.476080894470215,1.5930867195129395,0.05357142857142857,12.925925254821777,1.2071889638900757,13.84552001953125,0.046130952380952384,0.0,0.0
R02394,0.3890160024166107,2.3333332538604736,0.3034241199493408,0.7815700173377991,3.7723548412323,1.7237895727157593,0.07291666666666667,12.283796310424805,2.6346662044525146,15.951579093933105,0.05357142857142857,1.0,0.9968143105506897
R02395,0.4083899259567261,2.0,0.2557032108306885,0.6222844123840332,3.43019962310791,1.3970228433609009,0.050595238095238096,12.287233352661133,2.8889222145080566,24.57246971130371,0.044642857142857144,0.0,0.0
R02396,0.24972973763942719,2.0,0.19421277940273285,0.7719717025756836,5.204085350036621,2.5423758029937744,0.06101190476190476,5.611811637878418,2.5995430946350098,30.82369041442871,0.05654761904761905,0.0,0.0
R02397,0.3984588384628296,3.0,0.40876486897468567,1.025862216949463,4.66068696975708,1.2189534902572632,0.060546875,11.862691879272461,2.4064440727233887,26.61558723449707,0.0439453125,30.0,0.9915378093719482
R02398,0.5638190507888794,3.0,0.32236921787261963,0.5689153075218201,3.7467405796051025,2.5438930988311768,0.078125,26.11155128479004,2.7438507080078125,16.452783584594727,0.06696428571428571,0.0,0.0
R02399,0.8808367252349854,4.666666507720947,0.6684727668762207,0.7611926198005676,4.003256320953369,0.9430357217788696,0.03869047619047619,33.71987533569336,2.771498441696167,36.828407287597656,0.017857142857142856,1.0,0.9798382520675659
R02400,0.08515050262212753,2.0,0.2063310295343399,2.46126389503479,18.968673706054688,3.2059059143066406,0.0625,3.702914237976074,3.512664794921875,61.85579299926758,0.02976190476190476,34.0,0.9998073577880859
R02401,0.40760162472724915,2.0,0.2672795057296753,0.651826024055481,2.556234121322632,0.39245927333831787,0.019345238095238096,12.161188125610352,1.8373143672943115,11.816911697387695,0.05803571428571429,0.0,0.0
R02402,0.24302132427692413,1.6666666269302368,0.17789988219738007,0.7425910830497742,5.7884521484375,2.064373731613159,0.04017857142857143,1.0223205089569092,4.561756610870361,66.32911682128906,0.026785714285714284,2.0,0.9960797429084778
R02403,0.3080410361289978,2.0,0.2410748302936554,0.7785572409629822,5.318413734436035,2.063944101333618,0.05357142857142857,6.677557945251465,3.34839129447937,36.98133850097656,0.041666666666666664,124.0,0.9989980459213257
R02404,0.4902759790420532,3.3333332538604736,0.43430963158607483,0.879950761795044,3.8747665882110596,1.3238728046417236,0.06696428571428571,32.61484146118164,2.481191396713257,18.18439483642578,0.05357142857142857,0.0,0.0
R02405,0.1926330327987671,1.6666666269302368,0.17807425558567047,0.9251607656478882,5.080363750457764,2.0734550952911377,0.08035714285714286,1.4354372024536133,3.630267381668091,46.676876068115234,0.03571428571428571,9.0,0.9868340492248535
R02406,0.07608453184366226,1.6666666269302368,0.19575974345207214,2.605379819869995,17.39017105102539,3.193230628967285,0.07738095238095238,4.621200084686279,4.797248363494873,59.57575225830078,0.022321428571428572,31.0,1.0
R02407,0.27665266394615173,2.0,0.2380446195602417,0.8602774143218994,7.5231451988220215,3.247344732284546,0.02976190476190476,5.237979888916016,7.102270603179932,108.33367156982422,0.01636904761904762,4.0,0.9843284487724304
R02408,0.3725823163986206,2.3333332538604736,0.333291232585907,0.8945414423942566,4.524819374084473,1.2006639242172241,0.043402777777777776,16.800321578979492,3.9182820320129395,60.0536003112793,0.036458333333333336,0.0,0.0
R02409,0.5365824103355408,4.333333492279053,0.6961044669151306,1.2972899675369263,3.9905731678009033,1.2592298984527588,0.08072916666666667,74.17736053466797,1.8741569519042969,7.180974006652832,0.09375,43.0,0.9970188140869141
R02410,0.8553388118743896,3.3333332538604736,0.34291890263557434,0.4004778563976288,2.5603744983673096,0.7359664440155029,0.052083333333333336,42.43975067138672,1.501924753189087,9.542549133300781,0.05654761904761905,2.0,0.9876784086227417
R02411,1.5525461435317993,5.666666507720947,0.532056987285614,0.3425162732601166,1.8371849060058594,-0.4910354018211365,0.008522727272727272,87.07225799560547,1.1363033056259155,5.526801586151123,0.048295454545454544,0.0,0.0
R02412,0.3604631721973419,2.0,0.20267637073993683,0.5622649788856506,4.230837345123291,1.7202026844024658,0.052734375,4.252450942993164,3.1158666610717773,65.99127197265625,0.0322265625,2.0,0.9725955128669739
R02413,0.27116402983665466,2.0,0.18462394177913666,0.6893236637115479,4.00469446182251,1.9896920919418335,0.07336956521739131,3.3173987865448,3.8841164112091064,70.81340026855469,0.019021739130434784,21.0,0.9925801157951355
R02414,0.21947991847991943,3.0,0.45050138235092163,2.052577018737793,9.852498054504395,1.9041811227798462,0.078125,21.431894302368164,3.0006051063537598,34.70634460449219,0.041666666666666664,1.0,0.994175910949707
R02415,0.5688538551330566,4.0,0.5083625912666321,0.8936595320701599,5.1060872077941895,1.8568549156188965,0.0642361111111111,11.735004425048828,2.9231040477752686,26.084245681762695,0.03298611111111111,2.0,0.9848187565803528
R02416,0.3649110794067383,2.6666667461395264,0.4009234309196472,1.0986850261688232,4.409416675567627,0.9991185665130615,0.0546875,8.84472370147705,2.8107123374938965,34.050872802734375,0.0322265625,21.0,0.9961137771606445
R02417,0.6977788805961609,3.6666667461395264,0.44023874402046204,0.640623927116394,3.1187710762023926,1.2466589212417603,0.06845238095238096,30.8096923828125,1.8453876972198486,9.837759971618652,0.0744047619047619,2.0,0.9916012287139893
R02418,0.48909032344818115,2.3333332538604736,0.29995936155319214,0.6161234974861145,3.0616445541381836,1.2706859111785889,0.07291666666666667,14.840837478637695,2.3519058227539062,15.431344985961914,0.0625,8.0,0.9896261692047119
R02419,0.35567352175712585,3.3333332538604736,0.39414945244789124,1.1081746816635132,8.146384239196777,1.5134214162826538,0.040364583333333336,11.567054748535156,3.1633358001708984,37.58464813232422,0.037760416666666664,39.0,0.9983825087547302
R02420,0.46018242835998535,3.0,0.42347902059555054,0.9122380614280701,3.986442804336548,1.3009097576141357,0.07291666666666667,27.594215393066406,2.474236249923706,17.96636390686035,0.05654761904761905,0.0,0.0
R02421,0.3017801344394684,1.6666666269302368,0.13491863012313843,0.4460756182670593,4.178023815155029,1.2066866159439087,0.03273809523809524,3.3637187480926514,3.009685516357422,55.12607955932617,0.03125,1.0,0.9730602502822876
R02422,0.3125806450843811,2.6666667461395264,0.3867909610271454,1.2324676513671875,5.964112758636475,1.8529659509658813,0.06845238095238096,8.161623001098633,3.246102809906006,33.208187103271484,0.041666666666666664,0.0,0.0
R02423,0.7386473417282104,3.0,0.24989551305770874,0.3379731774330139,2.4733428955078125,1.6796984672546387,0.08928571428571429,22.317386627197266,1.9664000272750854,18.450944900512695,0.03720238095238095,1.0,0.9731569290161133
R02424,0.7560316324234009,3.0,0.3758791387081146,0.5027062892913818,2.390976905822754,0.05672692880034447,0.02976190476190476,24.088346481323242,1.159088134765625,10.446471214294434,0.03571428571428571,0.0,0.0
R02425,0.6394063830375671,3.0,0.34555912017822266,0.5329219698905945,1.9729341268539429,-0.32787835597991943,0.0,48.28583908081055,1.0545768737792969,4.463030815124512,0.03571428571428571,0.0,0.0
R02426,0.7203051447868347,2.6666667461395264,0.2655109465122223,0.3703998029232025,2.3723037242889404,0.6831979155540466,0.05803571428571429,16.20400619506836,1.1844193935394287,6.456279277801514,0.07142857142857142,0.0,0.0
R02427,0.22624941170215607,1.3333333730697632,0.1366327702999115,0.6009128093719482,3.637810230255127,1.2251355648040771,0.052083333333333336,1.6204990148544312,4.668019771575928,65.77984619140625,0.019345238095238096,10.0,0.98210209608078
R02428,0.2255130410194397,3.6666667461395264,0.44488558173179626,1.9563058614730835,9.211190223693848,2.517017364501953,0.07102272727272728,51.03585433959961,3.280453681945801,22.020456314086914,0.05539772727272727,14.0,0.9941532015800476
R02429,0.4004993140697479,2.6666667461395264,0.3132916986942291,0.7707153558731079,5.478271484375,2.4771742820739746,0.053125,12.53785514831543,3.1094295978546143,27.15726661682129,0.0375,0.0,0.0
R02430,0.175960972905159,2.0,0.24776028096675873,1.4080331325531006,7.795688629150391,1.683170199394226,0.06380208333333333,7.230051517486572,2.7649402618408203,27.761016845703125,0.03515625,14.0,0.9878212809562683
R02431,0.21883676946163177,2.0,0.22473110258579254,1.0350477695465088,4.689675807952881,1.2686619758605957,0.06547619047619048,2.9766993522644043,2.623945474624634,15.920817375183105,0.050595238095238096,1.0,0.9700356721878052
R02432,0.21402579545974731,1.3333333730697632,0.0820501372218132,0.3838343918323517,4.003445625305176,2.251014232635498,0.0475,0.523623526096344,2.3570168018341064,43.02345657348633,0.01625,25.0,0.9905713796615601
R02433,0.9405292272567749,4.333333492279053,0.49367156624794006,0.5229424834251404,2.8258140087127686,0.18317808210849762,0.022321428571428572,124.66149139404297,1.1840318441390991,7.21919059753418,0.044642857142857144,5.0,0.9889957904815674
R02434,0.45881685614585876,3.0,0.33202502131462097,0.71977698802948,3.5735480785369873,1.1840019226074219,0.06994047619047619,23.773948669433594,2.173910140991211,12.357772827148438,0.07886904761904762,4.0,0.9830212593078613
R02435,0.3263184130191803,2.0,0.22610408067703247,0.6919422745704651,3.606191873550415,0.8037014603614807,0.041666666666666664,5.098938941955566,2.003035306930542,23.819082260131836,0.041666666666666664,3.0,0.9799636602401733
R02436,0.41469189524650574,2.6666667461395264,0.3121694028377533,0.7520374655723572,4.100592136383057,1.80854332447052,0.08333333333333333,7.83440637588501,3.014634132385254,37.93853759765625,0.03273809523809524,0.0,0.0
R02437,0.6239228844642639,3.0,0.3532411754131317,0.5715067386627197,3.3916780948638916,1.5966306924819946,0.0744047619047619,20.802806854248047,2.2921104431152344,18.867435455322266,0.052083333333333336,2.0,0.9867361783981323
R02438,0.36390572786331177,3.0,0.5382519364356995,1.479093074798584,4.677430152893066,1.3129560947418213,0.07291666666666667,7.811895370483398,1.8512822389602661,9.773919105529785,0.06076388888888889,0.0,0.0
R02439,0.5329923033714294,3.3333332538604736,0.3741194009780884,0.7010095715522766,4.552038669586182,2.1405060291290283,0.052083333333333336,11.761451721191406,2.2355053424835205,24.929140090942383,0.03571428571428571,4.0,0.9883227944374084
R02440,0.2870043218135834,1.6666666269302368,0.19597508013248444,0.6823241710662842,3.783163070678711,1.1204942464828491,0.05654761904761905,2.1215744018554688,2.180934429168701,18.585247039794922,0.049107142857142856,0.0,0.0
R02441,0.35887572169303894,1.6666666269302368,0.2009713053703308,0.5624281764030457,3.961879253387451,1.4170801639556885,0.02976190476190476,1.5692627429962158,2.387416362762451,48.76749038696289,0.01488095238095238,3.0,0.9851024150848389
R02442,0.40957581996917725,2.0,0.2892003059387207,0.7060953378677368,3.2903623580932617,1.0329980850219727,0.04513888888888889,7.794422626495361,2.588705062866211,17.909343719482422,0.05381944444444445,0.0,0.0
R02443,0.30948445200920105,2.0,0.2856580317020416,0.9234890937805176,3.594860315322876,1.0809227228164673,0.06547619047619048,8.15444564819336,2.3201234340667725,11.095352172851562,0.07142857142857142,1.0,0.9707360863685608
R02444,0.1678086370229721,2.0,0.2449403554201126,1.4775046110153198,10.104552268981934,2.986504077911377,0.05654761904761905,13.175268173217773,4.885451793670654,55.510948181152344,0.026785714285714284,10.0,0.9992261528968811
R02445,0.3251434862613678,4.0,0.3499286472797394,1.135027289390564,6.361545562744141,1.6913737058639526,0.09125,1.5669355392456055,4.391438961029053,57.980655670166016,0.0225,2.0,0.9780548810958862
R02446,0.6177289485931396,2.3333332538604736,0.23950333893299103,0.38886725902557373,2.577634572982788,0.6433367133140564,0.02976190476190476,11.362907409667969,1.4324570894241333,10.766300201416016,0.05803571428571429,0.0,0.0
R02447,1.497933030128479,4.333333492279053,0.5322796702384949,0.35573044419288635,1.5909461975097656,-1.6219396591186523,0.0,23.379425048828125,0.5874970555305481,2.497559070587158,0.008928571428571428,0.0,0.0
R02448,0.6307393312454224,3.6666667461395264,0.43001022934913635,0.6756502985954285,4.930591583251953,1.5613231658935547,0.065,39.26252365112305,2.060452938079834,15.217525482177734,0.0625,0.0,0.0
R02449,0.12447181344032288,2.0,0.24121004343032837,1.9465771913528442,13.345004081726074,2.363124370574951,0.06398809523809523,4.589043617248535,4.880832672119141,66.48585510253906,0.025297619047619048,40.0,1.0
R02450,0.6537975072860718,3.0,0.3264146149158478,0.4992586672306061,2.9524974822998047,1.6290539503097534,0.08463541666666667,19.649141311645508,1.9522899389266968,9.433745384216309,0.09244791666666667,0.0,0.0
R02451,0.4352791905403137,2.3333332538604736,0.25660938024520874,0.5895267724990845,4.744309425354004,2.1931564807891846,0.0478515625,3.7904341220855713,3.7848732471466064,79.85112762451172,0.0224609375,0.0,0.0
R02452,0.2694607079029083,2.6666667461395264,0.31458622217178345,1.153174877166748,6.719234466552734,1.5536208152770996,0.052083333333333336,19.76663589477539,3.262303113937378,34.47648239135742,0.043154761904761904,0.0,0.0
R02453,0.3983210325241089,3.0,0.46277543902397156,1.1612975597381592,5.120946407318115,1.7006006240844727,0.06845238095238096,28.889780044555664,3.031298875808716,18.412668228149414,0.06398809523809523,12.0,0.9966812133789062
R02454,0.20282234251499176,1.3333333730697632,0.15777599811553955,0.7830852270126343,8.08955192565918,4.386867046356201,0.03422619047619048,3.2522144317626953,4.658440589904785,77.90215301513672,0.019345238095238096,24.0,0.9856365323066711
R02455,0.4266132414340973,3.0,0.39510810375213623,0.9249432682991028,5.987350940704346,2.865247964859009,0.05952380952380952,14.347776412963867,5.006381511688232,76.90067291259766,0.026785714285714284,2.0,0.9849154949188232
R02456,0.24201184511184692,3.0,0.344356507062912,1.4153196811676025,8.015384674072266,2.650965690612793,0.07291666666666667,21.593368530273438,4.356582164764404,42.204402923583984,0.03720238095238095,0.0,0.0
R02457,0.14904503524303436,1.6666666269302368,0.16725857555866241,1.1221940517425537,8.388854026794434,3.474109172821045,0.036458333333333336,6.904325008392334,5.169864177703857,61.85600280761719,0.024305555555555556,96.0,0.9966208338737488
R02458,0.30324989557266235,1.6666666269302368,0.13327300548553467,0.440276563167572,2.698129892349243,1.208734393119812,0.05357142857142857,1.7656031847000122,2.7710187435150146,41.08993911743164,0.03125,38.0,0.9989270567893982
R02459,0.276335746049881,2.3333332538604736,0.3062918782234192,1.102719783782959,9.626383781433105,3.9868953227996826,0.050595238095238096,6.151218891143799,3.6704537868499756,35.65091323852539,0.03571428571428571,22.0,0.9935342073440552
R02460,0.7123379111289978,3.3333332538604736,0.4339803457260132,0.6082980632781982,3.49824857711792,1.0501371622085571,0.043154761904761904,22.67552947998047,2.0076072216033936,15.565067291259766,0.06547619047619048,4.0,0.982907772064209
R02461,0.2952326238155365,1.6666666269302368,0.17851249873638153,0.6048353314399719,3.583414077758789,1.271456241607666,0.06101190476190476,1.3808512687683105,2.418055772781372,26.307662963867188,0.04017857142857143,52.0,0.994432270526886
R02462,0.4208398163318634,2.0,0.23379254341125488,0.5558956265449524,2.6780426502227783,0.3095914423465729,0.03571428571428571,3.924436330795288,1.9166972637176514,18.502958297729492,0.03273809523809524,0.0,0.0
R02463,0.3685010075569153,2.0,0.29797911643981934,0.8083375096321106,4.361387729644775,1.8204351663589478,0.06547619047619048,8.258890151977539,3.3357536792755127,29.595457077026367,0.041666666666666664,1052.0,0.9962353110313416
R02464,0.8500926494598389,3.3333332538604736,0.3266412019729614,0.38384175300598145,2.427887201309204,0.8381617069244385,0.05654761904761905,48.87842559814453,1.4708752632141113,9.040169715881348,0.05803571428571429,2.0,0.9840359091758728
R02465,0.2941935062408447,2.0,0.23137803375720978,0.7836209535598755,6.659959316253662,3.314084053039551,0.03571428571428571,7.498593807220459,6.501370429992676,75.036376953125,0.020833333333333332,21.0,0.9982080459594727
R02466,0.31756043434143066,3.0,0.4766729474067688,1.5010417699813843,6.399475574493408,2.0276029109954834,0.09635416666666667,43.70773696899414,3.0466485023498535,20.736555099487305,0.0625,1.0,0.9762157201766968
R02467,0.2830910086631775,2.0,0.3075176477432251,1.074939250946045,4.648199081420898,1.0380287170410156,0.05357142857142857,3.1661899089813232,2.0966885089874268,16.2086181640625,0.047619047619047616,0.0,0.0
R02468,0.4019877314567566,3.0,0.3864368498325348,0.9566106796264648,4.633437633514404,1.4732636213302612,0.05357142857142857,34.545936584472656,2.3121907711029053,16.61026382446289,0.047619047619047616,1.0,0.9730902314186096
R02469,0.6713327765464783,2.6666667461395264,0.21768571436405182,0.3245263397693634,2.3196725845336914,0.39183470606803894,0.03125,25.587331771850586,1.299725890159607,9.296314239501953,0.04017857142857143,0.0,0.0
R02470,0.18090437352657318,2.0,0.2224200814962387,1.229482889175415,7.82018518447876,1.7801904678344727,0.057291666666666664,6.522256374359131,2.2601613998413086,18.23396873474121,0.04296875,24.0,0.9995048642158508
R02471,0.3819018602371216,2.0,0.2906484007835388,0.7709315419197083,3.524517297744751,0.7682554721832275,0.03273809523809524,10.092517852783203,1.9174766540527344,21.02324104309082,0.05803571428571429,0.0,0.0
R02472,0.27219071984291077,2.0,0.24047023057937622,0.8792982697486877,4.5826263427734375,1.419711709022522,0.06101190476190476,4.893770217895508,3.026430130004883,32.64757537841797,0.03869047619047619,8.0,0.9913106560707092
R02473,0.4052024483680725,1.6666666269302368,0.15992765128612518,0.3958011865615845,2.3628947734832764,0.6776720881462097,0.044642857142857144,3.969005823135376,1.9633219242095947,35.681793212890625,0.017857142857142856,3.0,0.990014374256134
R02474,0.07102416455745697,1.0,0.15572236478328705,2.1603481769561768,13.394383430480957,2.5035107135772705,0.07291666666666667,1.1026883125305176,4.745749473571777,75.19841003417969,0.02976190476190476,0.0,0.0
R02475,0.4780881106853485,2.3333332538604736,0.3242579996585846,0.6775677800178528,3.929553508758545,0.8515129685401917,0.052083333333333336,13.293797492980957,2.365633010864258,14.144638061523438,0.06696428571428571,2.0,0.9802790284156799
R02476,0.5585998296737671,3.0,0.3420213758945465,0.6119863986968994,3.0567586421966553,0.7642922401428223,0.03869047619047619,37.64194869995117,1.9909340143203735,13.962275505065918,0.047619047619047616,1.0,0.9738337993621826
R02477,0.41771331429481506,2.0,0.2469407469034195,0.5915518403053284,3.9332714080810547,0.7130023241043091,0.03273809523809524,3.3789799213409424,3.10654878616333,59.5019645690918,0.017857142857142856,9.0,0.9918195009231567
R02478,0.40664005279541016,3.3333332538604736,0.40975266695022583,1.0102652311325073,5.071549892425537,2.2052221298217773,0.08272058823529412,34.74940490722656,3.1448187828063965,25.216405868530273,0.05698529411764706,171.0,0.9972884058952332
R02479,0.22080513834953308,1.3333333730697632,0.15452417731285095,0.6946243047714233,3.8865153789520264,1.0114396810531616,0.044642857142857144,2.515230178833008,2.9365227222442627,30.108205795288086,0.046130952380952384,7.0,0.9903876781463623
R02480,0.5285384654998779,3.3333332538604736,0.4570860266685486,0.8613302707672119,5.401071548461914,2.0288894176483154,0.0818452380952381,15.191462516784668,3.021036148071289,25.29473114013672,0.06101190476190476,2.0,0.9851651191711426
R02481,0.24757331609725952,1.6666666269302368,0.24939972162246704,1.0012904405593872,4.831614971160889,1.0523386001586914,0.06066176470588235,3.8549418449401855,3.2644550800323486,34.98558807373047,0.04044117647058824,13.0,0.9873798489570618
R02482,0.4495134949684143,1.6666666269302368,0.22269348800182343,0.496636301279068,2.3223302364349365,-0.4158487915992737,0.008928571428571428,3.5398108959198,1.3930835723876953,12.655233383178711,0.052083333333333336,0.0,0.0
R02483,0.7437440156936646,3.6666667461395264,0.5388585925102234,0.7231130003929138,4.09962797164917,1.4625380039215088,0.049107142857142856,43.56925964355469,1.9578479528427124,9.447171211242676,0.07886904761904762,1.0,0.9743510484695435
R02484,0.32485347986221313,2.0,0.21854281425476074,0.6707066893577576,4.769329071044922,2.5346577167510986,0.05357142857142857,5.644461631774902,3.49070405960083,28.53144645690918,0.047619047619047616,38.0,0.9983205795288086
R02485,0.5328318476676941,2.6666667461395264,0.3364502489566803,0.6252869367599487,3.5239779949188232,1.3171069622039795,0.04861111111111111,6.5280609130859375,2.282524585723877,22.085365295410156,0.04861111111111111,3.0,0.982994019985199
R02486,0.520332396030426,2.0,0.17949073016643524,0.34495335817337036,2.76202654838562,0.6677209138870239,0.029947916666666668,9.253592491149902,3.310695171356201,53.488861083984375,0.013020833333333334,0.0,0.0
R02487,0.6250529289245605,3.0,0.3417340815067291,0.5459151864051819,2.952643871307373,1.1587321758270264,0.05803571428571429,16.26412582397461,2.2614972591400146,15.345192909240723,0.06547619047619048,0.0,0.0
R02488,0.3818075656890869,3.6666667461395264,0.511248767375946,1.3390185832977295,6.130874156951904,1.7143057584762573,0.06901041666666667,6.8072829246521,2.3827011585235596,25.523805618286133,0.033854166666666664,13.0,0.9979278445243835
R02489,0.6732797026634216,3.3333332538604736,0.4427165985107422,0.660996675491333,2.9914400577545166,0.9273797273635864,0.05357142857142857,23.894384384155273,2.023254871368408,13.458418846130371,0.05654761904761905,0.0,0.0
R02490,0.13006675243377686,1.6666666269302368,0.19013109803199768,1.4537651538848877,8.930429458618164,2.359300374984741,0.06101190476190476,2.682588577270508,3.880537509918213,33.69642639160156,0.03869047619047619,14.0,0.9914137721061707
R02491,0.14915621280670166,1.3333333730697632,0.16006259620189667,1.066063404083252,6.760022163391113,1.728877067565918,0.05357142857142857,0.5389111042022705,5.249330520629883,89.9429931640625,0.01488095238095238,2.0,0.9905755519866943
R02492,0.4064832329750061,1.6666666269302368,0.12600722908973694,0.3112407624721527,2.4660024642944336,1.6226574182510376,0.05,3.948683500289917,0.683988094329834,8.169405937194824,0.0325,37.0,0.9925425052642822
R02493,0.6435542702674866,4.0,0.4411516785621643,0.6825057864189148,3.1934120655059814,1.2540029287338257,0.07291666666666667,53.784820556640625,1.94264817237854,10.40062427520752,0.07291666666666667,6.0,0.9917513728141785
R02494,0.2319473773241043,1.6666666269302368,0.17074567079544067,0.7430112957954407,4.981921672821045,1.6966674327850342,0.052083333333333336,2.4966742992401123,2.794245719909668,34.81828308105469,0.02976190476190476,8.0,0.9937072992324829
R02495,0.8257102370262146,3.0,0.2763465642929077,0.33569851517677307,2.1784465312957764,0.4286411702632904,0.02976190476190476,36.20473098754883,1.9403367042541504,26.792972564697266,0.02976190476190476,1.0,0.979153037071228
R02496,0.228329136967659,2.0,0.2229575365781784,0.9764701128005981,6.351309776306152,2.530146360397339,0.07421875,7.156793117523193,4.3433990478515625,47.979713439941406,0.029947916666666668,855.0,0.9972131252288818
R02497,0.39838936924934387,3.0,0.3432524502277374,0.8563593029975891,4.02893590927124,1.353719711303711,0.06696428571428571,20.387388229370117,2.2925729751586914,16.968046188354492,0.05505952380952381,0.0,0.0
R02498,0.3626483380794525,3.0,0.3459114730358124,0.9450425505638123,4.082934856414795,1.2648200988769531,0.05654761904761905,15.763127326965332,1.995178461074829,12.030011177062988,0.05357142857142857,16.0,0.9955686330795288
R02499,0.107451893389225,1.6666666269302368,0.19825811684131622,1.9222277402877808,10.923310279846191,2.6617414951324463,0.06696428571428571,4.61255407333374,3.2584638595581055,24.204959869384766,0.049107142857142856,17.0,1.0
R02500,0.15947739779949188,1.6666666269302368,0.1741560846567154,1.0903154611587524,6.768012523651123,2.705895185470581,0.0525,4.862491607666016,4.776352405548096,58.33372497558594,0.03625,5.0,0.9784760475158691
R02501,0.32246294617652893,2.0,0.29949888586997986,0.9292827248573303,4.516824722290039,1.1695539951324463,0.06547619047619048,7.73555850982666,2.6810014247894287,18.135223388671875,0.06547619047619048,7.0,0.9906286001205444
R02502,0.4529176354408264,2.3333332538604736,0.24624790251255035,0.5516293048858643,5.3013691902160645,2.277348279953003,0.05357142857142857,4.663351058959961,3.2762837409973145,33.99707794189453,0.049107142857142856,16.0,0.995747983455658
R02503,0.31363770365715027,2.6666667461395264,0.3610881268978119,1.1362537145614624,6.386712074279785,2.042407989501953,0.065,13.516366004943848,2.878249406814575,28.40174102783203,0.03875,108.0,0.9972329139709473
R02504,0.2859007716178894,1.6666666269302368,0.20973652601242065,0.7353333830833435,4.0674920082092285,1.0814213752746582,0.05,1.6295346021652222,3.701547145843506,66.16365051269531,0.03,8.0,0.9822298884391785
R02505,0.6755383610725403,3.0,0.3885860741138458,0.575223445892334,2.685450792312622,0.6191956400871277,0.01171875,36.45680236816406,1.4367142915725708,8.702751159667969,0.04296875,27.0,0.9969483017921448
R02506,0.17994999885559082,1.3333333730697632,0.12672078609466553,0.7052894830703735,4.56017541885376,0.9567457437515259,0.03869047619047619,1.3504785299301147,5.553099632263184,76.03048706054688,0.011904761904761904,92.0,0.9955544471740723
R02507,0.22286514937877655,1.3333333730697632,0.1427118182182312,0.6464871168136597,4.976826190948486,2.1205525398254395,0.049107142857142856,1.129871129989624,3.7390828132629395,64.7699966430664,0.03273809523809524,56.0,0.9941555261611938
R02508,0.5579455494880676,4.666666507720947,0.7471458315849304,1.3390989303588867,4.424705982208252,1.4933518171310425,0.1171875,98.8470687866211,1.9977107048034668,8.41030502319336,0.08723958333333333,100.0,0.9987175464630127
R02509,0.5497273206710815,3.0,0.3558787405490875,0.6473720669746399,3.5013747215270996,0.8413156867027283,0.046875,29.29609489440918,1.8930717706680298,26.646240234375,0.043402777777777776,58.0,0.9985355734825134
R02510,0.4441302418708801,3.3333332538604736,0.41164079308509827,0.9268448948860168,6.2673563957214355,1.9558461904525757,0.06597222222222222,5.893905162811279,3.009021759033203,26.34126853942871,0.034722222222222224,6.0,0.9805837273597717
R02511,0.09938361495733261,1.3333333730697632,0.1700369268655777,1.7311477661132812,9.451902389526367,2.571491003036499,0.06696428571428571,0.7469828724861145,5.688540935516357,100.52615356445312,0.020833333333333332,0.0,0.0
R02512,0.3263612985610962,3.0,0.38960859179496765,1.187590479850769,5.2777276039123535,1.673561930656433,0.06696428571428571,16.711069107055664,3.014875888824463,19.972139358520508,0.06398809523809523,25.0,0.9967004060745239
R02513,0.7202050089836121,5.0,0.590290904045105,0.8138633966445923,3.9809601306915283,1.2268619537353516,0.050595238095238096,129.7129669189453,2.3997843265533447,13.510313034057617,0.06101190476190476,17.0,0.9973227977752686
R02514,0.36868083477020264,2.3333332538604736,0.3269544541835785,0.8820208311080933,4.194060325622559,1.6617189645767212,0.085,8.94433307647705,3.7474234104156494,28.249229431152344,0.035,7.0,0.9886969923973083
R02515,0.1381920427083969,1.3333333730697632,0.1325075477361679,0.9588581323623657,9.589447975158691,3.2647531032562256,0.03993055555555555,0.7191401124000549,11.255182266235352,176.2154541015625,0.005208333333333333,10.0,0.990683376789093
R02516,0.4748987555503845,3.0,0.3525181710720062,0.7374011874198914,4.2762274742126465,2.45676326751709,0.0825,19.535179138183594,2.852574348449707,32.32442855834961,0.0325,0.0,0.0
R02517,0.595962643623352,2.3333332538604736,0.21091026067733765,0.3540459871292114,2.873716354370117,1.1261056661605835,0.06101190476190476,7.819622039794922,2.0516881942749023,22.967132568359375,0.049107142857142856,0.0,0.0
R02518,0.345468133687973,2.6666667461395264,0.3363366723060608,0.9673323631286621,5.420743465423584,1.3821290731430054,0.049107142857142856,22.24979591369629,3.5313167572021484,35.85137939453125,0.041666666666666664,0.0,0.0
R02519,0.09915183484554291,1.3333333730697632,0.14784422516822815,1.5136992931365967,8.632047653198242,2.8184821605682373,0.06101190476190476,2.0196776390075684,3.2126481533050537,44.61915969848633,0.05654761904761905,2.0,0.9787924289703369
R02520,0.9951555132865906,4.0,0.2958006262779236,0.2972260117530823,2.4813003540039062,1.0950472354888916,0.044642857142857144,57.141510009765625,0.9602958559989929,9.602312088012695,0.044642857142857144,4.0,0.9807065725326538
R02521,0.5810900330543518,3.3333332538604736,0.45977267622947693,0.7905963659286499,5.032669544219971,2.210911989212036,0.07738095238095238,19.619977951049805,3.230520248413086,28.885496139526367,0.050595238095238096,45.0,0.9950628876686096
R02522,0.4873218536376953,2.0,0.19942474365234375,0.4066234529018402,2.4511590003967285,0.7404341101646423,0.045,5.091757297515869,2.023468255996704,18.747304916381836,0.04375,0.0,0.0
R02523,0.46666479110717773,3.0,0.36501938104629517,0.7786082029342651,4.073088645935059,0.9302625060081482,0.03720238095238095,18.577938079833984,2.0854663848876953,17.4416561126709,0.052083333333333336,5.0,0.987554669380188
R02524,0.1322062760591507,1.0,0.1102374941110611,0.8277590870857239,4.289735794067383,0.9385806322097778,0.04017857142857143,0.504500687122345,2.5377466678619385,32.43994140625,0.041666666666666664,54.0,0.9973456263542175
R02525,0.2325996458530426,2.6666667461395264,0.3129070997238159,1.3293471336364746,6.773615837097168,2.2972121238708496,0.07291666666666667,13.237227439880371,3.06400990486145,17.531879425048828,0.07142857142857142,4.0,0.9778387546539307
R02526,0.29250648617744446,1.6666666269302368,0.19086243212223053,0.655366063117981,4.701230525970459,1.9223159551620483,0.03720238095238095,3.2422893047332764,3.6408231258392334,37.34266662597656,0.022321428571428572,0.0,0.0
R02527,0.3253173530101776,2.0,0.29189762473106384,0.8938786387443542,4.680178165435791,1.3495898246765137,0.06101190476190476,10.48094654083252,2.5345053672790527,20.072418212890625,0.046130952380952384,0.0,0.0
R02528,0.7418085932731628,2.3333332538604736,0.17400893568992615,0.23495420813560486,1.7220863103866577,0.007517717313021421,0.020833333333333332,13.418595314025879,0.8821938633918762,4.560194492340088,0.052083333333333336,0.0,0.0
R02529,0.2446448802947998,2.0,0.23456110060214996,0.9623278975486755,6.72293758392334,1.9416537284851074,0.052083333333333336,5.630043983459473,4.381195068359375,65.30883026123047,0.020833333333333332,9.0,0.9805804491043091
R02530,0.7012109756469727,3.0,0.3635939955711365,0.5179610252380371,2.3997695446014404,0.6938444375991821,0.04017857142857143,42.126407623291016,1.4940683841705322,6.841932773590088,0.08779761904761904,0.0,0.0
R02531,0.4165306091308594,2.3333332538604736,0.25715482234954834,0.6160320043563843,3.438951015472412,1.0279940366744995,0.050595238095238096,10.530593872070312,2.1022961139678955,27.87871742248535,0.04017857142857143,12.0,0.9879317879676819
R02532,0.47382697463035583,2.3333332538604736,0.3364509046077728,0.7167160511016846,3.7161049842834473,1.0691156387329102,0.0625,10.665306091308594,2.839984893798828,24.455106735229492,0.047619047619047616,25.0,0.9964710474014282
R02533,0.4169902503490448,2.0,0.2522251605987549,0.6044106483459473,4.788727283477783,1.8174819946289062,0.041666666666666664,6.886858940124512,2.852311849594116,39.58344268798828,0.028273809523809524,3.0,0.9860332608222961
R02534,0.2368166297674179,1.6666666269302368,0.19439856708049774,0.8180683851242065,3.7136831283569336,0.5576686859130859,0.025297619047619048,2.041318893432617,1.863527536392212,13.921113967895508,0.06696428571428571,0.0,0.0
R02535,0.45151445269584656,2.3333332538604736,0.2971208095550537,0.6565206050872803,3.354691505432129,1.4983975887298584,0.05357142857142857,12.539695739746094,2.3911855220794678,22.05044174194336,0.06398809523809523,7.0,0.9821010828018188
R02536,1.2603017091751099,4.666666507720947,0.492728590965271,0.38998574018478394,2.0866572856903076,1.1783523559570312,0.07886904761904762,174.07864379882812,1.224539041519165,5.0999555587768555,0.08630952380952381,0.0,0.0
R02537,0.4668508470058441,2.3333332538604736,0.29200536012649536,0.6188865900039673,3.3040289878845215,1.106571078300476,0.05555555555555555,5.763383865356445,2.334041118621826,24.667165756225586,0.043402777777777776,1.0,0.9904628396034241
R02538,0.23679962754249573,1.6666666269302368,0.15664447844028473,0.6664872765541077,3.57057785987854,0.8061625957489014,0.03720238095238095,0.6112979650497437,5.051815509796143,86.16165924072266,0.017857142857142856,6.0,0.9937744736671448
R02539,0.4011974632740021,3.0,0.4028005301952362,0.9914499521255493,6.93067741394043,2.070347309112549,0.0825,30.9881534576416,2.7480251789093018,16.766874313354492,0.07375,15.0,0.9963525533676147
R02540,0.2949095070362091,2.0,0.23139402270317078,0.7824581861495972,4.511964797973633,1.1424001455307007,0.05357142857142857,15.935446739196777,2.882667064666748,34.01350784301758,0.041666666666666664,13.0,0.9959447979927063
R02541,0.3507319986820221,2.0,0.1965833157300949,0.5604768991470337,2.9773108959198,0.9088281989097595,0.05654761904761905,2.7788243293762207,2.2059426307678223,17.027339935302734,0.043154761904761904,2.0,0.9919717311859131
R02542,0.5186368227005005,3.0,0.32436347007751465,0.6267287135124207,3.881342649459839,2.131514549255371,0.052083333333333336,19.999526977539062,3.315769910812378,27.6859130859375,0.04017857142857143,0.0,0.0
R02543,0.4972693622112274,2.0,0.2724820077419281,0.5433773398399353,2.292135000228882,-0.22613166272640228,0.008928571428571428,17.94393539428711,1.0497392416000366,6.957172393798828,0.03869047619047619,0.0,0.0
R02544,0.3886246085166931,2.6666667461395264,0.3233570456504822,0.8327320218086243,4.793424606323242,2.346022844314575,0.06845238095238096,10.167977333068848,3.834982395172119,47.0489501953125,0.03720238095238095,6.0,0.9839259386062622
R02545,0.28559088706970215,2.0,0.22310324013233185,0.7804324626922607,4.892982006072998,1.8289178609848022,0.05505952380952381,8.406310081481934,2.8805806636810303,25.45345687866211,0.05357142857142857,0.0,0.0
R02546,0.6220843195915222,3.0,0.43334248661994934,0.6934446692466736,3.1707546710968018,1.191189169883728,0.044642857142857144,30.517337799072266,1.9727364778518677,14.098572731018066,0.044642857142857144,0.0,0.0
R02547,0.3847735524177551,3.0,0.33589330315589905,0.8568350672721863,4.838599681854248,1.7568895816802979,0.06101190476190476,25.761945724487305,2.7116963863372803,24.330095291137695,0.04017857142857143,0.0,0.0
R02548,0.5698394179344177,2.6666667461395264,0.35989004373550415,0.6315627694129944,2.7579903602600098,0.6331124305725098,0.044270833333333336,12.020195007324219,2.2901504039764404,28.27407455444336,0.046875,5.0,0.9870470762252808
R02549,0.47744980454444885,2.3333332538604736,0.23676727712154388,0.49959322810173035,2.666423797607422,0.9275017380714417,0.047619047619047616,10.256800651550293,2.0863373279571533,13.802571296691895,0.0744047619047619,1.0,0.9761114716529846
R02550,0.11459237337112427,1.3333333730697632,0.16398882865905762,1.454416036605835,9.997827529907227,2.6764347553253174,0.05397727272727273,4.646150588989258,5.432289123535156,71.8592758178711,0.019886363636363636,63.0,0.9988904595375061
R02551,0.5935974717140198,3.3333332538604736,0.40555232763290405,0.6767210364341736,3.058631181716919,0.8541017174720764,0.049107142857142856,59.992828369140625,2.2138800621032715,23.85335922241211,0.04017857142857143,0.0,0.0
R02552,0.2653127908706665,1.6666666269302368,0.16419918835163116,0.6321026682853699,3.3120172023773193,0.6598696112632751,0.02976190476190476,0.9019182920455933,4.062816619873047,65.81084442138672,0.023809523809523808,18.0,0.9949435591697693
R02553,0.2568807005882263,2.0,0.23672443628311157,0.9184815287590027,5.528186321258545,2.4653255939483643,0.05952380952380952,5.01684045791626,4.372283458709717,53.47782897949219,0.028273809523809524,786.0,0.9991578459739685
R02554,0.35211220383644104,3.0,0.3085244596004486,0.8762081265449524,3.9918947219848633,1.2064037322998047,0.05859375,18.840547561645508,3.0145835876464844,25.117918014526367,0.048177083333333336,0.0,0.0
R02555,0.10233791917562485,1.0,0.13016153872013092,1.296880841255188,7.300820350646973,2.3248088359832764,0.06101190476190476,1.0098358392715454,4.161212921142578,56.086517333984375,0.022321428571428572,3.0,0.9921801686286926
R02556,0.14033615589141846,2.0,0.2309989482164383,1.6588644981384277,9.271123886108398,2.0066723823547363,0.06845238095238096,10.172385215759277,3.029280424118042,27.010452270507812,0.047619047619047616,26.0,1.0
R02557,0.636340856552124,2.6666667461395264,0.2827930748462677,0.44684454798698425,2.552764415740967,0.4822520315647125,0.026785714285714284,16.63473892211914,1.4981530904769897,13.416699409484863,0.03273809523809524,1.0,0.972579300403595
R02558,0.4697999358177185,2.0,0.2307562381029129,0.4879574179649353,3.396991014480591,2.350518226623535,0.046130952380952384,15.13946533203125,3.148263931274414,22.261106491088867,0.04017857142857143,10.0,0.9878423810005188
R02559,0.2565261423587799,2.0,0.2332315295934677,0.9006668329238892,5.469464302062988,2.665541887283325,0.06845238095238096,8.921605110168457,2.6906073093414307,20.19407844543457,0.050595238095238096,0.0,0.0
R02560,0.31467804312705994,2.0,0.2756652534008026,0.8742819428443909,5.574963569641113,1.4217108488082886,0.049107142857142856,4.868022918701172,4.205524444580078,42.55528259277344,0.028273809523809524,8.0,0.9925885200500488
R02561,0.40148064494132996,3.0,0.3927645981311798,0.9807541966438293,5.969518184661865,2.5787887573242188,0.06398809523809523,33.05646514892578,4.056866645812988,37.65499496459961,0.044642857142857144,2.0,0.9812389612197876
R02562,0.25503963232040405,1.6666666269302368,0.2095220685005188,0.8215241432189941,5.004563331604004,1.2621089220046997,0.052083333333333336,0.5697076916694641,2.2180068492889404,25.765291213989258,0.037760416666666664,5.0,0.9894794821739197
R02563,0.39673614501953125,4.0,0.36907896399497986,0.9302858710289001,5.447266101837158,2.248213052749634,0.06640625,79.27581787109375,2.6849942207336426,23.933246612548828,0.049479166666666664,0.0,0.0
R02564,0.2912232279777527,1.6666666269302368,0.18240803480148315,0.6254155039787292,4.324891090393066,1.6412442922592163,0.049107142857142856,2.727376937866211,5.241621494293213,58.52572250366211,0.01636904761904762,16.0,0.9988783001899719
R02565,0.8453671336174011,4.0,0.6262016296386719,0.7426936030387878,2.2979321479797363,-0.07390914112329483,0.0,69.87109375,1.0944710969924927,4.797778606414795,0.03273809523809524,4.0,0.9936750531196594
R02566,0.26629894971847534,2.0,0.3293459713459015,1.2181529998779297,6.258418083190918,1.263481855392456,0.061079545454545456,13.644852638244629,3.007399320602417,44.31114959716797,0.036931818181818184,36.0,1.0
R02567,0.30421486496925354,2.6666667461395264,0.33313724398612976,1.095068335533142,7.0450921058654785,2.1475114822387695,0.078125,12.593966484069824,2.247614622116089,22.166955947875977,0.06510416666666667,144.0,0.9954027533531189
R02568,0.41369545459747314,2.6666667461395264,0.3892214894294739,0.9408383369445801,5.544209003448486,1.7803524732589722,0.0625,5.078094005584717,2.802563428878784,30.641326904296875,0.048177083333333336,9.0,0.9914143085479736
R02569,0.6880667209625244,3.6666667461395264,0.5211784243583679,0.7561654448509216,3.3896291255950928,0.9734195470809937,0.06398809523809523,25.86342430114746,1.9281667470932007,12.806594848632812,0.05654761904761905,0.0,0.0
R02570,0.5783278942108154,3.0,0.37634825706481934,0.6512857675552368,3.10280442237854,1.0586416721343994,0.06696428571428571,24.991134643554688,1.7685070037841797,11.014969825744629,0.06845238095238096,0.0,0.0
R02571,0.341827929019928,1.6666666269302368,0.1466929167509079,0.4285620152950287,3.1763601303100586,1.5137218236923218,0.041666666666666664,2.557537317276001,2.322281837463379,26.57162094116211,0.023809523809523808,9.0,0.9965429902076721
R02572,0.32026442885398865,1.6666666269302368,0.1919148713350296,0.6062647104263306,3.39760160446167,1.4155011177062988,0.05625,1.796747088432312,2.7000811100006104,38.67090606689453,0.0325,1.0,0.9704809188842773
R02573,0.1753644347190857,2.0,0.2697286605834961,1.534197449684143,9.148455619812012,1.7292249202728271,0.056818181818181816,6.270342826843262,4.336330413818359,47.31019592285156,0.028409090909090908,10.0,0.998360276222229
R02574,0.44307491183280945,2.0,0.22798962891101837,0.521239697933197,4.6751885414123535,2.304948091506958,0.05505952380952381,4.711668491363525,3.4257583618164062,33.960750579833984,0.047619047619047616,1.0,0.9985204935073853
R02575,0.4625657796859741,3.0,0.361057847738266,0.7724071741104126,5.479839324951172,1.8902164697647095,0.04435483870967742,13.789168357849121,2.2728681564331055,11.81684684753418,0.07560483870967742,1.0,0.9783098101615906
R02576,0.18537387251853943,1.6666666269302368,0.18701358139514923,1.0043647289276123,5.856551170349121,2.224985361099243,0.07291666666666667,1.7992161512374878,5.393103122711182,59.578033447265625,0.019345238095238096,35.0,0.9925020337104797
R02577,0.7279223203659058,3.0,0.35903745889663696,0.49207451939582825,3.425006866455078,0.6115408539772034,0.02976190476190476,28.288400650024414,1.7179203033447266,28.15493392944336,0.020833333333333332,0.0,0.0
R02578,0.13974425196647644,1.0,0.13307523727416992,0.9518141746520996,5.471439361572266,1.633268117904663,0.05803571428571429,1.2480669021606445,3.599015235900879,50.92551803588867,0.028273809523809524,11.0,0.9934552907943726
R02579,0.27667027711868286,2.0,0.19422274827957153,0.697670042514801,4.831578731536865,2.5277020931243896,0.052083333333333336,4.048298358917236,3.849675416946411,28.562763214111328,0.047619047619047616,20.0,0.996627151966095
R02580,0.6318405270576477,2.6666667461395264,0.3144795894622803,0.4968682527542114,2.6265969276428223,0.8083656430244446,0.047619047619047616,15.846055030822754,2.1105215549468994,19.564380645751953,0.05357142857142857,0.0,0.0
R02581,0.3960404396057129,2.6666667461395264,0.3714439868927002,0.9310877919197083,3.988478422164917,1.2923504114151,0.06994047619047619,18.502248764038086,2.501481056213379,18.905488967895508,0.05357142857142857,0.0,0.0
R02582,0.20244437456130981,2.3333332538604736,0.3135806918144226,1.5489650964736938,7.706879138946533,2.2595229148864746,0.07682291666666667,3.9203827381134033,3.545506477355957,38.703895568847656,0.033854166666666664,0.0,0.0
R02583,0.7187071442604065,4.0,0.7775514125823975,1.075022578239441,3.466336965560913,0.9158756136894226,0.010416666666666666,13.226656913757324,2.231018304824829,12.418075561523438,0.08035714285714286,5.0,0.9891541600227356
R02584,0.3339381217956543,2.6666667461395264,0.3594419062137604,1.0764234066009521,6.775135517120361,2.35870361328125,0.06845238095238096,10.94660758972168,3.7518835067749023,31.34845542907715,0.052083333333333336,7.0,0.9883493781089783
R02585,0.5490626096725464,3.3333332538604736,0.4344808757305145,0.7846242189407349,4.203159809112549,1.5836790800094604,0.06101190476190476,33.80274963378906,2.0573675632476807,14.213699340820312,0.047619047619047616,0.0,0.0
R02586,0.38917410373687744,2.0,0.14087501168251038,0.3615676462650299,2.6885645389556885,1.3446085453033447,0.047619047619047616,8.095087051391602,2.100571870803833,22.679719924926758,0.04017857142857143,4.0,0.988503098487854
R02587,0.6842925548553467,3.0,0.34694209694862366,0.5063644647598267,2.7265989780426025,1.1026206016540527,0.06101190476190476,24.42777442932129,2.1842830181121826,15.81528091430664,0.05505952380952381,0.0,0.0
R02588,0.6910133361816406,4.0,0.5446405410766602,0.7965455055236816,5.275912284851074,1.2978523969650269,0.05357142857142857,32.46866226196289,1.6628865003585815,11.0086030960083,0.05803571428571429,275.0,0.9952074289321899
R02589,0.32348179817199707,2.0,0.25663188099861145,0.788382351398468,4.337050914764404,1.0107276439666748,0.044642857142857144,5.605357646942139,2.7006313800811768,45.900814056396484,0.03720238095238095,0.0,0.0
R02590,0.28827837109565735,4.0,0.5762394666671753,1.9988924264907837,10.155892372131348,1.9794048070907593,0.09114583333333333,43.51089859008789,2.397028923034668,15.812917709350586,0.06770833333333333,47.0,1.0000001192092896
R02591,0.5888161063194275,3.0,0.3801458179950714,0.6416893601417542,3.43536114692688,1.5227872133255005,0.0744047619047619,35.33772277832031,2.2069091796875,13.9365873336792,0.06845238095238096,0.0,0.0
R02592,0.2544465959072113,2.0,0.23926495015621185,0.9324992895126343,4.384519100189209,1.2487126588821411,0.06101190476190476,5.472942352294922,2.175889730453491,14.332219123840332,0.047619047619047616,17.0,0.995850682258606
R02593,0.44632595777511597,3.3333332538604736,0.4219065308570862,0.9374518990516663,6.004741191864014,1.8922045230865479,0.05125,16.223630905151367,3.1948134899139404,31.833398818969727,0.04125,2.0,0.9775334596633911
R02594,0.30153995752334595,1.3333333730697632,0.11972792446613312,0.39712268114089966,4.953719615936279,4.669950008392334,0.026785714285714284,5.816847324371338,5.0342583656311035,79.37897491455078,0.008928571428571428,13.0,0.9868702292442322
R02595,0.3909803628921509,2.3333332538604736,0.27517375349998474,0.7016568779945374,3.6587953567504883,1.3074356317520142,0.0625,6.9589152336120605,4.104218006134033,71.05186462402344,0.017857142857142856,13.0,0.9907200336456299
R02596,0.4620220363140106,4.0,0.447620153427124,0.9688264727592468,4.654293060302734,1.670046329498291,0.06944444444444445,44.83850860595703,2.166438102722168,13.964775085449219,0.059027777777777776,9.0,0.987169623374939
R02597,0.4369725286960602,2.0,0.264167457818985,0.6004452705383301,3.969562292098999,0.5843478441238403,0.022321428571428572,10.947744369506836,2.061307430267334,20.85230255126953,0.03720238095238095,2.0,0.9835127592086792
R02598,0.5244898200035095,4.666666507720947,0.5639322996139526,1.0708760023117065,5.003891468048096,2.0685417652130127,0.08482142857142858,102.02752685546875,3.2009222507476807,18.025318145751953,0.05654761904761905,34.0,0.9903147220611572
R02599,0.7989115118980408,3.3333332538604736,0.3696180582046509,0.4629010260105133,2.6046338081359863,0.2383875548839569,0.026785714285714284,14.038049697875977,2.4947409629821777,22.163129806518555,0.03869047619047619,0.0,0.0
R02600,0.43724408745765686,2.3333332538604736,0.2534894347190857,0.5797422528266907,3.455883026123047,1.4070665836334229,0.059895833333333336,13.6965970993042,2.974283218383789,40.35924530029297,0.032552083333333336,1.0,0.971598207950592
R02601,0.04129771515727043,1.0,0.11999131739139557,2.8628485202789307,28.914812088012695,5.308203220367432,0.03273809523809524,1.8553060293197632,5.799548625946045,76.99881744384766,0.025297619047619048,45.0,0.9967637062072754
R02602,0.24886693060398102,1.3333333730697632,0.15812626481056213,0.6395673751831055,3.487731456756592,0.7224901914596558,0.03125,0.6527158617973328,4.9571075439453125,85.57215881347656,0.01636904761904762,8.0,0.9948698282241821
R02603,0.28774845600128174,1.6666666269302368,0.1900833696126938,0.6601324081420898,4.97866678237915,1.3576465845108032,0.05823863636363636,1.772151231765747,2.7055022716522217,29.924522399902344,0.03977272727272727,185.0,0.9981803894042969
R02604,0.3676197826862335,1.6666666269302368,0.1706380993127823,0.466935932636261,2.3881242275238037,-0.04046724736690521,0.025297619047619048,3.440002918243408,1.6297359466552734,13.759748458862305,0.05357142857142857,0.0,0.0
R02605,0.39844414591789246,3.0,0.34725937247276306,0.8680721521377563,4.552009105682373,1.3086884021759033,0.06547619047619048,30.026704788208008,2.009068727493286,12.406013488769531,0.06547619047619048,55.0,0.9924386143684387
R02606,0.5400078892707825,2.0,0.251522034406662,0.46734070777893066,2.650383710861206,0.3225976228713989,0.03273809523809524,6.450601577758789,1.13260018825531,12.155909538269043,0.044642857142857144,1.0,0.9708245396614075
R02607,0.24137920141220093,3.0,0.3357433080673218,1.3818944692611694,7.7414774894714355,1.5545544624328613,0.052083333333333336,20.125505447387695,3.2299044132232666,40.00702667236328,0.03422619047619048,19.0,0.9972427487373352
R02608,0.2462576925754547,1.6666666269302368,0.18476739525794983,0.7494174838066101,6.439172744750977,2.1611979007720947,0.034722222222222224,2.7678990364074707,2.89896297454834,42.46048355102539,0.043402777777777776,126.0,0.9983217716217041
R02609,0.10143858939409256,1.0,0.12365929037332535,1.2452936172485352,9.457352638244629,2.487114191055298,0.04017857142857143,1.9567004442214966,7.808225631713867,133.01397705078125,0.008928571428571428,22.0,0.9969030022621155
R02610,0.6840523481369019,5.0,0.5685341954231262,0.8286280632019043,4.092524528503418,1.381097435951233,0.052083333333333336,117.01427459716797,2.475531816482544,15.979598045349121,0.05654761904761905,7.0,0.9856274127960205
R02611,0.5814212560653687,2.6666667461395264,0.2804543375968933,0.4835030138492584,2.467024564743042,1.0473823547363281,0.06696428571428571,21.385494232177734,1.7471996545791626,9.223682403564453,0.06845238095238096,1.0,0.9739440679550171
R02612,0.363879919052124,2.3333332538604736,0.28020617365837097,0.7686767578125,4.226504802703857,1.293194055557251,0.05654761904761905,7.980177879333496,4.393051624298096,82.18012237548828,0.020833333333333332,3.0,0.9767072796821594
R02613,0.3600427508354187,2.3333332538604736,0.31457218527793884,0.8668159246444702,5.364869594573975,1.9862793684005737,0.0625,14.61681079864502,4.421353340148926,52.860355377197266,0.03422619047619048,4.0,0.9790173172950745
R02614,0.4505929946899414,2.3333332538604736,0.36771246790885925,0.8060925006866455,3.50663423538208,0.6193125247955322,0.043154761904761904,18.221158981323242,2.303500175476074,17.084186553955078,0.03720238095238095,1.0,0.9872402548789978
R02615,0.5649520754814148,2.6666667461395264,0.2371976226568222,0.4186933636665344,2.610401153564453,0.9289931654930115,0.052083333333333336,18.501930236816406,1.9651309251785278,21.053081512451172,0.046130952380952384,0.0,0.0
R02616,0.573219358921051,2.6666667461395264,0.2999015152454376,0.5245470404624939,2.7033066749572754,0.9316027164459229,0.052083333333333336,15.460898399353027,2.330552577972412,15.698307991027832,0.06101190476190476,0.0,0.0
R02617,0.37201038002967834,2.0,0.27010369300842285,0.7260628938674927,3.0801026821136475,0.820311963558197,0.06076388888888889,10.292641639709473,1.8986107110977173,12.910886764526367,0.06770833333333333,0.0,0.0
R02618,0.3035286068916321,2.3333332538604736,0.32996079325675964,1.0816720724105835,5.934237957000732,2.1289074420928955,0.0625,6.312137603759766,3.2612574100494385,29.521448135375977,0.044642857142857144,0.0,0.0
R02619,0.489606648683548,3.3333332538604736,0.4224424362182617,0.8600529432296753,6.388051986694336,3.170046329498291,0.043154761904761904,7.160243988037109,4.581355571746826,39.62361526489258,0.03571428571428571,6.0,0.9892452955245972
R02620,0.1287090927362442,2.3333332538604736,0.2622370421886444,2.0130529403686523,12.086930274963379,2.9838147163391113,0.06625,0.35403716564178467,4.505609512329102,45.58360290527344,0.03,0.0,0.0
R02621,1.1361781358718872,4.333333492279053,0.40448662638664246,0.35578691959381104,1.6850433349609375,-0.5046407580375671,0.0,87.5076675415039,1.1437262296676636,5.035758018493652,0.04403409090909091,0.0,0.0
R02622,0.034242596477270126,1.0,0.08790537714958191,2.5257177352905273,18.86488151550293,3.345940589904785,0.05952380952380952,0.253227561712265,5.50388765335083,75.32518005371094,0.020833333333333332,0.0,0.0
R02623,0.5163400769233704,2.6666667461395264,0.4286162555217743,0.8277291655540466,3.195350408554077,0.871892511844635,0.05803571428571429,13.972346305847168,2.0510313510894775,28.803955078125,0.02976190476190476,14.0,0.9898685216903687
R02624,0.7251240015029907,3.0,0.28939908742904663,0.39991113543510437,2.129479169845581,0.11601420491933823,0.026785714285714284,12.746573448181152,2.3892574310302734,30.874448776245117,0.03571428571428571,0.0,0.0
R02625,0.36013057827949524,2.0,0.2575622797012329,0.7190403938293457,4.017633438110352,1.913877248764038,0.07142857142857142,8.59600830078125,2.6153805255889893,20.977741241455078,0.041666666666666664,12.0,0.9951840043067932
R02626,0.36605679988861084,2.0,0.22471986711025238,0.6159480810165405,3.680487632751465,1.5145907402038574,0.05357142857142857,5.241905689239502,2.8060920238494873,32.45553970336914,0.03869047619047619,10.0,0.9856120347976685
R02627,0.6608618497848511,2.6666667461395264,0.2645178735256195,0.4005862772464752,3.1816234588623047,0.44810569286346436,0.017857142857142856,19.746315002441406,1.6909747123718262,27.190635681152344,0.017857142857142856,3.0,0.9872071146965027
R02628,0.6002928018569946,4.333333492279053,0.7515595555305481,1.2473177909851074,4.2047438621521,0.8811317682266235,0.041666666666666664,29.204195022583008,2.3737456798553467,15.972187995910645,0.05505952380952381,0.0,0.0
R02629,0.3356267511844635,2.0,0.20748166739940643,0.6280534267425537,3.7433888912200928,1.476908802986145,0.05803571428571429,6.916728973388672,2.8814799785614014,25.799942016601562,0.04017857142857143,3.0,0.9768195748329163
R02630,0.33156126737594604,2.0,0.20778676867485046,0.6271011233329773,4.602651596069336,3.177902936935425,0.046130952380952384,6.848723411560059,3.522745132446289,34.994503021240234,0.03273809523809524,8.0,0.9972072243690491
R02631,0.10403255373239517,1.3333333730697632,0.14187774062156677,1.3620448112487793,8.309488296508789,2.251765012741089,0.06845238095238096,1.4593827724456787,7.267381191253662,148.8957977294922,0.01636904761904762,0.0,0.0
R02632,0.4050060212612152,3.0,0.3429889678955078,0.8582098484039307,4.281022071838379,1.1916481256484985,0.046130952380952384,3.127786874771118,3.157027244567871,53.53400421142578,0.028273809523809524,6.0,0.985660195350647
R02633,2.0461840629577637,7.0,0.541601836681366,0.26468855142593384,1.4037810564041138,-1.2199511528015137,0.0,486.9915466308594,0.6508303880691528,3.34839129447937,0.033854166666666664,0.0,0.0
R02634,0.28065672516822815,2.0,0.23182345926761627,0.8272573947906494,6.392364978790283,2.3463587760925293,0.03869047619047619,5.9607253074646,4.635059356689453,45.51856231689453,0.026785714285714284,2.0,0.9917207956314087
R02635,0.48004502058029175,2.0,0.2445051521062851,0.49853184819221497,2.498234987258911,0.8861238360404968,0.052556818181818184,9.595681190490723,1.7705272436141968,9.17878532409668,0.06534090909090909,2.0,0.9736858606338501
R02636,0.8842509388923645,4.0,0.4585486054420471,0.5162382125854492,2.4927587509155273,0.1752879023551941,0.026785714285714284,105.81126403808594,1.1668895483016968,8.288960456848145,0.050595238095238096,7.0,0.9819754958152771
R02637,0.522490918636322,2.6666667461395264,0.3455156981945038,0.6588263511657715,3.012258529663086,1.1871293783187866,0.06398809523809523,15.844950675964355,1.8734339475631714,10.760698318481445,0.07589285714285714,0.0,0.0
R02638,0.2337382435798645,1.3333333730697632,0.15473882853984833,0.6638590097427368,3.314004421234131,0.7703008651733398,0.041666666666666664,0.5282883644104004,4.714763164520264,80.51946258544922,0.011904761904761904,5.0,0.9958034157752991
R02639,0.31934505701065063,1.6666666269302368,0.21831294894218445,0.6810184717178345,4.067889213562012,1.3928183317184448,0.05952380952380952,3.2464420795440674,2.5739941596984863,30.92472267150879,0.041666666666666664,1.0,0.9799767732620239
R02640,0.16509483754634857,2.3333332538604736,0.3865263760089874,2.313898801803589,11.039360046386719,2.511507511138916,0.0744047619047619,7.697292327880859,3.3497159481048584,32.144412994384766,0.043154761904761904,35.0,1.0000001192092896
R02641,0.4155457019805908,2.3333332538604736,0.3431273400783539,0.826357901096344,4.756260395050049,1.1577986478805542,0.04017857142857143,9.556268692016602,1.2677077054977417,8.579920768737793,0.025297619047619048,108.0,0.9991174936294556
R02642,0.38800081610679626,3.0,0.44891148805618286,1.1565104722976685,5.619623184204102,1.7761499881744385,0.08482142857142858,23.37312126159668,2.7293035984039307,31.826974868774414,0.05952380952380952,36.0,0.9913374185562134
R02643,0.1716919094324112,2.0,0.2559438645839691,1.4907073974609375,6.559980392456055,1.4937543869018555,0.07291666666666667,3.6603496074676514,3.614619493484497,37.86475372314453,0.026041666666666668,4.0,0.9792739748954773
R02644,0.2979413568973541,1.6666666269302368,0.20729485154151917,0.6962791681289673,4.640332221984863,1.1565709114074707,0.05113636363636364,0.8861963748931885,3.195239782333374,37.65386199951172,0.02130681818181818,210.0,0.9994434118270874
R02645,0.5549680590629578,3.0,0.3397086262702942,0.6121180653572083,3.581493616104126,1.723366618156433,0.05357142857142857,23.392927169799805,3.5518763065338135,31.31989860534668,0.02976190476190476,8.0,0.9895244240760803
R02646,0.6169092059135437,2.6666667461395264,0.19136400520801544,0.3094744384288788,2.225759744644165,1.0571433305740356,0.05654761904761905,26.40596580505371,0.7842665910720825,6.533334732055664,0.05357142857142857,15.0,0.9973256587982178
R02647,0.14918307960033417,2.0,0.2666465938091278,1.7700791358947754,12.094578742980957,3.489945411682129,0.05625,0.35814133286476135,3.6193172931671143,41.50649642944336,0.035,4.0,0.9841297268867493
R02648,0.2781151831150055,2.0,0.20995719730854034,0.7448952794075012,4.247711181640625,2.1797902584075928,0.06101190476190476,7.8953375816345215,3.2339253425598145,25.89133644104004,0.03869047619047619,47.0,0.9969897270202637
R02649,0.6386183500289917,3.0,0.3266295790672302,0.5123452544212341,2.7547202110290527,1.0349125862121582,0.06875,24.545991897583008,1.5883100032806396,20.15768051147461,0.045,0.0,0.0
R02650,0.4583672285079956,4.0,0.5449870824813843,1.1833844184875488,8.018342971801758,1.5750499963760376,0.047619047619047616,78.89244842529297,3.9780097007751465,41.0579833984375,0.03273809523809524,41.0,0.9928346276283264
R02651,0.36299487948417664,2.0,0.24788491427898407,0.6828916072845459,3.6875133514404297,1.2727237939834595,0.044642857142857144,5.767368316650391,2.3820440769195557,23.9686336517334,0.04017857142857143,0.0,0.0
R02652,0.34852173924446106,2.6666667461395264,0.33398330211639404,0.9437173008918762,5.5225114822387695,1.7642462253570557,0.07862903225806452,12.405784606933594,2.4170289039611816,14.117792129516602,0.07862903225806452,0.0,0.0
R02653,0.4917684495449066,2.3333332538604736,0.31321683526039124,0.6403664350509644,3.195169687271118,0.5381650328636169,0.03273809523809524,9.301931381225586,2.371638536453247,23.09164810180664,0.050595238095238096,1.0,0.9748539924621582
R02654,0.7332367300987244,3.6666667461395264,0.5075679421424866,0.6860859394073486,3.088874101638794,0.6617122888565063,0.043154761904761904,15.245560646057129,1.8546955585479736,20.177772521972656,0.028273809523809524,2.0,0.9880116581916809
R02655,0.4022999107837677,3.0,0.47685831785202026,1.1712909936904907,5.0388641357421875,1.452386736869812,0.05952380952380952,30.051040649414062,2.268256902694702,21.413597106933594,0.05357142857142857,0.0,0.0
R02656,0.6583531498908997,3.0,0.4914940297603607,0.7465496063232422,3.021561861038208,0.6832238435745239,0.01953125,15.745030403137207,1.4935510158538818,9.14257526397705,0.06770833333333333,3.0,0.9765082001686096
R02657,0.4054051637649536,2.3333332538604736,0.3002283573150635,0.7349380850791931,5.027341365814209,2.612701892852783,0.05505952380952381,5.308197498321533,2.239128828048706,32.596412658691406,0.023809523809523808,127.0,0.9977286458015442
R02658,0.23828409612178802,2.3333332538604736,0.32272130250930786,1.3710075616836548,6.473358154296875,2.0041489601135254,0.08482142857142858,5.343719005584717,3.5752761363983154,43.28518295288086,0.03571428571428571,22.0,0.9959078431129456
R02659,0.3227787911891937,2.3333332538604736,0.31125468015670776,0.9611760973930359,5.946946144104004,1.7159614562988281,0.050595238095238096,3.2584309577941895,3.4858205318450928,40.590415954589844,0.03422619047619048,4.0,0.9778403043746948
R02660,0.8394190669059753,3.6666667461395264,0.396746426820755,0.47491034865379333,2.473513603210449,1.0262436866760254,0.06696428571428571,51.75467300415039,1.706735610961914,9.467803001403809,0.06398809523809523,0.0,0.0
R02661,0.3192013204097748,2.6666667461395264,0.3658350110054016,1.1335254907608032,4.433865070343018,1.2861711978912354,0.06547619047619048,11.945271492004395,1.8195686340332031,8.826290130615234,0.09226190476190477,12.0,0.9933041930198669
R02662,0.6146157383918762,3.0,0.38720086216926575,0.6262505650520325,2.7703936100006104,0.9604262113571167,0.02976190476190476,27.513160705566406,1.827038049697876,9.804004669189453,0.06845238095238096,0.0,0.0
R02663,0.2624674439430237,1.3333333730697632,0.15313465893268585,0.5832600593566895,3.4108145236968994,1.287887454032898,0.050595238095238096,1.8710771799087524,2.416782855987549,29.470958709716797,0.026785714285714284,0.0,0.0
R02664,0.37356212735176086,2.0,0.24385125935077667,0.6466472148895264,5.004083156585693,2.9797112941741943,0.043154761904761904,3.706801652908325,1.5035938024520874,9.223630905151367,0.06101190476190476,102.0,0.9966526627540588
R02665,0.16700011491775513,1.6666666269302368,0.20781831443309784,1.2444127798080444,7.824143409729004,1.8299309015274048,0.06597222222222222,0.5953333377838135,4.360687732696533,71.61754608154297,0.029513888888888888,3.0,0.973959743976593
R02666,0.3851379156112671,1.6666666269302368,0.2010180652141571,0.5202363133430481,2.7152178287506104,0.8232868313789368,0.05357142857142857,4.9087653160095215,2.661160469055176,23.1174259185791,0.03869047619047619,1.0,0.9768972992897034
R02667,0.2857606112957001,2.0,0.26065295934677124,0.9086188673973083,4.965640068054199,2.4878578186035156,0.05357142857142857,5.987222671508789,2.8258872032165527,19.046106338500977,0.0625,24.0,0.9918026328086853
R02668,0.45176446437835693,2.6666667461395264,0.3543843626976013,0.7796787023544312,3.4140121936798096,1.1274272203445435,0.07,10.061553001403809,2.422315835952759,16.872825622558594,0.06875,0.0,0.0
R02669,0.5304257273674011,2.0,0.255507230758667,0.4854484498500824,2.562321662902832,0.6648753881454468,0.041666666666666664,6.230900287628174,1.7165077924728394,12.944314956665039,0.0625,0.0,0.0
R02670,0.9741511344909668,4.0,0.394079327583313,0.404535710811615,2.4660868644714355,-0.11273957043886185,0.020833333333333332,78.65484619140625,0.8862898349761963,5.234189033508301,0.048177083333333336,2.0,0.9760224223136902
R02671,0.4193653464317322,2.6666667461395264,0.3571244478225708,0.855009138584137,4.710363388061523,1.2828186750411987,0.06101190476190476,8.131071090698242,2.626025915145874,19.96283531188965,0.06101190476190476,12.0,0.9965159296989441
R02672,0.27213969826698303,2.0,0.24679739773273468,0.9069547057151794,6.062621116638184,2.5700953006744385,0.049107142857142856,9.227896690368652,7.336261749267578,108.30587005615234,0.011904761904761904,38.0,0.9989245533943176
R02673,0.25432372093200684,2.0,0.3386762738227844,1.3122526407241821,5.036290645599365,1.2066915035247803,0.06994047619047619,3.2292866706848145,2.4730288982391357,20.008750915527344,0.047619047619047616,16.0,0.9936676025390625
R02674,0.4519157111644745,2.6666667461395264,0.3524552881717682,0.779911994934082,3.4992730617523193,0.3881833851337433,0.020833333333333332,17.778776168823242,1.6801198720932007,16.066349029541016,0.061197916666666664,5.0,0.9898314476013184
R02675,0.3653201758861542,2.0,0.2806326746940613,0.7652928233146667,4.061245918273926,1.23727548122406,0.05803571428571429,8.03219223022461,2.4956247806549072,13.904977798461914,0.07142857142857142,31.0,0.993895411491394
R02676,0.27891138195991516,2.0,0.18833287060260773,0.6707172393798828,4.924664497375488,2.678753614425659,0.05539772727272727,7.689107894897461,3.582223415374756,39.60246658325195,0.03409090909090909,14.0,0.9941135048866272
R02677,0.35975441336631775,2.0,0.2646763324737549,0.7365819215774536,4.672680377960205,2.061614513397217,0.06114130434782609,8.660798072814941,3.674298048019409,43.41829299926758,0.02717391304347826,67.0,0.9978659152984619
R02678,0.37074777483940125,2.0,0.2700708508491516,0.7249581813812256,3.721531391143799,1.0512207746505737,0.047619047619047616,9.625646591186523,2.1652333736419678,19.594575881958008,0.050595238095238096,0.0,0.0
R02679,0.5710784196853638,4.0,0.4907688498497009,0.8578752875328064,5.297557353973389,1.3593041896820068,0.047619047619047616,54.525169372558594,2.8624119758605957,32.35785675048828,0.03720238095238095,0.0,0.0
R02680,0.32114630937576294,2.0,0.1998273730278015,0.6235429048538208,4.603414535522461,2.2452311515808105,0.05654761904761905,6.422952651977539,4.673572063446045,81.55110168457031,0.01636904761904762,8.0,0.9903568029403687
R02681,0.17771530151367188,1.3333333730697632,0.1442989557981491,0.8125905990600586,6.771490097045898,2.754518747329712,0.06398809523809523,1.9929344654083252,5.822145938873291,87.0535888671875,0.01488095238095238,0.0,0.0
R02682,0.45647111535072327,3.6666667461395264,0.570244312286377,1.22078275680542,4.1150593757629395,1.3580224514007568,0.10461956521739131,49.99879455566406,1.9702211618423462,7.976567268371582,0.08967391304347826,95.0,0.997945249080658
R02683,0.3079642355442047,2.6666667461395264,0.38450121879577637,1.248227834701538,11.74056339263916,4.076813697814941,0.028273809523809524,0.9318476915359497,6.331842422485352,95.98587799072266,0.019345238095238096,8.0,0.9859198927879333
R02684,0.4343825578689575,2.0,0.24262265861034393,0.5611708164215088,2.991307497024536,0.8652584552764893,0.03869047619047619,13.631757736206055,1.9647895097732544,17.369140625,0.043154761904761904,0.0,0.0
R02685,0.14058305323123932,1.0,0.11199028044939041,0.7904691696166992,3.306314706802368,0.6038726568222046,0.03720238095238095,0.4290088415145874,1.8816331624984741,17.52333641052246,0.03869047619047619,97.0,0.9996864199638367
R02686,0.38558852672576904,2.0,0.25477519631385803,0.6597935557365417,4.481410026550293,1.6105644702911377,0.0625,3.160647392272949,2.41654634475708,24.412717819213867,0.043154761904761904,1.0,0.9739438891410828
R02687,0.09681975096464157,1.6666666269302368,0.20686322450637817,2.1083226203918457,12.839365005493164,2.3198931217193604,0.07142857142857142,1.8396522998809814,4.910285949707031,70.93309020996094,0.025297619047619048,1.0,0.9712886214256287
R02688,0.4648117125034332,3.3333332538604736,0.44090065360069275,0.9489489793777466,6.612427234649658,2.9754745960235596,0.052083333333333336,14.54463005065918,4.436444282531738,69.87403106689453,0.028273809523809524,11.0,0.9940994381904602
R02689,0.20272953808307648,2.0,0.2531967759132385,1.2489326000213623,10.491528511047363,3.376107692718506,0.057291666666666664,11.887713432312012,5.541886329650879,85.3428726196289,0.015625,1538.0,0.9965305328369141
R02690,0.3410632312297821,2.0,0.21780502796173096,0.6367055177688599,3.9633686542510986,1.2045196294784546,0.04017857142857143,7.366363525390625,3.402218818664551,39.560508728027344,0.028273809523809524,27.0,0.9950902462005615
R02691,0.5767794847488403,2.6666667461395264,0.3140275478363037,0.5450405478477478,2.8430237770080566,1.0776299238204956,0.06547619047619048,16.029483795166016,2.256136894226074,14.8984375,0.06101190476190476,0.0,0.0
R02692,0.3866601288318634,2.3333332538604736,0.28249913454055786,0.7324339151382446,4.3042778968811035,2.2388789653778076,0.07589285714285714,12.905308723449707,3.04239559173584,45.7497673034668,0.020833333333333332,0.0,0.0
R02693,0.7204625606536865,3.0,0.34755900502204895,0.48125457763671875,2.8058502674102783,0.4611382484436035,0.03422619047619048,8.896416664123535,1.6054280996322632,18.814647674560547,0.046130952380952384,2.0,0.9778518676757812
R02694,0.15520519018173218,2.0,0.2589323818683624,1.6743800640106201,10.23858642578125,2.7665936946868896,0.06101190476190476,2.0754201412200928,4.116556644439697,66.62133026123047,0.028273809523809524,10.0,0.9977115988731384
R02695,0.2603769898414612,1.6666666269302368,0.16519391536712646,0.6449472308158875,3.4593703746795654,0.6150482892990112,0.03273809523809524,0.9171116948127747,4.163300037384033,68.94676971435547,0.020833333333333332,24.0,0.9969020485877991
R02696,0.5067342519760132,2.3333332538604736,0.2600513696670532,0.5137998461723328,2.8903250694274902,0.7857593894004822,0.047619047619047616,6.052267074584961,1.7320947647094727,18.630271911621094,0.050595238095238096,0.0,0.0
R02697,0.25095275044441223,1.6666666269302368,0.16513749957084656,0.6556978225708008,4.738373279571533,1.970824122428894,0.044642857142857144,2.8725507259368896,4.409367084503174,47.31428527832031,0.02976190476190476,27.0,0.9943832159042358
R02698,0.6270328164100647,3.6666667461395264,0.5174490213394165,0.822097897529602,3.5312485694885254,1.0498251914978027,0.06994047619047619,82.07328796386719,2.320056676864624,12.564186096191406,0.05952380952380952,7.0,0.9870185256004333
R02699,0.07104078680276871,2.0,0.21562187373638153,2.912471294403076,21.16672706604004,3.661008834838867,0.04891304347826087,7.6040849685668945,5.079046249389648,64.53868865966797,0.025815217391304348,0.0,0.0
R02700,0.5254997611045837,2.0,0.2460765689611435,0.4670678377151489,2.730931282043457,0.6885430812835693,0.047619047619047616,9.647459030151367,2.156367301940918,22.224380493164062,0.05357142857142857,0.0,0.0
R02701,0.35566043853759766,2.0,0.24124331772327423,0.6791930198669434,4.035202980041504,1.767018437385559,0.06385869565217392,6.133975982666016,3.175696611404419,36.348167419433594,0.029891304347826088,143.0,0.9971618056297302
R02702,1.8028579950332642,8.0,0.6329585909843445,0.3510860800743103,2.1630866527557373,0.4715869426727295,0.018229166666666668,155.7548370361328,1.06222665309906,12.15765380859375,0.032552083333333336,0.0,0.0
R02703,0.49711981415748596,3.0,0.3935723304748535,0.7998728156089783,5.85223913192749,3.162721872329712,0.046130952380952384,5.499739170074463,4.0827860832214355,34.96621322631836,0.03720238095238095,2.0,0.9875481724739075
R02704,0.30429762601852417,1.6666666269302368,0.23113901913166046,0.7563098073005676,3.5905749797821045,0.34206223487854004,0.025297619047619048,1.0955328941345215,1.947641372680664,25.28603744506836,0.03571428571428571,25.0,0.9957894682884216
R02705,0.37041738629341125,2.0,0.18833027780056,0.5052488446235657,2.570124864578247,0.6325098276138306,0.02976190476190476,5.564464569091797,1.8441717624664307,9.901422500610352,0.08482142857142858,4.0,0.9806127548217773
R02706,0.17094308137893677,2.0,0.3248082995414734,1.9000850915908813,7.801726341247559,2.1263744831085205,0.078125,7.397206783294678,2.531284809112549,12.376704216003418,0.0798611111111111,0.0,0.0
R02707,0.34914249181747437,3.0,0.32585814595222473,0.9282371401786804,4.901582717895508,1.1917424201965332,0.03869047619047619,18.009979248046875,2.7322449684143066,26.660730361938477,0.028273809523809524,10.0,0.9966272711753845
R02708,0.3543609380722046,2.3333332538604736,0.359190434217453,1.0069745779037476,5.153357982635498,1.7040154933929443,0.07142857142857142,15.351224899291992,4.08767032623291,49.71556091308594,0.020833333333333332,66.0,0.998523473739624
R02709,0.26216912269592285,2.0,0.2721090018749237,1.0367716550827026,6.687578201293945,2.2634568214416504,0.05803571428571429,5.885740756988525,4.709464073181152,64.48704528808594,0.023809523809523808,0.0,0.0
R02710,0.6745559573173523,2.6666667461395264,0.24019937217235565,0.35730868577957153,2.5702857971191406,0.7732565402984619,0.03125,13.310117721557617,1.2630670070648193,10.945417404174805,0.05357142857142857,3.0,0.9792094826698303
R02711,0.20146901905536652,2.0,0.2756088972091675,1.3679897785186768,8.665152549743652,2.2285544872283936,0.06380208333333333,3.514784097671509,4.47176456451416,68.11165618896484,0.03125,5.0,0.9829815626144409
R02712,0.5935319662094116,2.0,0.20887288451194763,0.351575642824173,2.499053716659546,0.7366169691085815,0.03125,9.748735427856445,1.6229289770126343,16.05730628967285,0.06101190476190476,0.0,0.0
R02713,0.13657337427139282,2.0,0.2904009521007538,2.092075824737549,13.756256103515625,2.723397970199585,0.05654761904761905,14.477571487426758,5.18498420715332,69.58841705322266,0.023809523809523808,22.0,0.9985570907592773
R02714,0.9497625827789307,4.0,0.4416100084781647,0.46496838331222534,1.9155672788619995,-0.29053017497062683,0.0,94.6304702758789,0.9641258120536804,4.2882890701293945,0.055989583333333336,0.0,0.0
R02715,0.5291388034820557,2.6666667461395264,0.2902936637401581,0.5494269728660583,3.3565127849578857,1.7316186428070068,0.05654761904761905,17.569828033447266,2.698603868484497,20.798370361328125,0.046130952380952384,0.0,0.0
R02716,0.5535394549369812,3.3333332538604736,0.37804439663887024,0.682956874370575,3.5978143215179443,1.4108110666275024,0.0771484375,3.401531457901001,2.638476610183716,44.6930046081543,0.0263671875,649.0,0.9981105923652649
R02717,0.4992060661315918,2.6666667461395264,0.2795928716659546,0.5588987469673157,2.5774521827697754,0.9731101989746094,0.06101190476190476,14.353596687316895,2.0172505378723145,14.601926803588867,0.0818452380952381,0.0,0.0
R02718,0.3644475042819977,1.6666666269302368,0.17072737216949463,0.4673592448234558,2.8238961696624756,1.3857083320617676,0.05803571428571429,1.8547158241271973,1.7164348363876343,31.97768211364746,0.026785714285714284,1.0,0.9832879304885864
R02719,0.15170586109161377,2.0,0.21346823871135712,1.4071100950241089,8.209534645080566,1.8246408700942993,0.0625,3.9915268421173096,2.5653605461120605,20.742952346801758,0.05078125,7.0,0.9896426200866699
R02720,0.4959046244621277,4.0,0.47838714718818665,0.9579156637191772,4.671581745147705,2.040942430496216,0.08779761904761904,26.159061431884766,3.08512282371521,18.4250545501709,0.05357142857142857,8.0,0.9908202886581421
R02721,0.10924183577299118,1.3333333730697632,0.17047744989395142,1.5705517530441284,13.570088386535645,3.256121873855591,0.04017857142857143,1.7100733518600464,8.179010391235352,142.97509765625,0.011904761904761904,6.0,1.0000001192092896
R02722,0.31874027848243713,2.0,0.22619621455669403,0.7183725833892822,4.164210319519043,1.266161561012268,0.050595238095238096,5.3289031982421875,3.4700429439544678,44.52363204956055,0.023809523809523808,3.0,0.9855203628540039
R02723,0.9328083395957947,3.3333332538604736,0.2688180208206177,0.2860643267631531,2.2166452407836914,0.20803216099739075,0.028273809523809524,32.40449905395508,0.7325054407119751,5.154961585998535,0.041666666666666664,1.0,0.9897892475128174
R02724,0.6698564291000366,3.6666667461395264,0.529170036315918,0.7907265424728394,3.5109670162200928,0.8558986783027649,0.046130952380952384,44.08638381958008,1.8583438396453857,10.419524192810059,0.07589285714285714,8.0,0.9835548400878906
R02725,0.3332316279411316,2.6666667461395264,0.3149885833263397,0.9452513456344604,4.818838596343994,1.3633652925491333,0.05078125,19.49048614501953,3.316119909286499,36.069114685058594,0.049479166666666664,0.0,0.0
R02726,0.3935437500476837,2.6666667461395264,0.3391055464744568,0.8671777248382568,6.560445785522461,2.006150484085083,0.05357142857142857,11.191192626953125,2.9389231204986572,32.5080680847168,0.028273809523809524,19.0,0.993567705154419
R02727,0.3946629762649536,2.3333332538604736,0.28752681612968445,0.7228125333786011,3.9353275299072266,1.7173854112625122,0.06696428571428571,8.813724517822266,2.444512367248535,28.024389266967773,0.0625,3.0,0.981318473815918
R02728,0.437056303024292,3.0,0.3457714021205902,0.7968573570251465,5.749443531036377,1.9205018281936646,0.05654761904761905,13.133611679077148,2.915639638900757,33.31540298461914,0.028273809523809524,9.0,0.994509756565094
R02729,0.3395237922668457,3.3333332538604736,0.5737166404724121,1.689763069152832,5.189734935760498,1.5163335800170898,0.11805555555555555,9.08279800415039,2.0680434703826904,13.347159385681152,0.05555555555555555,0.0,0.0
R02730,0.08241388201713562,1.3333333730697632,0.17739354074001312,2.125990629196167,12.82336711883545,2.888988494873047,0.06994047619047619,3.272179126739502,3.6332149505615234,28.452190399169922,0.046130952380952384,10.0,0.9948307275772095
R02731,0.13388581573963165,1.3333333730697632,0.1633894294500351,1.2085522413253784,7.818124294281006,2.114933729171753,0.049107142857142856,1.0818629264831543,6.304060935974121,92.18525695800781,0.013392857142857142,2.0,0.9868773221969604
R02732,0.2978696823120117,2.0,0.3119920492172241,1.04218327999115,6.9939961433410645,2.313896656036377,0.05952380952380952,3.764551877975464,3.8122596740722656,31.152772903442383,0.050595238095238096,17.0,0.9940819144248962
R02733,0.437662273645401,3.0,0.39759328961372375,0.908445417881012,4.32874059677124,1.7983331680297852,0.06901041666666667,19.753265380859375,2.9081780910491943,18.654273986816406,0.057291666666666664,3.0,0.9826140999794006
R02734,0.37378689646720886,3.0,0.42971310019493103,1.141465663909912,4.500738620758057,1.4417165517807007,0.08125,37.10379409790039,2.2251994609832764,10.791263580322266,0.07,0.0,0.0
R02735,0.24872134625911713,3.0,0.4436381757259369,1.7871466875076294,10.091952323913574,2.4863295555114746,0.05952380952380952,21.17168617248535,3.798999071121216,29.996183395385742,0.026785714285714284,20.0,0.9926965236663818
R02736,0.18561966717243195,2.0,0.23674680292606354,1.2754333019256592,7.297097206115723,1.8724113702774048,0.0654296875,13.85986042022705,3.9774162769317627,36.275482177734375,0.0380859375,47.0,0.9952373504638672
R02737,0.23504990339279175,1.6666666269302368,0.2066420614719391,0.8833304047584534,5.340576648712158,1.9157806634902954,0.0625,2.1070356369018555,3.0967977046966553,23.06619644165039,0.043154761904761904,46.0,0.9946740865707397
R02738,0.8055612444877625,3.3333332538604736,0.40581467747688293,0.5024631023406982,2.91845965385437,0.6516664028167725,0.03869047619047619,12.508028030395508,1.5808008909225464,13.319243431091309,0.05357142857142857,1.0,0.982370913028717
R02739,0.4315580129623413,2.0,0.23459948599338531,0.5505837202072144,2.718961477279663,0.3524385988712311,0.03422619047619048,3.5968892574310303,1.7423399686813354,14.60319995880127,0.04017857142857143,1.0,0.975685715675354
R02740,0.22729115188121796,3.0,0.38945478200912476,1.6915334463119507,7.508939743041992,1.837761640548706,0.08035714285714286,11.431922912597656,2.86651873588562,22.0224666595459,0.06398809523809523,1.0,0.9720191359519958
R02741,0.2491665482521057,1.6666666269302368,0.18712939321994781,0.7730160355567932,5.078930377960205,1.836234450340271,0.05875,3.8383781909942627,3.5696046352386475,58.9486083984375,0.025,1.0,0.976269543170929
R02742,0.5073837041854858,4.0,0.5439814925193787,1.065401554107666,5.703440189361572,2.317758321762085,0.07589285714285714,46.682498931884766,3.445176601409912,34.47532272338867,0.03869047619047619,8.0,0.9917482733726501
R02743,0.5939017534255981,3.0,0.43211179971694946,0.7293290495872498,3.4316909313201904,0.9750916361808777,0.050595238095238096,24.56296730041504,3.054635763168335,25.243961334228516,0.046130952380952384,15.0,0.9836677312850952
R02744,0.13874872028827667,1.3333333730697632,0.18882355093955994,1.3513801097869873,19.888654708862305,8.375035285949707,0.020833333333333332,0.5032164454460144,2.7212255001068115,25.556873321533203,0.03422619047619048,3.0,0.9908636212348938
R02745,0.3591820299625397,2.0,0.3150833547115326,0.8622745275497437,3.9473047256469727,0.723869800567627,0.03875,4.445173740386963,2.964756727218628,36.368438720703125,0.0425,31.0,0.9965580105781555
R02746,0.6220802664756775,3.3333332538604736,0.4101927876472473,0.6588714122772217,5.549713134765625,2.557335138320923,0.04017857142857143,34.338653564453125,2.5030181407928467,22.361961364746094,0.043154761904761904,11.0,0.9896279573440552
R02747,0.35177555680274963,2.0,0.22889406979084015,0.6523808836936951,4.498810291290283,1.7361249923706055,0.0575,2.675710439682007,2.907965660095215,26.15656852722168,0.03,0.0,0.0
R02748,0.2988277077674866,1.3333333730697632,0.11682908982038498,0.39145493507385254,2.888201951980591,1.436546802520752,0.052083333333333336,2.6913866996765137,2.7049999237060547,31.403385162353516,0.02976190476190476,49.0,0.9921257495880127
R02749,0.26240071654319763,2.0,0.2787640690803528,1.0615267753601074,6.69122838973999,1.884474754333496,0.043154761904761904,7.246230125427246,3.2730472087860107,37.48967361450195,0.028273809523809524,14.0,0.9924164414405823
R02750,0.25116655230522156,3.0,0.34393608570098877,1.3779469728469849,7.76632022857666,2.461428165435791,0.07291666666666667,22.590492248535156,3.7740962505340576,33.856407165527344,0.04017857142857143,0.0,0.0
R02751,0.3892691433429718,2.3333332538604736,0.34568095207214355,0.8882951736450195,4.156517505645752,1.4373548030853271,0.06547619047619048,8.187828063964844,2.8244967460632324,36.488121032714844,0.06994047619047619,0.0,0.0
R02752,0.5564519762992859,2.3333332538604736,0.34728169441223145,0.6249609589576721,2.613842010498047,0.05343814194202423,0.01488095238095238,9.204447746276855,2.35024094581604,19.113483428955078,0.05357142857142857,0.0,0.0
R02753,0.4473010003566742,2.6666667461395264,0.43463945388793945,0.9643609523773193,4.31329345703125,0.8952756524085999,0.025297619047619048,25.063270568847656,1.9285204410552979,17.189218521118164,0.05803571428571429,78.0,0.9996619820594788
R02754,0.20377029478549957,2.0,0.31511300802230835,1.5697546005249023,7.733419895172119,2.093811273574829,0.07589285714285714,1.9700695276260376,3.966827630996704,82.07969665527344,0.022321428571428572,0.0,0.0
R02755,0.5572527050971985,3.3333332538604736,0.41906264424324036,0.7470833659172058,3.8132946491241455,1.2471964359283447,0.05357142857142857,30.441022872924805,2.2725088596343994,15.743240356445312,0.05505952380952381,0.0,0.0
R02756,0.33475935459136963,2.0,0.23982182145118713,0.7158172130584717,4.489812850952148,1.7523444890975952,0.052083333333333336,11.876749992370605,3.34788179397583,34.371219635009766,0.03720238095238095,0.0,0.0
R02757,0.1345161497592926,1.6666666269302368,0.17483869194984436,1.3361397981643677,9.03024959564209,3.746337413787842,0.03333333333333333,2.4974725246429443,2.9097816944122314,21.90250587463379,0.06458333333333334,13.0,0.9955488443374634
R02758,0.3080689311027527,2.3333332538604736,0.29558226466178894,0.9592695236206055,7.399241924285889,3.011183977127075,0.04017857142857143,12.85656452178955,5.593054294586182,74.7681884765625,0.019345238095238096,3.0,0.993207573890686
R02759,0.6163862943649292,3.0,0.445779025554657,0.7176913619041443,3.5149989128112793,0.7845976948738098,0.025297619047619048,51.93529510498047,2.0682523250579834,10.213926315307617,0.06994047619047619,17.0,0.9921309351921082
R02760,0.4849775731563568,3.0,0.2600518763065338,0.532439112663269,2.7105844020843506,0.45109882950782776,0.0325,81.47891235351562,3.526792526245117,31.598369598388672,0.0225,3.0,0.9876019358634949
R02761,0.7765393853187561,3.6666667461395264,0.3933418095111847,0.5027645230293274,2.960801124572754,0.5695208311080933,0.03422619047619048,20.48647689819336,2.2272770404815674,19.327035903930664,0.03869047619047619,0.0,0.0
R02762,0.48351871967315674,2.6666667461395264,0.31923767924308777,0.6596287488937378,5.384253978729248,1.872748851776123,0.043154761904761904,12.026948928833008,2.8009395599365234,26.426490783691406,0.041666666666666664,4.0,0.9794790744781494
R02763,0.9116777777671814,3.0,0.20805369317531586,0.2282581478357315,2.0506560802459717,-0.15096861124038696,0.01375,50.672454833984375,0.9256327152252197,8.492563247680664,0.045,0.0,0.0
R02764,0.3091354966163635,2.6666667461395264,0.34000182151794434,1.099843978881836,6.430675029754639,1.6609870195388794,0.044270833333333336,14.60450267791748,2.0546770095825195,14.892389297485352,0.041666666666666664,51.0,0.9909025430679321
R02765,0.26982927322387695,2.3333332538604736,0.2783244550228119,1.0307674407958984,6.1736626625061035,2.1835873126983643,0.059895833333333336,13.635241508483887,3.1987617015838623,30.285884857177734,0.040364583333333336,7.0,0.9975551962852478
R02766,0.26139035820961,1.6666666269302368,0.21356387436389923,0.8154587745666504,4.80150842666626,2.007204532623291,0.06101190476190476,1.6556059122085571,3.077507495880127,28.30694580078125,0.046130952380952384,50.0,0.9953629374504089
R02767,0.4272766709327698,2.3333332538604736,0.26831191778182983,0.6301257014274597,4.4011101722717285,3.099468231201172,0.052083333333333336,13.687077522277832,3.1251912117004395,23.009363174438477,0.047619047619047616,8.0,0.9874122738838196
R02768,0.47858527302742004,2.0,0.19866813719272614,0.4157848656177521,3.0793404579162598,1.1827560663223267,0.04017857142857143,6.528557777404785,3.2163307666778564,45.82575607299805,0.023809523809523808,0.0,0.0
R02769,0.1187274307012558,1.0,0.12528100609779358,1.0512393712997437,9.25965690612793,3.5537619590759277,0.03720238095238095,1.9619293212890625,7.191197395324707,125.16461181640625,0.011904761904761904,16.0,0.9955925941467285
R02770,0.36275234818458557,2.0,0.22298219799995422,0.6127602458000183,3.534322738647461,1.8843486309051514,0.0625,3.472761869430542,2.8425753116607666,23.109376907348633,0.043154761904761904,1.0,0.9751712679862976
R02771,0.1354152411222458,1.3333333730697632,0.1308177411556244,0.9642689824104309,7.284707546234131,2.2739367485046387,0.0744047619047619,0.9903217554092407,5.087627410888672,99.90402221679688,0.020833333333333332,2.0,0.987267017364502
R02772,0.5033566951751709,2.0,0.23834624886512756,0.47614985704421997,2.464639186859131,0.03107472136616707,0.0234375,11.159339904785156,1.3871523141860962,11.798822402954102,0.04296875,8.0,0.9797572493553162
R02773,0.28143587708473206,3.0,0.41745713353157043,1.4794098138809204,6.517841815948486,1.5605837106704712,0.07886904761904762,13.308201789855957,3.405867338180542,49.05374526977539,0.02976190476190476,1.0,0.976955771446228
R02774,0.2700636684894562,2.0,0.23920978605747223,0.8835931420326233,5.152321815490723,2.790515184402466,0.07142857142857142,4.633454322814941,2.7972519397735596,16.769611358642578,0.06101190476190476,22.0,0.9985789060592651
R02775,0.42472100257873535,2.3333332538604736,0.2744252383708954,0.6453894376754761,4.3881635665893555,2.0414230823516846,0.0625,5.82533597946167,3.173034191131592,38.84454345703125,0.043154761904761904,1.0,0.9912786483764648
R02776,0.7018608450889587,3.0,0.29729321599006653,0.42916369438171387,2.3876240253448486,0.36458390951156616,0.011594202898550725,36.84830093383789,1.4026377201080322,14.867045402526855,0.020289855072463767,0.0,0.0
R02777,0.26749858260154724,1.6666666269302368,0.16149790585041046,0.6010817885398865,4.978305816650391,2.046684741973877,0.044642857142857144,3.078883647918701,4.537899494171143,62.026153564453125,0.025297619047619048,2.0,0.9811565279960632
R02778,0.5667312145233154,3.3333332538604736,0.4202622175216675,0.7415534853935242,4.204477310180664,1.417776346206665,0.0693359375,8.731704711914062,2.563372850418091,40.1670036315918,0.0419921875,1871.0,0.9984062314033508
R02779,0.2619307041168213,1.6666666269302368,0.16040758788585663,0.6163548827171326,3.798652172088623,0.8452360033988953,0.03720238095238095,0.9353043437004089,4.479330062866211,77.56024169921875,0.020833333333333332,2.0,0.9784716367721558
R02780,0.5357638597488403,4.0,0.48950883746147156,0.9136636257171631,5.573953628540039,1.9199604988098145,0.0798611111111111,10.518661499023438,3.041755199432373,26.39158821105957,0.036458333333333336,7.0,0.9784148335456848
R02781,0.43991634249687195,2.3333332538604736,0.26866796612739563,0.6115946173667908,3.6887688636779785,0.8705634474754333,0.03571428571428571,4.555100917816162,3.7931911945343018,64.71351623535156,0.025297619047619048,6.0,0.9925484657287598
R02782,0.9520493149757385,5.0,0.7032545804977417,0.7386738061904907,3.169215679168701,0.8283386826515198,0.020833333333333332,40.76689529418945,1.511244773864746,5.972348690032959,0.08723958333333333,1.0,0.97658371925354
R02783,0.4466933608055115,2.6666667461395264,0.3413837254047394,0.7601923942565918,3.677260160446167,1.2408303022384644,0.05505952380952381,15.209303855895996,2.383194923400879,14.960094451904297,0.052083333333333336,0.0,0.0
R02784,0.127053365111351,1.3333333730697632,0.16913332045078278,1.3587582111358643,6.485499858856201,2.076550245285034,0.06547619047619048,0.6336527466773987,4.721017360687256,97.59192657470703,0.019345238095238096,6.0,0.9967902898788452
R02785,0.3627987504005432,2.0,0.24141617119312286,0.6627211570739746,4.7950592041015625,1.806511640548706,0.05654761904761905,4.275082111358643,2.906233072280884,32.971866607666016,0.03571428571428571,1.0,0.9702224135398865
R02786,0.2288016974925995,1.6666666269302368,0.1887439638376236,0.8314827084541321,4.7150983810424805,1.6138277053833008,0.07,1.9955177307128906,3.8986406326293945,62.50736999511719,0.0275,0.0,0.0
R02787,0.15484732389450073,1.3333333730697632,0.1813206523656845,1.1709564924240112,7.639364242553711,1.6443696022033691,0.050347222222222224,2.658057689666748,3.026109457015991,51.17087173461914,0.04513888888888889,25.0,0.9993357062339783
R02788,0.4147469699382782,2.3333332538604736,0.2540891170501709,0.61263507604599,5.341001987457275,2.16302752494812,0.0478515625,3.313541889190674,3.5151591300964355,58.58484649658203,0.0224609375,1.0,0.9848741292953491
R02789,0.37809714674949646,2.0,0.2100277841091156,0.5602487325668335,4.013403415679932,0.6436079144477844,0.036931818181818184,3.0292787551879883,2.008406400680542,12.010202407836914,0.061079545454545456,1.0,0.9801182150840759
R02790,0.30294474959373474,2.6666667461395264,0.3384498357772827,1.106452226638794,5.7838454246521,2.038374423980713,0.07886904761904762,5.024109840393066,3.8510046005249023,41.9304084777832,0.03869047619047619,3.0,0.980170726776123
R02791,0.20420554280281067,3.0,0.4981735944747925,2.400268793106079,11.466601371765137,2.565030336380005,0.0744047619047619,21.31742286682129,3.4335520267486572,31.71230125427246,0.043154761904761904,10.0,0.9932476282119751
R02792,0.11552168428897858,1.3333333730697632,0.16729529201984406,1.492765188217163,8.673139572143555,2.6593379974365234,0.06398809523809523,1.887772560119629,3.3928606510162354,35.548213958740234,0.049107142857142856,21.0,0.9985401034355164
R02793,0.3954015076160431,2.3333332538604736,0.3162458539009094,0.7998074889183044,4.746943473815918,1.386199712753296,0.046875,5.435129642486572,2.9827942848205566,30.118694305419922,0.03125,11.0,0.9915899038314819
R02794,0.40061837434768677,2.3333332538604736,0.33813968300819397,0.8423829674720764,4.9629926681518555,0.9754503965377808,0.05375,16.176250457763672,2.7567548751831055,31.964189529418945,0.03625,0.0,0.0
R02795,0.42499324679374695,2.0,0.25366678833961487,0.5964103937149048,4.070899963378906,1.8362364768981934,0.05952380952380952,3.250394582748413,2.8408706188201904,25.659133911132812,0.043154761904761904,2.0,0.9932401180267334
R02796,0.31303930282592773,1.6666666269302368,0.21650026738643646,0.6958240270614624,3.3750805854797363,0.31579098105430603,0.02976190476190476,2.022984743118286,2.231078863143921,16.739683151245117,0.044642857142857144,23.0,0.9932482838630676
R02797,0.4334821105003357,3.0,0.3897469639778137,0.8992002606391907,4.580481052398682,1.535346508026123,0.06845238095238096,18.165512084960938,2.9001259803771973,33.62010955810547,0.046130952380952384,22.0,0.9911076426506042
R02798,0.5628088712692261,3.0,0.2760990858078003,0.4890352189540863,2.477532148361206,0.5631431341171265,0.044642857142857144,20.636173248291016,1.6603084802627563,15.616647720336914,0.05505952380952381,0.0,0.0
R02799,0.30976879596710205,2.0,0.24327315390110016,0.784900426864624,4.424769401550293,1.341373085975647,0.047619047619047616,4.660076141357422,4.486075401306152,63.65357971191406,0.017857142857142856,5.0,0.9834297895431519
R02800,0.6169626712799072,4.666666507720947,0.7566357254981995,1.2134857177734375,4.044456481933594,1.271331548690796,0.06845238095238096,79.17862701416016,1.891531229019165,7.044140338897705,0.09672619047619048,0.0,0.0
R02801,0.9294593334197998,3.6666667461395264,0.4214993417263031,0.4537999629974365,2.248241901397705,0.527506411075592,0.025297619047619048,54.3024787902832,1.401102066040039,8.826502799987793,0.07142857142857142,0.0,0.0
R02802,0.22176215052604675,3.0,0.4292701184749603,1.9072320461273193,10.478281021118164,2.823795795440674,0.0744047619047619,37.69321823120117,3.6380984783172607,36.00191116333008,0.05357142857142857,40.0,0.9918662905693054
R02803,0.48985394835472107,2.6666667461395264,0.3327980637550354,0.6889325976371765,3.420553207397461,1.4976166486740112,0.06994047619047619,18.627737045288086,2.6156461238861084,18.513343811035156,0.05952380952380952,3.0,0.9911000728607178
R02804,0.21208423376083374,2.3333332538604736,0.3391280770301819,1.5832632780075073,7.396555423736572,2.2107198238372803,0.07142857142857142,8.034953117370605,2.967939615249634,24.909343719482422,0.06398809523809523,13.0,0.9914342761039734
R02805,0.8046871423721313,4.0,0.5698626041412354,0.7074636816978455,2.760155200958252,0.47766199707984924,0.025297619047619048,104.86924743652344,1.5191161632537842,12.953863143920898,0.05952380952380952,0.0,0.0
R02806,0.4700535833835602,2.0,0.22799602150917053,0.4879799783229828,3.588068723678589,1.6929941177368164,0.03125,8.342597961425781,1.8067829608917236,18.109745025634766,0.046130952380952384,0.0,0.0
R02807,0.5802913308143616,2.6666667461395264,0.3123703896999359,0.5393916368484497,2.931910753250122,1.1521817445755005,0.05803571428571429,14.783350944519043,2.2787089347839355,15.043173789978027,0.06547619047619048,0.0,0.0
R02808,0.09927918016910553,1.3333333730697632,0.1638692021369934,1.6791927814483643,11.047711372375488,3.9469246864318848,0.04375,1.0287432670593262,4.179272651672363,32.07597732543945,0.03333333333333333,15.0,0.9834436178207397
R02809,0.5810422301292419,3.0,0.38552817702293396,0.6646652221679688,3.2567033767700195,0.9422094821929932,0.049107142857142856,24.807296752929688,2.144007444381714,15.460247993469238,0.05505952380952381,0.0,0.0
R02810,0.5338603258132935,3.0,0.3599660098552704,0.6703405380249023,3.3795406818389893,1.1315845251083374,0.05505952380952381,24.868240356445312,1.7617084980010986,12.748659133911133,0.06101190476190476,3.0,0.9968919157981873
R02811,0.3299708664417267,2.0,0.2368467003107071,0.7163351774215698,4.589865684509277,1.875020146369934,0.052083333333333336,1.7075812816619873,4.340994834899902,57.33155059814453,0.022321428571428572,8.0,0.9914373159408569
R02812,0.2452363520860672,2.0,0.2502962648868561,1.0279157161712646,6.688249588012695,1.9082831144332886,0.05505952380952381,16.892051696777344,3.245893716812134,31.512020111083984,0.044642857142857144,18.0,0.9990636706352234
R02813,0.084595687687397,1.3333333730697632,0.19896037876605988,2.3244376182556152,11.876872062683105,2.103741407394409,0.10714285714285714,9.416675567626953,4.868117332458496,46.450355529785156,0.025297619047619048,5.0,0.9923216700553894
R02814,0.4996635615825653,3.3333332538604736,0.3950600326061249,0.7906506657600403,4.489992141723633,1.1138311624526978,0.0390625,10.322371482849121,2.2834999561309814,19.78749656677246,0.033854166666666664,18.0,0.9951828718185425
R02815,0.13013242185115814,1.6666666269302368,0.22103771567344666,1.6972287893295288,10.735344886779785,2.6086463928222656,0.06414473684210527,4.473211765289307,4.9877119064331055,53.558929443359375,0.024671052631578948,22.0,0.9919512867927551
R02816,0.6385239362716675,2.6666667461395264,0.28232541680336,0.4425118863582611,3.351606607437134,0.3431876301765442,0.023809523809523808,17.468191146850586,1.8114217519760132,36.74538040161133,0.01488095238095238,1.0,0.9704038500785828
R02817,0.47043895721435547,3.0,0.44324302673339844,0.9421882629394531,4.119868755340576,0.33820703625679016,0.0224609375,33.41179656982422,1.709633708000183,14.662172317504883,0.0439453125,5.0,0.9959510564804077
R02818,0.5092291235923767,2.3333332538604736,0.2546052932739258,0.5024194121360779,3.363391637802124,1.3681786060333252,0.047619047619047616,12.758805274963379,3.3438174724578857,29.775331497192383,0.026785714285714284,6.0,0.994186520576477
R02819,0.38465818762779236,3.0,0.38381850719451904,0.9889981746673584,6.313501358032227,2.026714324951172,0.06101190476190476,25.610557556152344,5.168638229370117,72.86198425292969,0.017857142857142856,194.0,0.9966713786125183
R02820,0.5059279799461365,2.6666667461395264,0.3095567524433136,0.6114334464073181,3.1897523403167725,1.5438082218170166,0.07142857142857142,13.694999694824219,2.1911838054656982,13.869128227233887,0.06696428571428571,0.0,0.0
R02821,0.293522447347641,2.0,0.21305400133132935,0.7253890633583069,4.11846923828125,1.9553275108337402,0.06398809523809523,5.052916049957275,2.9507029056549072,30.82501220703125,0.03571428571428571,1.0,0.9723572731018066
R02822,1.1591030359268188,4.0,0.362224817276001,0.31089213490486145,2.499699354171753,0.006354287266731262,0.017857142857142856,67.49452209472656,0.769033670425415,5.181358814239502,0.03720238095238095,1.0,0.9726943969726562
R02823,0.6137194633483887,3.0,0.4106209874153137,0.6628091931343079,2.937755823135376,0.16063867509365082,0.019345238095238096,15.732050895690918,1.7626967430114746,21.39445686340332,0.026785714285714284,1.0,0.9784098863601685
R02824,0.12034418433904648,2.0,0.2705715000629425,2.2231287956237793,15.266705513000488,3.472832441329956,0.06101190476190476,2.2287566661834717,5.09043550491333,74.48436737060547,0.03125,1.0,0.9723677039146423
R02825,0.11651484668254852,1.0,0.14827923476696014,1.272610068321228,7.928776741027832,1.8537167310714722,0.0595703125,1.2060575485229492,3.74297833442688,50.0352668762207,0.0302734375,0.0,0.0
R02826,0.12844276428222656,1.6666666269302368,0.17807967960834503,1.43195641040802,8.02277660369873,2.441556215286255,0.07142857142857142,1.4707437753677368,4.040127277374268,74.70367431640625,0.02976190476190476,23.0,0.9975254535675049
R02827,0.3665013909339905,2.0,0.2056368589401245,0.5592288374900818,3.5666842460632324,1.46023690700531,0.07125,4.403202056884766,2.5765717029571533,22.63825225830078,0.04875,1.0,0.9764057397842407
R02828,0.3315899074077606,2.0,0.24541449546813965,0.7424646615982056,3.5354838371276855,1.0788301229476929,0.05505952380952381,2.5200464725494385,3.63042950630188,39.22792434692383,0.046130952380952384,0.0,0.0
R02829,0.5264483690261841,3.0,0.40910273790359497,0.7763891816139221,3.4502382278442383,1.086703896522522,0.041666666666666664,24.576129913330078,2.1317973136901855,12.162020683288574,0.06597222222222222,3.0,0.9786997437477112
R02830,0.38816922903060913,2.0,0.2897491157054901,0.7441384196281433,5.042799949645996,1.4673398733139038,0.06101190476190476,7.363513946533203,2.5594778060913086,14.2935209274292,0.07142857142857142,23.0,0.9926807284355164
R02831,0.22385703027248383,2.3333332538604736,0.3390328586101532,1.514499306678772,8.191168785095215,2.5914576053619385,0.07161458333333333,31.977792739868164,3.8396949768066406,27.843093872070312,0.040364583333333336,18.0,0.9999117255210876
R02832,0.5692949891090393,2.3333332538604736,0.21438352763652802,0.3798524737358093,2.413780450820923,1.3195852041244507,0.06696428571428571,4.636966705322266,2.3159945011138916,24.296403884887695,0.03125,0.0,0.0
R02833,0.5325912833213806,2.6666667461395264,0.31380653381347656,0.5881258845329285,3.1364235877990723,1.5245375633239746,0.05952380952380952,23.334033966064453,3.940091609954834,33.90850067138672,0.03125,5.0,0.9791852831840515
R02834,0.42176496982574463,2.0,0.21617119014263153,0.5106275677680969,3.118000030517578,1.453995704650879,0.05625,5.353010177612305,2.9248850345611572,30.69598388671875,0.03625,0.0,0.0
R02835,0.3314150273799896,3.0,0.36740291118621826,1.1057548522949219,6.125112056732178,1.6574501991271973,0.06547619047619048,16.469907760620117,2.703714609146118,18.251628875732422,0.05357142857142857,2.0,0.9861454963684082
R02836,0.5403332114219666,3.6666667461395264,0.39417392015457153,0.7295001745223999,4.550858020782471,1.7931650876998901,0.057291666666666664,71.97714233398438,2.7266597747802734,34.239288330078125,0.04296875,5.0,0.9878674745559692
R02837,0.6559187173843384,2.6666667461395264,0.32621270418167114,0.4967600107192993,2.8245348930358887,0.1796102672815323,0.020833333333333332,7.501576900482178,1.6081587076187134,16.167882919311523,0.050595238095238096,2.0,0.9821216464042664
R02838,0.4436851739883423,2.0,0.2731786370277405,0.6102680563926697,3.115316152572632,0.8779957294464111,0.051682692307692304,12.56344985961914,1.9209630489349365,20.594921112060547,0.046875,5.0,0.9825584888458252
R02839,0.27825403213500977,1.6666666269302368,0.1749558299779892,0.6321946382522583,3.202939987182617,0.5553304553031921,0.028273809523809524,0.9343360662460327,4.524441242218018,80.15420532226562,0.020833333333333332,7.0,0.9954134821891785
R02840,0.29681387543678284,1.6666666269302368,0.18308770656585693,0.6148783564567566,3.6458992958068848,1.2244508266448975,0.05803571428571429,2.346036195755005,2.0292351245880127,19.206398010253906,0.050595238095238096,1.0,0.9761757254600525
R02841,0.5112786889076233,2.3333332538604736,0.27425703406333923,0.5365194082260132,2.758639335632324,1.1081372499465942,0.052083333333333336,12.340493202209473,2.3651092052459717,16.11111068725586,0.06398809523809523,0.0,0.0
R02842,0.284271240234375,1.6666666269302368,0.19486097991466522,0.6854730844497681,3.707841157913208,0.9994952082633972,0.045572916666666664,2.129199981689453,2.8995304107666016,28.932832717895508,0.044270833333333336,4.0,0.9810661673545837
R02843,0.3933331072330475,2.0,0.20916709303855896,0.5345271229743958,3.9929730892181396,1.5127432346343994,0.044642857142857144,11.874845504760742,2.5959014892578125,38.34226989746094,0.03125,50.0,0.9927804470062256
R02844,0.48874223232269287,2.6666667461395264,0.39229616522789,0.7897807359695435,3.3160552978515625,0.9396267533302307,0.046370967741935484,16.932846069335938,1.9966232776641846,13.990921020507812,0.04536290322580645,41.0,0.9923129677772522
R02845,0.49780187010765076,2.3333332538604736,0.2338344007730484,0.47655966877937317,3.402010679244995,1.9290815591812134,0.05505952380952381,4.380584239959717,0.6698469519615173,5.040139198303223,0.05654761904761905,18.0,0.9962196350097656
R02846,0.3237730860710144,2.3333332538604736,0.2965002655982971,0.9194217920303345,5.15910530090332,1.3331527709960938,0.05505952380952381,17.124704360961914,3.2092180252075195,33.23626708984375,0.041666666666666664,7.0,0.991854727268219
R02847,0.34737837314605713,2.3333332538604736,0.33873337507247925,0.9711589217185974,5.373815536499023,1.9355288743972778,0.05875,10.711260795593262,3.0913047790527344,30.702964782714844,0.03875,67.0,0.9947125911712646
R02848,0.12099987268447876,1.3333333730697632,0.17116722464561462,1.416990041732788,7.623561382293701,2.272571563720703,0.0744047619047619,1.0105563402175903,4.994816780090332,83.31790924072266,0.025297619047619048,3.0,0.9786239862442017
R02849,0.2547025978565216,1.6666666269302368,0.16527776420116425,0.6470735669136047,4.650416374206543,2.0366897583007812,0.044642857142857144,3.078495979309082,4.363470077514648,37.583091735839844,0.02976190476190476,28.0,0.995923638343811
R02850,0.3355925381183624,3.0,0.4153101444244385,1.2357605695724487,5.549059867858887,1.1080946922302246,0.05803571428571429,19.424211502075195,2.457059860229492,20.51572608947754,0.06101190476190476,17.0,1.0000001192092896
R02851,0.18914000689983368,1.3333333730697632,0.18692438304424286,0.9826874136924744,4.514430999755859,1.0510673522949219,0.06547619047619048,0.9060852527618408,2.481858491897583,28.097450256347656,0.049107142857142856,2.0,0.9733096361160278
R02852,0.574745237827301,3.3333332538604736,0.41300347447395325,0.7215094566345215,5.020297527313232,2.3590002059936523,0.043154761904761904,28.355228424072266,2.4832262992858887,19.965965270996094,0.049107142857142856,19.0,0.9955047965049744
R02853,0.3448946177959442,1.6666666269302368,0.16582250595092773,0.4823710322380066,3.640934944152832,1.7344355583190918,0.044407894736842105,1.9440195560455322,2.776179790496826,44.33134841918945,0.029605263157894735,10.0,0.9961752891540527
R02854,0.835649311542511,3.0,0.19420944154262543,0.2324051558971405,1.7147634029388428,-0.669729471206665,0.010416666666666666,85.7465591430664,0.6021387577056885,3.0565896034240723,0.03515625,0.0,0.0
R02855,0.5188825130462646,2.6666667461395264,0.3119060695171356,0.6037606596946716,3.3144044876098633,1.5283108949661255,0.06101190476190476,25.284639358520508,3.9012389183044434,32.50482940673828,0.03273809523809524,5.0,0.9840335249900818
R02856,0.5568808317184448,3.0,0.37371206283569336,0.6710562705993652,3.4451708793640137,0.9344991445541382,0.047619047619047616,30.003990173339844,2.0637991428375244,16.44256019592285,0.046130952380952384,0.0,0.0
R02857,0.32363632321357727,2.0,0.3061717748641968,0.9460333585739136,3.8734114170074463,1.1005580425262451,0.06510416666666667,12.708344459533691,1.8483307361602783,16.674518585205078,0.055989583333333336,4.0,0.9787077307701111
R02858,0.1379898637533188,1.3333333730697632,0.19088071584701538,1.3835670948028564,8.774919509887695,2.4957399368286133,0.05654761904761905,2.9628307819366455,3.958437442779541,59.51823425292969,0.03869047619047619,2.0,0.9781121611595154
R02859,0.24023106694221497,1.3333333730697632,0.12696698307991028,0.5256827473640442,3.30604887008667,0.9582741856575012,0.049107142857142856,0.27835333347320557,2.2642502784729004,27.58005714416504,0.023809523809523808,105.0,0.9968467950820923
R02860,0.6014963984489441,4.0,0.36638087034225464,0.6091146469116211,2.7600388526916504,0.9691275954246521,0.06380208333333333,35.524497985839844,1.6387637853622437,9.214858055114746,0.057291666666666664,2.0,0.9708064198493958
R02861,0.3438902497291565,2.3333332538604736,0.31479352712631226,0.9129570126533508,5.87021541595459,2.9243974685668945,0.050595238095238096,3.670863151550293,2.7801132202148438,26.09357452392578,0.044642857142857144,2.0,0.9875123500823975
R02862,0.31256774067878723,1.6666666269302368,0.15303625166416168,0.4913955330848694,2.9757959842681885,0.9320857524871826,0.03869047619047619,2.1760427951812744,2.1438305377960205,25.689830780029297,0.03273809523809524,23.0,0.9864364862442017
R02863,0.3505077064037323,1.6666666269302368,0.16623219847679138,0.47435450553894043,2.772751808166504,0.5817950963973999,0.03720238095238095,3.7435977458953857,2.7891547679901123,48.74168014526367,0.008928571428571428,1.0,0.9845797419548035
R02864,0.34348899126052856,2.6666667461395264,0.32458752393722534,0.934330940246582,5.860106945037842,2.4157755374908447,0.047619047619047616,14.931187629699707,4.794958591461182,46.647613525390625,0.023809523809523808,2.0,0.9705879092216492
R02865,0.4821234941482544,2.3333332538604736,0.22958996891975403,0.47639143466949463,2.751086473464966,0.8835744857788086,0.046130952380952384,9.273137092590332,2.0922183990478516,14.226344108581543,0.07142857142857142,0.0,0.0
R02866,0.4621918499469757,2.6666667461395264,0.3292916417121887,0.7190714478492737,3.176731586456299,0.8461781740188599,0.06845238095238096,27.61726951599121,2.147092342376709,11.74116039276123,0.08482142857142858,2.0,0.9802566766738892
R02867,0.09687995910644531,1.0,0.11175050586462021,1.1534826755523682,9.142582893371582,2.2471892833709717,0.048828125,1.939314603805542,6.842945575714111,122.10031127929688,0.017578125,2.0,0.9776659607887268
R02868,1.3704030513763428,5.666666507720947,0.44579342007637024,0.32482242584228516,1.6743040084838867,-0.19839511811733246,0.001488095238095238,622.022705078125,0.949707567691803,4.6451029777526855,0.05654761904761905,0.0,0.0
R02869,0.13268239796161652,1.0,0.10080824047327042,0.7753840684890747,5.513367176055908,2.1520652770996094,0.0625,0.7771906852722168,4.1496124267578125,46.19638442993164,0.019345238095238096,33.0,0.9958124756813049
R02870,0.7786773443222046,3.0,0.24464602768421173,0.314146488904953,2.728264331817627,1.5896337032318115,0.06101190476190476,33.80552291870117,1.032814860343933,9.818024635314941,0.049107142857142856,5.0,0.9789876937866211
R02871,0.21683599054813385,1.6666666269302368,0.19022062420845032,0.8681247234344482,6.561916828155518,2.1568844318389893,0.052083333333333336,3.4997141361236572,4.452144145965576,61.542972564697266,0.026785714285714284,5.0,0.9809110164642334
R02872,0.39053425192832947,2.0,0.2646392285823822,0.6764127016067505,3.3106272220611572,1.0538277626037598,0.06398809523809523,9.552391052246094,2.051884412765503,13.286409378051758,0.06547619047619048,5.0,0.9917068481445312
R02873,1.6514184474945068,4.666666507720947,0.5620796084403992,0.3411758840084076,1.637209415435791,-1.6031849384307861,0.0,39.07067108154297,0.7310898900032043,3.680191993713379,0.03571428571428571,0.0,0.0
R02874,0.5156564712524414,2.0,0.21744081377983093,0.426372230052948,2.8219358921051025,0.6666883230209351,0.02976190476190476,8.206926345825195,2.387455940246582,23.55706787109375,0.03125,8.0,0.9807722568511963
R02875,0.22273385524749756,3.0,0.466166615486145,2.0929222106933594,8.993902206420898,1.9623202085494995,0.07942708333333333,25.963109970092773,3.040358304977417,28.542030334472656,0.044270833333333336,2.0,0.9959803223609924
R02876,0.39305898547172546,3.0,0.38725265860557556,0.9729233980178833,5.398495674133301,1.5446041822433472,0.0625,38.82350540161133,2.411097526550293,14.623443603515625,0.0625,1.0,0.9774699807167053
R02877,0.37110528349876404,2.0,0.27187126874923706,0.7375817894935608,3.627906322479248,1.3748924732208252,0.0625,14.730799674987793,2.1808176040649414,14.580288887023926,0.06101190476190476,0.0,0.0
R02878,0.43929600715637207,2.6666667461395264,0.33668965101242065,0.7711917161941528,4.261157989501953,1.9268834590911865,0.07589285714285714,2.6543993949890137,2.7282164096832275,43.033634185791016,0.03720238095238095,0.0,0.0
R02879,0.5405598878860474,3.3333332538604736,0.4763347804546356,0.8811863660812378,3.4902989864349365,1.026868224143982,0.0732421875,49.533660888671875,2.214395523071289,11.934351921081543,0.08203125,4.0,0.9854777455329895
R02880,0.2414543628692627,1.6666666269302368,0.1981913447380066,0.8157505989074707,4.575538635253906,1.669352650642395,0.05505952380952381,3.1384851932525635,3.7827978134155273,27.28301429748535,0.044642857142857144,79.0,0.9998819231987
R02881,0.3803943395614624,1.6666666269302368,0.18406563997268677,0.4838799238204956,3.5984017848968506,2.051542282104492,0.052083333333333336,4.216926097869873,2.8426103591918945,34.25735855102539,0.03993055555555555,6.0,0.9856976866722107
R02882,0.434343546628952,2.6666667461395264,0.36378082633018494,0.8371194005012512,3.5536205768585205,0.8137930631637573,0.049107142857142856,16.435256958007812,2.6959166526794434,20.385011672973633,0.04017857142857143,0.0,0.0
R02883,0.47800174355506897,2.6666667461395264,0.32266342639923096,0.6745580434799194,3.0562679767608643,1.2594919204711914,0.07386363636363637,15.836099624633789,2.0600264072418213,12.850740432739258,0.052556818181818184,0.0,0.0
R02884,0.6412329077720642,4.0,0.49450910091400146,0.7638277411460876,3.0761632919311523,0.9011703729629517,0.06994047619047619,107.48258209228516,2.068354606628418,7.6373090744018555,0.10714285714285714,4.0,0.9919002652168274
R02885,0.5047857761383057,2.0,0.11772425472736359,0.23359660804271698,2.3899073600769043,0.9900004267692566,0.037868162692847124,14.495417594909668,1.2700831890106201,19.1463680267334,0.025245441795231416,0.0,0.0
R02886,0.4356635808944702,2.0,0.25345146656036377,0.5793612003326416,3.4213881492614746,1.0505435466766357,0.050595238095238096,10.166358947753906,2.3777222633361816,21.731599807739258,0.03720238095238095,1.0,0.9789053201675415
R02887,0.46071600914001465,2.0,0.25002890825271606,0.5439607501029968,3.629526376724243,0.7886683344841003,0.03422619047619048,7.491044521331787,2.729734182357788,33.522727966308594,0.026785714285714284,4.0,0.9796061515808105
R02888,0.31622251868247986,1.6666666269302368,0.19557954370975494,0.618009626865387,3.7143096923828125,1.4360942840576172,0.0625,2.650146484375,2.9788496494293213,35.99549865722656,0.03273809523809524,50.0,0.9938006401062012
R02889,0.4516722559928894,2.3333332538604736,0.23659057915210724,0.5249377489089966,3.2320809364318848,1.3202439546585083,0.05965909090909091,5.242926597595215,1.8672314882278442,18.017099380493164,0.036931818181818184,14.0,0.9972622394561768
R02890,0.5702345371246338,3.3333332538604736,0.5019976496696472,0.8748624920845032,3.471341609954834,0.5452994704246521,0.025297619047619048,43.04845428466797,1.8852529525756836,14.137545585632324,0.05654761904761905,9.0,0.9935577511787415
R02891,0.26532378792762756,1.6666666269302368,0.14326348900794983,0.5379067063331604,2.985889196395874,0.7838515639305115,0.05357142857142857,0.6590352058410645,1.935447335243225,18.037288665771484,0.04017857142857143,34.0,0.9909117221832275
R02892,0.5734843611717224,3.6666667461395264,0.44771531224250793,0.7750511169433594,3.701744318008423,1.2043102979660034,0.05357142857142857,32.50350570678711,2.3248183727264404,13.692408561706543,0.05505952380952381,0.0,0.0
R02893,0.25923222303390503,1.6666666269302368,0.17937834560871124,0.6944409012794495,7.1353278160095215,4.914366245269775,0.020833333333333332,15.764363288879395,7.203437328338623,99.3719482421875,0.01636904761904762,0.0,0.0
R02894,0.383430153131485,3.3333332538604736,0.4994480311870575,1.2971529960632324,6.651029109954834,2.7990870475769043,0.06845238095238096,23.736328125,3.7162628173828125,22.000011444091797,0.052083333333333336,1.0,0.9750382900238037
R02895,0.6334303021430969,4.0,0.46347808837890625,0.7258506417274475,3.361088275909424,1.2882219552993774,0.07125,54.82277297973633,2.047886848449707,12.150444030761719,0.06875,0.0,0.0
R02896,0.1939951628446579,1.3333333730697632,0.13568486273288727,0.6994770765304565,4.163395404815674,0.9620208144187927,0.03869047619047619,0.8954943418502808,3.0577642917633057,33.98231887817383,0.03125,84.0,0.9946494102478027
R02897,0.37249794602394104,2.0,0.1835726797580719,0.4928138554096222,3.18705415725708,1.527709722518921,0.053385416666666664,4.741793632507324,2.773101568222046,36.832542419433594,0.03125,0.0,0.0
R02898,0.4565682113170624,3.3333332538604736,0.45150628685951233,0.9885544776916504,6.948253154754639,3.0480315685272217,0.05654761904761905,13.102519989013672,4.570642471313477,58.13388442993164,0.028273809523809524,2.0,0.976218044757843
R02899,0.17536501586437225,1.6666666269302368,0.22379755973815918,1.2609623670578003,6.931105613708496,1.532751202583313,0.06101190476190476,1.9113540649414062,2.5437464714050293,28.702255249023438,0.0625,1.0,0.9903175830841064
R02900,0.30619752407073975,2.0,0.23795810341835022,0.7795400023460388,4.616408824920654,1.703397512435913,0.06125,4.019121170043945,4.825313568115234,74.14013671875,0.015,0.0,0.0
R02901,0.24978257715702057,1.6666666269302368,0.19757333397865295,0.7837947010993958,4.213760852813721,1.0308841466903687,0.041666666666666664,4.0812859535217285,4.3487701416015625,57.70424270629883,0.028273809523809524,32.0,0.9965787529945374
R02902,0.19615210592746735,2.3333332538604736,0.31401151418685913,1.6008485555648804,7.416411876678467,2.1685900688171387,0.07942708333333333,10.735169410705566,2.6855833530426025,22.259817123413086,0.059895833333333336,29.0,0.9927587509155273
R02903,0.29185330867767334,1.6666666269302368,0.19106794893741608,0.653221845626831,3.9552054405212402,1.4266390800476074,0.05654761904761905,2.1167025566101074,3.0909409523010254,38.81190490722656,0.02976190476190476,54.0,0.9953703284263611
R02904,0.5026066899299622,3.3333332538604736,0.4962654411792755,0.9873812794685364,3.9734175205230713,1.0133779048919678,0.049479166666666664,19.936025619506836,1.7696799039840698,10.435853958129883,0.061197916666666664,19.0,0.9957321286201477
R02905,0.3461034595966339,1.6666666269302368,0.16002973914146423,0.46485382318496704,3.2243998050689697,0.9521245360374451,0.03720238095238095,7.782841205596924,2.764727830886841,22.572168350219727,0.041666666666666664,31.0,0.9917934536933899
R02906,0.3803519904613495,2.0,0.20699019730091095,0.551169216632843,3.2114577293395996,0.7610894441604614,0.03125,4.400493621826172,2.6233608722686768,25.63298797607422,0.03273809523809524,1.0,0.9714725017547607
R02907,0.5870415568351746,4.0,0.5176321268081665,0.8810555934906006,3.651289939880371,1.3592767715454102,0.0798611111111111,74.93211364746094,2.3888585567474365,12.475951194763184,0.07118055555555555,3.0,0.985160231590271
R02908,0.5490362048149109,2.0,0.2131408452987671,0.38976946473121643,2.4073047637939453,1.0970733165740967,0.05654761904761905,5.584433555603027,2.4944441318511963,48.333316802978516,0.026785714285714284,0.0,0.0
R02909,0.560870885848999,3.0,0.3326863944530487,0.5941404104232788,3.362490653991699,1.2155687808990479,0.05803571428571429,8.550788879394531,3.0476601123809814,33.21913146972656,0.03571428571428571,1.0,0.9795191287994385
R02910,0.8889110088348389,4.0,0.4122277498245239,0.4621744751930237,1.912765383720398,0.18895167112350464,0.0,108.76487731933594,0.9391743540763855,4.234243392944336,0.052083333333333336,0.0,0.0
R02911,0.742963433265686,3.6666667461395264,0.4865259528160095,0.658409595489502,3.6030406951904297,0.8900623917579651,0.046130952380952384,30.176130294799805,3.123351573944092,44.423526763916016,0.01488095238095238,6.0,0.9891341924667358
R02912,0.8229461908340454,3.6666667461395264,0.6236827373504639,0.7526020407676697,2.9802350997924805,0.464656263589859,0.020833333333333332,30.819015502929688,1.6668293476104736,10.47241497039795,0.046130952380952384,19.0,0.9997353553771973
R02913,0.3972320258617401,2.0,0.23535169661045074,0.5978621244430542,3.067866086959839,0.6927282810211182,0.041666666666666664,6.329486846923828,1.8345506191253662,13.805878639221191,0.049107142857142856,3.0,0.9863502383232117
R02914,0.16263389587402344,1.6666666269302368,0.1657136231660843,1.0384938716888428,8.108894348144531,2.7905545234680176,0.046130952380952384,2.3273658752441406,5.042267322540283,81.0999755859375,0.019345238095238096,13.0,0.9846538305282593
R02915,0.2737635672092438,2.0,0.27226588129997253,0.9945254921913147,6.378084182739258,3.1643011569976807,0.050347222222222224,8.257675170898438,3.5170140266418457,30.439449310302734,0.034722222222222224,26.0,0.9978516697883606
R02916,1.304304599761963,4.666666507720947,0.5340350866317749,0.4129541516304016,1.8742774724960327,0.09233824163675308,0.001838235294117647,99.65522003173828,1.3318639993667603,7.008993625640869,0.07169117647058823,0.0,0.0
R02917,0.15747712552547455,1.3333333730697632,0.16834788024425507,1.0873503684997559,6.810070514678955,2.438934087753296,0.050595238095238096,2.3070900440216064,4.0191192626953125,51.953338623046875,0.026785714285714284,3.0,0.9903898239135742
R02918,0.4594266712665558,2.3333332538604736,0.3348076045513153,0.7201333045959473,3.318751335144043,0.7396930456161499,0.03875,11.964495658874512,2.5793137550354004,25.24872589111328,0.03875,0.0,0.0
R02919,0.43981489539146423,2.3333332538604736,0.27603161334991455,0.6247597336769104,3.076022148132324,1.2097538709640503,0.06547619047619048,10.860743522644043,2.133850336074829,12.419151306152344,0.06994047619047619,0.0,0.0
R02920,0.9278321266174316,3.6666667461395264,0.347482293844223,0.3741648197174072,2.49007248878479,0.7792000770568848,0.04017857142857143,43.04664993286133,1.2752505540847778,10.394487380981445,0.06101190476190476,2.0,0.9854409694671631
R02921,0.9785022139549255,5.0,0.7950534820556641,0.801671028137207,3.5435738563537598,0.8371674418449402,0.03273809523809524,11.96716594696045,1.7978179454803467,10.508140563964844,0.05357142857142857,0.0,0.0
R02922,0.6275516152381897,2.6666667461395264,0.3344467878341675,0.5314525961875916,2.428576946258545,0.13246384263038635,0.025297619047619048,27.97201156616211,1.412691593170166,11.440302848815918,0.047619047619047616,1.0,0.9722734093666077
R02923,0.6025176048278809,3.0,0.38896292448043823,0.6426808834075928,3.6767830848693848,1.3221824169158936,0.06101190476190476,10.145160675048828,2.499542474746704,19.43308448791504,0.05803571428571429,5.0,0.987911581993103
R02924,0.46644127368927,1.6666666269302368,0.14740343391895294,0.31601643562316895,2.7629075050354004,0.4819669723510742,0.036458333333333336,4.183335781097412,3.025770664215088,45.266502380371094,0.009114583333333334,0.0,0.0
R02925,0.2924364507198334,2.0,0.21788489818572998,0.7458347678184509,5.064401626586914,1.8139351606369019,0.0744047619047619,4.703621864318848,3.20202374458313,47.76040267944336,0.04017857142857143,18.0,0.9887531399726868
R02926,0.0993725061416626,2.0,0.25354325771331787,2.5110487937927246,21.903194427490234,5.379984378814697,0.04375,8.790406227111816,6.1988677978515625,74.44889068603516,0.01875,1.0,0.9717510342597961
R02927,0.5905782580375671,3.0,0.3685758709907532,0.6238563656806946,4.61887264251709,2.301504611968994,0.04017857142857143,31.034439086914062,2.4900732040405273,20.81220817565918,0.043154761904761904,10.0,0.988205075263977
R02928,0.6557579040527344,2.6666667461395264,0.27551740407943726,0.4207454025745392,2.296133279800415,0.2557883560657501,0.03125,11.392854690551758,2.2288899421691895,22.243671417236328,0.04017857142857143,1.0,0.9704132080078125
R02929,0.42374229431152344,2.6666667461395264,0.3576678931713104,0.8516975045204163,3.1292693614959717,0.7397945523262024,0.028273809523809524,15.681999206542969,1.9775642156600952,8.902009963989258,0.1056547619047619,8.0,0.9934952855110168
R02930,0.921543538570404,4.0,0.36641404032707214,0.39760860800743103,2.096090316772461,-0.007879436947405338,0.024739583333333332,73.4456558227539,0.9029092192649841,5.084466457366943,0.052083333333333336,2.0,0.9823616147041321
R02931,0.49121853709220886,2.0,0.233356311917305,0.4779525399208069,3.542954444885254,1.5791921615600586,0.03125,8.89670181274414,1.7364469766616821,15.928323745727539,0.049107142857142856,0.0,0.0
R02932,0.5800075531005859,2.6666667461395264,0.25545793771743774,0.44088277220726013,2.4567556381225586,0.3473743498325348,0.020833333333333332,17.06406593322754,1.4829528331756592,13.5361909866333,0.03869047619047619,2.0,0.9796197414398193
R02933,0.2136758267879486,2.0,0.28718307614326477,1.3243001699447632,8.267997741699219,2.6284470558166504,0.06547619047619048,12.967137336730957,4.119132041931152,42.09593200683594,0.03422619047619048,44.0,0.9871573448181152
R02934,0.5023931264877319,4.0,0.5134209990501404,1.0138052701950073,4.65177059173584,1.9284082651138306,0.08630952380952381,62.68152618408203,3.0076942443847656,18.294652938842773,0.06101190476190476,17.0,0.9960295557975769
R02935,0.39448830485343933,2.6666667461395264,0.3468990921974182,0.8825631141662598,3.9967658519744873,1.3878551721572876,0.07738095238095238,15.739249229431152,2.4985053539276123,14.683639526367188,0.07291666666666667,5.0,0.9911711812019348
R02936,0.583051323890686,2.6666667461395264,0.320033997297287,0.5526845455169678,3.4364845752716064,0.8422390818595886,0.03273809523809524,11.420619010925293,2.0545742511749268,18.722557067871094,0.05654761904761905,0.0,0.0
R02937,0.2525008022785187,2.3333332538604736,0.3049139380455017,1.200433611869812,9.145227432250977,3.210620880126953,0.047619047619047616,3.840830087661743,4.153223514556885,56.67477035522461,0.02976190476190476,0.0,0.0
R02938,0.5472882986068726,4.666666507720947,0.8006995916366577,1.4467250108718872,6.166852951049805,2.002660036087036,0.0818452380952381,64.28614044189453,2.457834482192993,12.313130378723145,0.07886904761904762,108.0,0.9972741603851318
R02939,0.4081573486328125,2.6666667461395264,0.3092290759086609,0.747101902961731,5.395922660827637,2.475337505340576,0.05625,15.554712295532227,3.0894627571105957,26.275646209716797,0.034375,0.0,0.0
R02940,0.6921367049217224,4.0,0.5652027726173401,0.8114867806434631,5.637821197509766,1.371439814567566,0.05357142857142857,28.109941482543945,1.6595323085784912,11.622706413269043,0.05505952380952381,263.0,0.9949319958686829
R02941,0.4795322120189667,4.0,0.4930415451526642,1.030153512954712,5.281953811645508,2.2615151405334473,0.09625,79.50437927246094,3.060664176940918,17.752845764160156,0.06875,1.0,0.9716317057609558
R02942,0.3255666196346283,2.3333332538604736,0.3615958094596863,1.0990127325057983,5.534527778625488,1.3149676322937012,0.05654761904761905,6.877840995788574,2.733696460723877,26.367389678955078,0.050595238095238096,14.0,0.9949617981910706
R02943,0.4364539682865143,2.0,0.22485560178756714,0.5136036276817322,2.9473843574523926,1.1962883472442627,0.046130952380952384,8.826082229614258,2.198174476623535,17.08695411682129,0.05803571428571429,0.0,0.0
R02944,0.6680307984352112,3.3333332538604736,0.4533369541168213,0.6811292767524719,3.350743293762207,1.0042994022369385,0.050595238095238096,32.92918395996094,2.0582494735717773,13.040251731872559,0.05505952380952381,0.0,0.0
R02945,0.5847364068031311,2.0,0.2820371091365814,0.4846806824207306,2.521249532699585,-0.4146777391433716,0.005952380952380952,9.868550300598145,1.303818941116333,9.828667640686035,0.049107142857142856,0.0,0.0
R02946,0.9967557787895203,5.0,0.4706055223941803,0.4721367657184601,2.2514424324035645,1.1939492225646973,0.10677083333333333,132.41831970214844,1.1501768827438354,5.956177234649658,0.049479166666666664,12.0,0.995577871799469
R02947,0.4109703004360199,3.0,0.37618207931518555,0.9090054035186768,4.356909275054932,1.3130766153335571,0.050595238095238096,34.51157760620117,2.143404006958008,15.785179138183594,0.05505952380952381,6.0,0.9928010702133179
R02948,0.5332135558128357,2.6666667461395264,0.2796148657798767,0.5253044962882996,3.4246621131896973,1.8252815008163452,0.050595238095238096,18.03786849975586,2.6409904956817627,20.1973876953125,0.041666666666666664,0.0,0.0
R02949,0.3583039343357086,2.0,0.2920282781124115,0.8174583911895752,3.519101619720459,1.2425775527954102,0.0744047619047619,9.727807998657227,2.309772253036499,11.071353912353516,0.07886904761904762,6.0,0.9823970198631287
R02950,0.36856162548065186,2.6666667461395264,0.3701285123825073,0.996346652507782,3.930936098098755,0.9083746671676636,0.046130952380952384,10.55614948272705,2.272977590560913,19.25966453552246,0.03720238095238095,0.0,0.0
R02951,0.069556325674057,1.0,0.11294882744550705,1.6238232851028442,10.99306583404541,2.42667555809021,0.0625,1.3401345014572144,6.793401718139648,122.46235656738281,0.010416666666666666,23.0,0.9989169836044312
R02952,0.5026460886001587,2.6666667461395264,0.3290630280971527,0.6546600461006165,4.928982734680176,1.4905836582183838,0.024739583333333332,15.991565704345703,1.656071662902832,16.64629364013672,0.057291666666666664,0.0,0.0
R02953,0.28224658966064453,1.6666666269302368,0.19360895454883575,0.6863009929656982,5.866425037384033,1.3701088428497314,0.043154761904761904,3.490510940551758,3.5369725227355957,48.77714920043945,0.03869047619047619,21.0,0.9890099167823792
R02954,0.19982314109802246,2.6666667461395264,0.3301081955432892,1.640629529953003,10.433387756347656,2.818276882171631,0.07589285714285714,19.96225929260254,4.4168829917907715,59.869232177734375,0.03125,0.0,0.0
R02955,0.3508794903755188,2.3333332538604736,0.2260415256023407,0.6448435187339783,4.697962284088135,2.457676410675049,0.05803571428571429,7.11739444732666,4.339959621429443,53.28974533081055,0.028273809523809524,0.0,0.0
R02956,0.8548451662063599,3.3333332538604736,0.4014546573162079,0.4700450301170349,2.6900689601898193,0.2455330342054367,0.02976190476190476,14.780808448791504,2.3641765117645264,21.388769149780273,0.049107142857142856,0.0,0.0
R02957,0.1875775307416916,2.0,0.2776816189289093,1.4708424806594849,10.495451927185059,3.8722174167633057,0.04375,11.751164436340332,4.998230457305908,58.90447998046875,0.02375,1.0,0.9747527837753296
R02958,0.6235653758049011,2.3333332538604736,0.25625234842300415,0.4131230115890503,2.389395236968994,0.6884676218032837,0.046130952380952384,22.10459327697754,2.163278102874756,17.64316177368164,0.041666666666666664,3.0,0.9897308349609375
R02959,0.26574328541755676,2.0,0.2751058042049408,1.0304473638534546,4.4223432540893555,1.3663653135299683,0.08482142857142858,3.644865036010742,2.0249974727630615,18.595300674438477,0.047619047619047616,4.0,0.98952716588974
R02960,0.23020993173122406,1.3333333730697632,0.12117601186037064,0.5258491039276123,2.623222827911377,0.3818654716014862,0.03571428571428571,0.6740228533744812,1.935058832168579,17.800525665283203,0.05654761904761905,6.0,0.9877625703811646
R02961,0.13724307715892792,2.0,0.20987717807292938,1.5292260646820068,9.238313674926758,1.9817652702331543,0.05859375,4.089667797088623,2.6186845302581787,21.399967193603516,0.046875,3.0,0.9777257442474365
R02962,0.38772010803222656,3.0,0.4899503290653229,1.250490665435791,4.692473888397217,1.526771068572998,0.09523809523809523,85.50926208496094,2.3606314659118652,11.484130859375,0.08482142857142858,121.0,0.9980944395065308
R02963,0.20429247617721558,2.0,0.2838377356529236,1.3713393211364746,7.319475173950195,1.7786448001861572,0.0625,7.606833457946777,5.556515216827393,100.83191680908203,0.01488095238095238,7.0,0.9882403016090393
R02964,0.1218583881855011,1.0,0.10791388154029846,0.912887692451477,6.253684043884277,1.5481661558151245,0.05803571428571429,1.856567621231079,2.7593917846679688,22.35853385925293,0.050595238095238096,11.0,0.9887890815734863
R02965,0.32195714116096497,2.0,0.18253372609615326,0.5669487714767456,4.459812164306641,2.239006280899048,0.05381944444444445,7.03507661819458,3.009397506713867,33.68443298339844,0.043402777777777776,0.0,0.0
R02966,0.25472626090049744,2.0,0.2668083608150482,1.0512112379074097,5.52901029586792,1.8665125370025635,0.07589285714285714,5.672194004058838,3.026247501373291,26.350679397583008,0.049107142857142856,4.0,0.9867887496948242
R02967,0.5431635975837708,3.0,0.3212392330169678,0.5933876037597656,3.955929756164551,1.8349066972732544,0.052083333333333336,20.388254165649414,3.605398178100586,32.1442756652832,0.028273809523809524,6.0,0.9888646006584167
R02968,0.27931639552116394,1.6666666269302368,0.1990124136209488,0.7097524404525757,4.829463005065918,2.07177734375,0.06125,2.2541322708129883,3.8924646377563477,41.444828033447266,0.0275,4.0,0.9822139739990234
R02969,0.12131581455469131,2.0,0.2349434196949005,1.9110511541366577,11.443860054016113,2.80637788772583,0.052083333333333336,5.357048988342285,4.017235279083252,40.90422439575195,0.02976190476190476,2.0,0.991705596446991
R02970,0.23279424011707306,1.6666666269302368,0.17544160783290863,0.7537963390350342,4.797271728515625,1.4671612977981567,0.046130952380952384,1.2959879636764526,4.521790981292725,74.24005126953125,0.01488095238095238,3.0,0.987151563167572
R02971,0.13565020263195038,2.0,0.2339739352464676,1.7315359115600586,11.014100074768066,2.5058653354644775,0.07738095238095238,5.584908485412598,3.190136432647705,33.48723602294922,0.03571428571428571,18.0,0.9973289966583252
R02972,0.4974709451198578,3.6666667461395264,0.4273310601711273,0.8590054512023926,4.838265895843506,1.1393669843673706,0.037760416666666664,14.130325317382812,2.3922204971313477,20.449542999267578,0.032552083333333336,18.0,0.9952086210250854
R02973,0.49075525999069214,3.0,0.271234393119812,0.5508386492729187,4.320862770080566,2.651346206665039,0.047619047619047616,35.96583557128906,2.9508488178253174,23.981077194213867,0.043154761904761904,0.0,0.0
R02974,0.457317590713501,3.0,0.3344752788543701,0.727706789970398,3.7620909214019775,1.2766095399856567,0.06994047619047619,26.383289337158203,2.1153433322906494,11.163715362548828,0.08630952380952381,2.0,0.9887867569923401
R02975,1.059937596321106,4.0,0.4448985755443573,0.421151727437973,1.9958608150482178,0.3806246519088745,0.022058823529411766,95.47659301757812,1.3804197311401367,7.210344314575195,0.058823529411764705,0.0,0.0
R02976,0.2794727087020874,3.0,0.38480159640312195,1.3643670082092285,6.202557563781738,1.4609428644180298,0.05803571428571429,29.19082260131836,2.8886876106262207,34.52915573120117,0.044642857142857144,6.0,0.993873655796051
R02977,0.5050238966941833,2.6666667461395264,0.2844604551792145,0.5609371662139893,3.7230517864227295,2.5535504817962646,0.08333333333333333,23.29593849182129,3.230069875717163,31.032575607299805,0.03422619047619048,0.0,0.0
R02978,0.19009463489055634,1.3333333730697632,0.16723597049713135,0.8720253705978394,4.508232593536377,0.8885830044746399,0.052083333333333336,0.6440666913986206,1.9755678176879883,21.1953067779541,0.044642857142857144,3.0,0.9834228157997131
R02979,0.3937070071697235,2.0,0.22965160012245178,0.5833044052124023,4.502795219421387,1.7520450353622437,0.056640625,4.920356273651123,3.6437370777130127,67.90943145751953,0.025390625,3.0,0.9841567277908325
R02980,0.0658641904592514,1.0,0.12499456852674484,1.8644402027130127,9.808158874511719,1.9131406545639038,0.06547619047619048,0.6857666969299316,3.8252804279327393,38.444095611572266,0.026785714285714284,0.0,0.0
R02981,0.2993914783000946,2.0,0.2327694147825241,0.7786049246788025,4.137649059295654,1.5084718465805054,0.06845238095238096,5.005570888519287,3.0072693824768066,36.043304443359375,0.03720238095238095,1.0,0.9841421842575073
R02982,0.06208059564232826,1.0,0.14824874699115753,2.353682041168213,14.284782409667969,2.9915547370910645,0.07291666666666667,2.193300724029541,4.106822967529297,43.38134002685547,0.03720238095238095,0.0,0.0
R02983,0.13438020646572113,1.3333333730697632,0.1810765117406845,1.3474838733673096,7.426982402801514,1.7578058242797852,0.057291666666666664,1.261359691619873,4.453676223754883,75.52718353271484,0.029513888888888888,17.0,0.9986043572425842
R02984,0.37080779671669006,2.0,0.23962228000164032,0.6503823399543762,5.172173500061035,3.259920597076416,0.05505952380952381,12.510398864746094,3.709611415863037,50.64006423950195,0.02976190476190476,0.0,0.0
R02985,0.4598693251609802,2.0,0.17180033028125763,0.373907208442688,2.6744565963745117,0.8544514775276184,0.047619047619047616,5.414124011993408,3.03417706489563,34.97391128540039,0.028273809523809524,0.0,0.0
R02986,0.4564031660556793,2.6666667461395264,0.34815117716789246,0.765595018863678,4.223398208618164,1.9048242568969727,0.07291666666666667,17.37973976135254,3.0342230796813965,24.044269561767578,0.043154761904761904,3.0,0.9877260327339172
R02987,0.23203100264072418,1.6666666269302368,0.1639372557401657,0.7056390047073364,5.080559253692627,1.5400537252426147,0.04513888888888889,2.4165704250335693,2.937246084213257,35.71907424926758,0.03298611111111111,133.0,0.9979573488235474
R02988,0.7007856965065002,3.0,0.31969550251960754,0.4548901617527008,2.5474843978881836,0.416586697101593,0.03125,19.6607608795166,2.1754965782165527,22.546180725097656,0.041666666666666664,0.0,0.0
R02989,0.08764277398586273,2.0,0.22169262170791626,2.536996841430664,16.20454216003418,3.313535690307617,0.050271739130434784,8.83166790008545,4.488537311553955,49.45225143432617,0.025815217391304348,41.0,1.0
R02990,0.5206640958786011,3.0,0.34926360845565796,0.6639748215675354,3.8262763023376465,1.6206880807876587,0.05698529411764706,20.563217163085938,2.6128756999969482,21.66275978088379,0.04779411764705882,0.0,0.0
R02991,0.31644967198371887,2.0,0.18064497411251068,0.5720789432525635,4.232800483703613,1.3825632333755493,0.03720238095238095,4.17214298248291,2.607922077178955,37.95000076293945,0.04017857142857143,4.0,0.983193039894104
R02992,0.4850485324859619,2.6666667461395264,0.29305341839790344,0.6020241975784302,5.199985980987549,2.3727309703826904,0.03422619047619048,13.036234855651855,2.480835437774658,24.630149841308594,0.043154761904761904,1.0,0.9728546142578125
R02993,0.17784762382507324,1.6666666269302368,0.17465481162071228,1.0407557487487793,7.625179290771484,1.6007717847824097,0.04595588235294118,1.1102936267852783,3.718205213546753,33.22416687011719,0.03676470588235294,9.0,0.992942214012146
R02994,0.7205606698989868,4.0,0.5933442711830139,0.8055617213249207,4.011116981506348,1.0505061149597168,0.043154761904761904,45.77217102050781,2.332947015762329,18.027559280395508,0.06547619047619048,33.0,0.9951359629631042
R02995,0.4831025302410126,2.6666667461395264,0.3976724147796631,0.8197991251945496,4.218948841094971,1.1211378574371338,0.06398809523809523,18.94671630859375,3.057874917984009,28.144044876098633,0.052083333333333336,51.0,0.9919371604919434
R02996,0.5126280784606934,2.0,0.24327372014522552,0.4738624393939972,2.8399908542633057,0.8351970314979553,0.05357142857142857,8.408690452575684,2.1856589317321777,21.99056053161621,0.050595238095238096,0.0,0.0
R02997,0.11619971692562103,1.6666666269302368,0.20363226532936096,1.7524185180664062,9.642305374145508,2.2991888523101807,0.06907894736842106,4.119659423828125,4.386542320251465,46.663734436035156,0.029605263157894735,0.0,0.0
R02998,0.6204718351364136,3.0,0.3576689660549164,0.5710408091545105,3.052802085876465,0.41412416100502014,0.025297619047619048,44.69257354736328,1.2079867124557495,7.794003009796143,0.05803571428571429,0.0,0.0
R02999,0.2497285008430481,3.0,0.4601108431816101,1.8178927898406982,8.301962852478027,1.7804899215698242,0.07291666666666667,11.40290641784668,3.7870311737060547,34.87353515625,0.023809523809523808,2.0,0.9858775734901428
R03000,0.28529706597328186,1.6666666269302368,0.211350679397583,0.735470175743103,4.430248260498047,1.5579737424850464,0.046130952380952384,2.8782260417938232,3.9540083408355713,46.87318420410156,0.028273809523809524,6.0,0.9846877455711365
R03001,0.4705962538719177,2.3333332538604736,0.28009989857673645,0.595200777053833,4.197347164154053,1.746470332145691,0.03993055555555555,11.391568183898926,3.9843037128448486,44.639259338378906,0.026041666666666668,3.0,0.9756264090538025
R03002,0.2740105390548706,2.0,0.2883521020412445,1.0523356199264526,5.097630977630615,1.9917857646942139,0.059027777777777776,6.795459270477295,2.421849012374878,15.749672889709473,0.057291666666666664,29.0,0.9979560971260071
R03003,0.22705033421516418,1.3333333730697632,0.1288307011127472,0.5656448006629944,4.5964155197143555,2.061774969100952,0.041666666666666664,1.2043513059616089,4.975707054138184,70.82920837402344,0.020833333333333332,16.0,0.9937331080436707
R03004,0.30033940076828003,3.6666667461395264,0.4581487774848938,1.500863790512085,5.952554702758789,1.3602492809295654,0.06547619047619048,40.37239456176758,2.2733569145202637,21.246810913085938,0.05803571428571429,4.0,0.9964927434921265
R03005,0.4454791843891144,3.0,0.36804911494255066,0.8149434328079224,4.602877616882324,1.7497612237930298,0.06398809523809523,38.184471130371094,2.603985071182251,20.384994506835938,0.03720238095238095,11.0,0.9934722781181335
R03006,0.18182724714279175,1.3333333730697632,0.16493351757526398,0.9198845028877258,4.248337745666504,1.015707015991211,0.06845238095238096,1.3573938608169556,2.6913766860961914,25.436126708984375,0.041666666666666664,20.0,0.998831033706665
R03007,0.268286794424057,2.0,0.2807382345199585,1.0339226722717285,12.575949668884277,5.180111408233643,0.03,0.7818723917007446,3.2041921615600586,42.43506622314453,0.0275,78.0,0.9986286759376526
R03008,0.7326316833496094,4.0,0.5055226683616638,0.6879628300666809,2.5592074394226074,0.5866957306861877,0.02976190476190476,98.28204345703125,1.7568151950836182,6.5560126304626465,0.10714285714285714,36.0,0.9993073344230652
R03009,0.7095715999603271,3.0,0.2986089289188385,0.42026785016059875,2.684725046157837,0.883463442325592,0.052083333333333336,26.741594314575195,1.5532221794128418,9.753307342529297,0.05654761904761905,2.0,0.9846280217170715
R03010,0.45642367005348206,2.3333332538604736,0.26310423016548157,0.5775781273841858,3.3350279331207275,0.8235944509506226,0.044642857142857144,7.087315082550049,1.8627800941467285,14.366585731506348,0.046130952380952384,1.0,0.9818654656410217
R03011,0.41807880997657776,3.0,0.3691963255405426,0.8808616399765015,4.777991771697998,1.982380986213684,0.06101190476190476,22.572998046875,2.8527932167053223,18.580242156982422,0.049107142857142856,0.0,0.0
R03012,0.37330174446105957,2.3333332538604736,0.32473504543304443,0.8705899119377136,4.869647026062012,1.3318263292312622,0.05803571428571429,6.593378067016602,3.0225470066070557,26.13673210144043,0.047619047619047616,9.0,0.9969183206558228
R03013,0.6164824366569519,3.3333332538604736,0.40826910734176636,0.6637288331985474,4.153720855712891,1.3484824895858765,0.046130952380952384,29.944076538085938,3.0523180961608887,54.706703186035156,0.017857142857142856,0.0,0.0
R03014,0.1893375664949417,1.3333333730697632,0.16543017327785492,0.8784292936325073,3.7525861263275146,0.8958562612533569,0.05357142857142857,1.4692257642745972,2.4328784942626953,23.575403213500977,0.05505952380952381,4.0,0.9954376816749573
R03015,0.25179895758628845,1.6666666269302368,0.16033120453357697,0.6413756608963013,4.073239326477051,0.9468184113502502,0.041666666666666664,0.7064207792282104,5.44861364364624,107.5626449584961,0.01488095238095238,5.0,0.9942986369132996
R03016,0.09388641268014908,2.0,0.20548534393310547,2.188636541366577,15.706151962280273,2.654801607131958,0.0703125,4.6175713539123535,5.874159336090088,82.67193603515625,0.0185546875,1.0,0.9956431984901428
R03017,0.3932582437992096,3.3333332538604736,0.5099602937698364,1.2574580907821655,4.23166561126709,0.788507878780365,0.03298611111111111,40.88129425048828,1.7198525667190552,15.98952865600586,0.050347222222222224,1.0,0.973134458065033
R03018,0.5812222361564636,3.0,0.3809269368648529,0.6562885642051697,3.523139715194702,1.1411904096603394,0.05654761904761905,29.076725006103516,1.9807929992675781,15.708993911743164,0.049107142857142856,0.0,0.0
R03019,0.28599321842193604,1.6666666269302368,0.1217195987701416,0.4246276617050171,3.4772164821624756,1.6630715131759644,0.05952380952380952,0.7681033611297607,1.5998764038085938,19.8057804107666,0.03720238095238095,113.0,0.9974019527435303
R03020,0.41774633526802063,3.0,0.32780352234840393,0.7838695645332336,4.012709140777588,1.5622442960739136,0.0744047619047619,22.02222442626953,2.2760169506073,15.59340763092041,0.06101190476190476,0.0,0.0
R03021,0.34810519218444824,2.0,0.27266234159469604,0.7850603461265564,4.429455757141113,0.9661686420440674,0.043154761904761904,5.3830342292785645,1.245711088180542,12.203909873962402,0.01636904761904762,16.0,0.9980117082595825
R03022,0.27349668741226196,2.3333332538604736,0.3899788558483124,1.4091874361038208,6.250690937042236,1.6306535005569458,0.07291666666666667,8.160606384277344,2.5123703479766846,15.367383003234863,0.06547619047619048,1.0,0.9907979965209961
R03023,0.1560017615556717,2.0,0.26686787605285645,1.710661768913269,8.665797233581543,2.270915985107422,0.072265625,9.637804985046387,3.091294050216675,29.265363693237305,0.0537109375,10.0,0.9974308609962463
R03024,1.5471439361572266,6.0,0.47556889057159424,0.30738481879234314,1.6047284603118896,-0.452960729598999,0.0,281.66943359375,0.8590012788772583,4.160293102264404,0.046875,0.0,0.0
R03025,0.320878267288208,2.3333332538604736,0.28559085726737976,0.8869729042053223,5.846527576446533,2.03413462638855,0.05357142857142857,13.39488697052002,2.7929139137268066,24.7712345123291,0.05357142857142857,0.0,0.0
R03026,0.21885760128498077,1.6666666269302368,0.23588018119335175,1.0484821796417236,5.948340892791748,1.7556902170181274,0.05698529411764706,4.954837799072266,4.299393653869629,53.400238037109375,0.02389705882352941,7.0,0.9915225505828857
R03027,0.41551098227500916,2.0,0.22140896320343018,0.5339152216911316,2.532329559326172,0.5817086696624756,0.050595238095238096,14.603928565979004,3.3521015644073486,33.35906219482422,0.017857142857142856,7.0,0.9827872514724731
R03028,0.25595980882644653,1.6666666269302368,0.17444749176502228,0.6809127330780029,5.05186653137207,1.4161940813064575,0.052556818181818184,0.9911522269248962,3.075007677078247,48.566795349121094,0.036931818181818184,197.0,0.9983901381492615
R03029,0.5565052032470703,2.3333332538604736,0.2885935604572296,0.5142437815666199,2.2407114505767822,0.1283753663301468,0.013392857142857142,16.47102928161621,1.305530071258545,12.402677536010742,0.028273809523809524,44.0,0.9957770705223083
R03030,0.5982915759086609,3.6666667461395264,0.45469722151756287,0.7590386271476746,3.6554582118988037,0.9137729406356812,0.052083333333333336,25.829843521118164,2.3171403408050537,16.553361892700195,0.044642857142857144,4.0,0.9847196936607361
R03031,0.9838202595710754,5.0,0.3942502439022064,0.40073361992836,2.0411617755889893,0.51004558801651,0.05859375,149.874267578125,1.0750112533569336,5.803247928619385,0.049479166666666664,12.0,0.9958280920982361
R03032,0.6316246390342712,3.0,0.29873278737068176,0.4733814597129822,3.1537885665893555,1.040308952331543,0.06398809523809523,19.53495979309082,1.9058018922805786,21.639759063720703,0.025297619047619048,13.0,0.9974220395088196
R03033,0.2926561236381531,3.0,0.4350132644176483,1.4960405826568604,7.840897560119629,2.2906439304351807,0.06398809523809523,19.359233856201172,5.037555694580078,48.86509704589844,0.02976190476190476,0.0,0.0
R03034,0.7803131937980652,3.3333332538604736,0.3423486053943634,0.43870779871940613,2.9642221927642822,0.8479929566383362,0.03422619047619048,30.341524124145508,1.0633361339569092,8.073637962341309,0.046130952380952384,0.0,0.0
R03035,0.9028350710868835,5.0,0.706636905670166,0.7845075130462646,4.260098934173584,1.540700078010559,0.0744047619047619,35.39041519165039,1.0765184164047241,5.709364891052246,0.06696428571428571,0.0,0.0
R03036,0.40079525113105774,2.0,0.2347954511642456,0.5881256461143494,3.7678637504577637,0.7081140875816345,0.041666666666666664,3.021846294403076,3.1773521900177,56.7084846496582,0.017857142857142856,4.0,0.9881346821784973
R03037,0.17498911917209625,1.3333333730697632,0.14382429420948029,0.8212032318115234,4.983035564422607,1.2593894004821777,0.026785714285714284,0.6712237596511841,6.223731517791748,93.77699279785156,0.011904761904761904,16.0,0.9950591325759888
R03038,0.0545845590531826,1.3333333730697632,0.18230830132961273,3.286074638366699,19.462350845336914,3.4365134239196777,0.06994047619047619,1.461761236190796,5.366758823394775,69.2314224243164,0.02976190476190476,0.0,0.0
R03039,0.21364092826843262,1.6666666269302368,0.22590762376785278,1.0574127435684204,6.6417012214660645,1.540563941001892,0.052734375,1.7780897617340088,5.5513997077941895,81.4422378540039,0.0185546875,17.0,0.9985762238502502
R03040,0.6585162878036499,3.6666667461395264,0.7205889821052551,1.0877723693847656,3.4102694988250732,0.9314411878585815,0.01488095238095238,14.884855270385742,2.305248498916626,12.896063804626465,0.07589285714285714,9.0,0.9900357723236084
R03041,0.2835457921028137,1.6666666269302368,0.17312875390052795,0.6089476943016052,3.084517002105713,1.083436131477356,0.047619047619047616,1.5609352588653564,2.336454153060913,15.899680137634277,0.05505952380952381,37.0,0.9937033653259277
R03042,0.2745276391506195,1.6666666269302368,0.17435675859451294,0.6403349041938782,3.489644765853882,0.8077902793884277,0.03571428571428571,0.8354806303977966,5.067766189575195,88.9694595336914,0.01636904761904762,8.0,0.9948795437812805
R03043,0.3514014184474945,2.6666667461395264,0.312030553817749,0.8875154852867126,4.869235515594482,2.1497342586517334,0.0625,10.372828483581543,3.9209463596343994,44.04985809326172,0.03571428571428571,18.0,0.9903366565704346
R03044,0.8810856342315674,4.0,0.44224444031715393,0.5000467300415039,2.0041253566741943,0.25510111451148987,0.001488095238095238,107.18135070800781,0.9666516780853271,4.396902561187744,0.049107142857142856,0.0,0.0
R03045,0.5731158256530762,3.0,0.3916116952896118,0.6799466609954834,3.0113565921783447,0.7410516142845154,0.044642857142857144,19.67179298400879,2.056304693222046,18.198883056640625,0.06547619047619048,2.0,0.9774385690689087
R03046,1.8290071487426758,7.0,0.5023030042648315,0.27476897835731506,1.4417994022369385,-0.6948360204696655,0.0,426.0430908203125,0.6441916227340698,2.341834306716919,0.001736111111111111,0.0,0.0
R03047,0.26703718304634094,1.6666666269302368,0.16117559373378754,0.6045834422111511,2.660682201385498,0.13521039485931396,0.03422619047619048,1.0145318508148193,2.2406675815582275,23.159862518310547,0.052083333333333336,7.0,0.9894580841064453
R03048,0.29129382967948914,2.0,0.24712443351745605,0.8410440683364868,5.462819576263428,2.2681846618652344,0.05803571428571429,7.252188682556152,3.50695538520813,32.931304931640625,0.041666666666666664,148.0,0.9985281825065613
R03049,0.4677022099494934,2.0,0.23738330602645874,0.504420816898346,2.7398478984832764,0.6855065822601318,0.0390625,10.219192504882812,1.686518907546997,11.004032135009766,0.0625,2.0,0.9722175002098083
R03050,0.7928320169448853,4.666666507720947,0.5739853382110596,0.7222638726234436,3.156069278717041,0.9551973342895508,0.04891304347826087,94.53317260742188,2.30206298828125,17.472715377807617,0.059782608695652176,0.0,0.0
R03051,0.5221769213676453,2.6666667461395264,0.3022961914539337,0.5787357687950134,3.7715976238250732,1.4085423946380615,0.05654761904761905,23.263551712036133,3.416597604751587,29.00714683532715,0.03720238095238095,4.0,0.9877275228500366
R03052,0.34423398971557617,3.0,0.3976416289806366,1.155145525932312,5.496032238006592,1.9385929107666016,0.09244791666666667,39.077091217041016,2.850116491317749,17.537012100219727,0.057291666666666664,45.0,0.9962899684906006
R03053,0.08738017827272415,1.0,0.12598899006843567,1.4402451515197754,9.72348690032959,2.7352099418640137,0.06101190476190476,1.037266492843628,5.257278919219971,74.1322250366211,0.01636904761904762,1.0,0.9782637357711792
R03054,0.22987057268619537,1.3333333730697632,0.1238870844244957,0.5422015190124512,3.0288429260253906,0.9342173933982849,0.047619047619047616,1.6109273433685303,3.34224009513855,34.42952346801758,0.022321428571428572,25.0,0.9939161539077759
R03055,0.45038700103759766,3.6666667461395264,0.4849196672439575,1.0766711235046387,5.007257461547852,1.7594269514083862,0.078125,56.78544616699219,2.826514482498169,19.08814239501953,0.0625,2.0,0.9737436175346375
R03056,0.5672820806503296,5.333333492279053,0.8056629300117493,1.4077033996582031,7.343956470489502,2.3022923469543457,0.06101190476190476,55.528228759765625,3.8345069885253906,44.49745178222656,0.03125,13.0,0.9844532608985901
R03057,0.2598009407520294,1.6666666269302368,0.1574672907590866,0.6102604269981384,2.888944149017334,0.6818643808364868,0.04017857142857143,0.41839826107025146,3.4844226837158203,58.704227447509766,0.023809523809523808,7.0,0.9951440095901489
R03058,0.2662712037563324,1.6666666269302368,0.20797088742256165,0.777066707611084,4.930810451507568,1.0242568254470825,0.04017857142857143,2.8536479473114014,2.7143542766571045,48.099185943603516,0.03273809523809524,0.0,0.0
R03059,1.094938039779663,4.0,0.19817021489143372,0.1808118373155594,1.6875958442687988,-1.316515326499939,0.014322916666666666,91.8065414428711,0.4073294997215271,5.1205267906188965,0.026041666666666668,0.0,0.0
R03060,0.37684568762779236,2.6666667461395264,0.3462487757205963,0.9113434553146362,3.9994795322418213,1.3211016654968262,0.07291666666666667,15.098316192626953,2.4836068153381348,18.5917911529541,0.052083333333333336,0.0,0.0
R03061,0.1450052410364151,3.0,0.35495346784591675,2.4119579792022705,12.260890007019043,2.4777913093566895,0.08035714285714286,18.29360580444336,3.1181609630584717,27.9154052734375,0.047619047619047616,0.0,0.0
R03062,0.3881010413169861,3.0,0.30914661288261414,0.7916213274002075,4.732898235321045,2.132539749145508,0.07589285714285714,20.7274169921875,3.150294065475464,27.510940551757812,0.046130952380952384,0.0,0.0
R03063,0.3850769102573395,2.0,0.26707711815834045,0.7000478506088257,4.482909202575684,1.8638006448745728,0.05875,5.137570381164551,3.0455617904663086,31.515779495239258,0.03125,4.0,0.9831001162528992
R03064,0.6585394144058228,3.0,0.3143545389175415,0.47460508346557617,2.7929883003234863,1.5287179946899414,0.0625,41.699974060058594,2.1251471042633057,20.93365478515625,0.03273809523809524,5.0,0.9785097241401672
R03065,0.24772141873836517,2.3333332538604736,0.30634647607803345,1.2212846279144287,9.078886985778809,3.525623321533203,0.05803571428571429,9.374358177185059,4.008113384246826,42.59847640991211,0.03125,0.0,0.0
R03066,0.23757565021514893,3.0,0.45563459396362305,1.9104728698730469,8.193534851074219,2.3019769191741943,0.09659090909090909,46.73807144165039,2.840261220932007,15.636711120605469,0.06818181818181818,19.0,0.9958135485649109
R03067,0.15341810882091522,2.0,0.2176675945520401,1.4174553155899048,7.005930423736572,1.9848272800445557,0.05592105263157895,5.158932209014893,3.993741750717163,44.62696075439453,0.02631578947368421,8.0,0.993312656879425
R03068,0.8095794916152954,4.0,0.40457987785339355,0.49974024295806885,3.0080044269561768,1.485342025756836,0.059027777777777776,132.76402282714844,2.619964122772217,18.756160736083984,0.05381944444444445,1.0,0.9801526069641113
R03069,0.3785306513309479,2.0,0.21039733290672302,0.5632129907608032,3.604928970336914,1.3096753358840942,0.04017857142857143,5.955483436584473,2.640317440032959,26.820423126220703,0.03125,2.0,0.9790207743644714
R03070,0.5983902812004089,4.666666507720947,0.7331917881965637,1.2076032161712646,5.918548583984375,1.0887669324874878,0.026785714285714284,37.296302795410156,1.846543788909912,10.513596534729004,0.0818452380952381,24.0,0.9830865263938904
R03071,0.32635498046875,4.666666507720947,0.40415170788764954,1.3081995248794556,6.4495697021484375,1.6288319826126099,0.07125,2.013793706893921,4.3090715408325195,43.18735122680664,0.02625,10.0,0.9982227683067322
R03072,0.5351095199584961,2.3333332538604736,0.28795212507247925,0.5396478772163391,2.950225830078125,1.0732908248901367,0.05803571428571429,15.179155349731445,2.3533337116241455,15.993314743041992,0.0625,0.0,0.0
R03073,0.5582535266876221,2.0,0.23752346634864807,0.4257403016090393,2.4108896255493164,0.6294845938682556,0.047619047619047616,12.656599998474121,1.834519624710083,10.750005722045898,0.05803571428571429,0.0,0.0
R03074,1.0557844638824463,3.3333332538604736,0.21861450374126434,0.20712755620479584,1.9035470485687256,-0.23523569107055664,0.0125,67.44049072265625,0.9028927087783813,8.641059875488281,0.04625,0.0,0.0
R03075,0.501966118812561,2.6666667461395264,0.3086100220680237,0.6140717267990112,3.3966479301452637,1.7050039768218994,0.05952380952380952,23.77935218811035,3.9210762977600098,34.16482162475586,0.03422619047619048,4.0,0.9791193604469299
R03076,0.13493339717388153,1.3333333730697632,0.14946110546588898,1.101022481918335,5.709606647491455,1.4868433475494385,0.05505952380952381,0.37910962104797363,4.16982889175415,61.12761306762695,0.020833333333333332,1.0,0.9822540879249573
R03077,0.5017313361167908,2.0,0.2285020351409912,0.45542603731155396,2.468010902404785,1.0864207744598389,0.05859375,21.440811157226562,1.668295979499817,10.721635818481445,0.052083333333333336,10.0,0.9973764419555664
R03078,0.6197972297668457,3.3333332538604736,0.3263769745826721,0.5238957405090332,2.651796340942383,0.28709420561790466,0.03,143.99884033203125,3.514596939086914,36.27163314819336,0.025,25.0,0.9886519312858582
R03079,0.3441762626171112,2.6666667461395264,0.4361877143383026,1.2575818300247192,5.612325191497803,1.1991175413131714,0.044642857142857144,15.276531219482422,2.6302428245544434,25.456445693969727,0.03125,0.0,0.0
R03080,0.552013635635376,2.6666667461395264,0.3444560468196869,0.631190299987793,2.9180431365966797,0.8519284725189209,0.05505952380952381,13.996099472045898,2.2427403926849365,20.945859909057617,0.04017857142857143,0.0,0.0
R03081,0.45731768012046814,2.0,0.25159284472465515,0.5516748428344727,3.324068307876587,1.1194932460784912,0.0625,7.651912212371826,3.597482919692993,30.264291763305664,0.04017857142857143,9.0,0.9913642406463623
R03082,0.5058532953262329,3.0,0.41048264503479004,0.8121317028999329,3.8416779041290283,1.28438401222229,0.06101190476190476,24.94977378845215,2.616878032684326,16.176528930664062,0.05803571428571429,0.0,0.0
R03083,0.3332866132259369,1.6666666269302368,0.2109062671661377,0.6291202306747437,3.687889575958252,0.9511332511901855,0.044642857142857144,4.437829971313477,4.648860931396484,48.401458740234375,0.026785714285714284,0.0,0.0
R03084,0.38868018984794617,2.6666667461395264,0.3030525743961334,0.7673823833465576,5.094025135040283,2.3486807346343994,0.0609375,11.140973091125488,2.8755509853363037,20.334903717041016,0.04375,1.0,0.9708248972892761
R03085,0.1754409670829773,2.6666667461395264,0.35960671305656433,2.024611234664917,11.632180213928223,2.757899284362793,0.06696428571428571,1.6620973348617554,3.244220018386841,40.511375427246094,0.03125,1.0,0.9967842102050781
R03086,0.24322420358657837,2.0,0.2705758213996887,1.1184914112091064,5.795585632324219,1.84810471534729,0.07589285714285714,5.716109275817871,3.0208003520965576,27.79349708557129,0.049107142857142856,4.0,0.9873068928718567
R03087,0.634969174861908,2.3333332538604736,0.2640727460384369,0.4151903986930847,2.1147682666778564,0.17170098423957825,0.00744047619047619,18.418834686279297,1.2621259689331055,6.268199920654297,0.0625,0.0,0.0
R03088,0.41300737857818604,3.0,0.36341214179992676,0.879914402961731,4.738476753234863,1.9740370512008667,0.05859375,21.71755027770996,2.7239954471588135,28.212339401245117,0.044270833333333336,17.0,0.99872225522995
R03089,1.3721731901168823,6.0,0.734356701374054,0.5351774096488953,1.9324753284454346,-0.24897953867912292,0.0,286.7396240234375,0.9887223839759827,4.162099838256836,0.05078125,0.0,0.0
R03090,0.7208573222160339,2.6666667461395264,0.23498666286468506,0.3262525796890259,2.1060826778411865,0.7159937620162964,0.05357142857142857,19.00485610961914,0.8112570643424988,4.618158340454102,0.044642857142857144,0.0,0.0
R03091,0.2603670656681061,2.0,0.28367626667022705,1.0895200967788696,5.208471775054932,1.4252188205718994,0.061197916666666664,8.447202682495117,4.036983489990234,59.67997741699219,0.020833333333333332,0.0,0.0
R03092,0.5902494192123413,2.3333332538604736,0.26303499937057495,0.4460870027542114,2.3848910331726074,0.10430390387773514,0.020833333333333332,15.980058670043945,1.333156943321228,15.655237197875977,0.03571428571428571,3.0,0.9904771447181702
R03093,0.5111222863197327,2.3333332538604736,0.2367771565914154,0.46181243658065796,3.359250068664551,1.2549686431884766,0.046130952380952384,5.3445539474487305,2.340968608856201,26.321413040161133,0.050595238095238096,1.0,0.9770916104316711
R03094,0.44338396191596985,2.3333332538604736,0.27792873978614807,0.6268339157104492,3.7369353771209717,1.4552851915359497,0.055989583333333336,16.304676055908203,2.232555627822876,22.944416046142578,0.05078125,12.0,0.9838023781776428
R03095,0.7702649831771851,3.0,0.35969078540802,0.46769657731056213,2.232306480407715,0.34262698888778687,0.025297619047619048,17.399349212646484,1.0746560096740723,5.552411079406738,0.050595238095238096,1.0,0.9722815752029419
R03096,0.17330031096935272,1.0,0.10565256327390671,0.6066127419471741,3.9828479290008545,1.7921173572540283,0.05875,0.7506171464920044,4.438106060028076,86.8995361328125,0.01375,2.0,0.9833968877792358
R03097,0.2605922520160675,1.6666666269302368,0.18595901131629944,0.7094373106956482,4.999762535095215,2.511871337890625,0.052083333333333336,3.6111018657684326,3.8306307792663574,30.238542556762695,0.050595238095238096,17.0,0.9964661598205566
R03098,0.4240904152393341,2.0,0.2509841322898865,0.5892823934555054,2.8079874515533447,0.7748109102249146,0.04807692307692308,12.54529857635498,1.7480965852737427,13.481507301330566,0.052884615384615384,6.0,0.9879114031791687
R03099,0.21987834572792053,1.6666666269302368,0.1895270198583603,0.8632835149765015,6.4261369705200195,1.8053079843521118,0.043154761904761904,2.2477426528930664,4.866015911102295,68.40782165527344,0.013392857142857142,3.0,0.9989470839500427
R03100,0.38421741127967834,2.0,0.2733432650566101,0.7114266157150269,3.058494806289673,0.8430632948875427,0.04513888888888889,6.771332263946533,2.219247341156006,15.079045295715332,0.04861111111111111,0.0,0.0
R03101,0.23637014627456665,2.0,0.23264746367931366,0.9843427538871765,4.677292346954346,1.2601085901260376,0.046130952380952384,7.043178081512451,2.322356939315796,15.982915878295898,0.052083333333333336,1.0,0.9778105616569519
R03102,0.68179851770401,2.6666667461395264,0.2427804172039032,0.3559771478176117,2.520596981048584,0.6623212099075317,0.03273809523809524,12.95649528503418,1.503659963607788,15.20977783203125,0.05952380952380952,0.0,0.0
R03103,0.4306754469871521,2.0,0.2695162892341614,0.6228680610656738,3.2010276317596436,1.5211912393569946,0.0744047619047619,12.270543098449707,2.5638720989227295,16.771451950073242,0.052083333333333336,9.0,0.9937677979469299
R03104,0.2992214560508728,1.6666666269302368,0.17223197221755981,0.575598418712616,3.7662718296051025,1.535921573638916,0.05381944444444445,4.776623249053955,3.7786569595336914,33.079593658447266,0.03125,201.0,0.9949412941932678
R03105,0.41664332151412964,2.0,0.23437578976154327,0.5631526112556458,2.8313965797424316,0.7769514918327332,0.05357142857142857,15.467820167541504,3.454890727996826,40.608211517333984,0.017857142857142856,8.0,0.9857049584388733
R03106,0.3801792860031128,2.0,0.24650847911834717,0.6559653282165527,3.5393717288970947,1.3968039751052856,0.050595238095238096,5.7314863204956055,2.6243672370910645,18.54637908935547,0.04017857142857143,12.0,0.9946884512901306
R03107,0.2988443374633789,2.3333332538604736,0.32114484906196594,1.0710537433624268,5.047178268432617,1.3514435291290283,0.052083333333333336,2.8589441776275635,4.605301380157471,81.2383041381836,0.017857142857142856,0.0,0.0
R03108,0.633963942527771,5.0,0.6323109269142151,0.9851113557815552,4.055650234222412,1.3996596336364746,0.0775,95.59097290039062,2.2335360050201416,14.010234832763672,0.07,14.0,0.9914868474006653
R03109,0.15754207968711853,2.0,0.26041603088378906,1.6532542705535889,10.349396705627441,3.303987503051758,0.047619047619047616,6.196336269378662,4.822218894958496,41.95272445678711,0.03571428571428571,49.0,0.9993124604225159
R03110,0.5695745348930359,3.0,0.3215862810611725,0.5608404278755188,2.9855458736419678,1.318416714668274,0.0825,12.860590934753418,2.063549757003784,21.469480514526367,0.06375,0.0,0.0
R03111,0.5570328235626221,4.333333492279053,0.6795772314071655,1.2165402173995972,4.0330657958984375,1.0335335731506348,0.06398809523809523,49.96809768676758,1.8624591827392578,8.35767650604248,0.07886904761904762,14.0,0.9930959343910217
R03112,0.325928270816803,3.0,0.474774032831192,1.4400027990341187,6.459005832672119,2.2989909648895264,0.07,62.457794189453125,3.4570653438568115,21.44517707824707,0.05875,18.0,0.9945944547653198
R03113,0.3435717225074768,1.6666666269302368,0.1575719565153122,0.4551819860935211,3.908053398132324,2.2948720455169678,0.050595238095238096,2.296804189682007,5.418456077575684,116.4554443359375,0.017857142857142856,3.0,0.9879932403564453
R03114,0.5933056473731995,3.0,0.41564133763313293,0.693025529384613,3.0769166946411133,0.6728427410125732,0.04017857142857143,15.835477828979492,2.1248672008514404,17.560659408569336,0.0625,1.0,0.9780857563018799
R03115,0.5034949779510498,2.0,0.22445423901081085,0.44480252265930176,2.7074296474456787,0.6852856278419495,0.046130952380952384,7.101223945617676,2.1142828464508057,22.252779006958008,0.050595238095238096,0.0,0.0
R03116,0.5804630517959595,3.0,0.32663413882255554,0.5632035136222839,3.6315066814422607,0.7139142751693726,0.03422619047619048,28.66109275817871,1.588679552078247,13.0020170211792,0.050595238095238096,10.0,0.9945261478424072
R03117,0.5994400978088379,3.3333332538604736,0.41570889949798584,0.6959728598594666,3.5505547523498535,1.1478548049926758,0.06365740740740741,49.115692138671875,2.3214805126190186,22.514503479003906,0.04398148148148148,39.0,0.9971749782562256
R03118,0.1858946830034256,1.6666666269302368,0.20337939262390137,1.0892119407653809,5.529901504516602,1.7507320642471313,0.06398809523809523,3.234126567840576,3.2834866046905518,32.654640197753906,0.044642857142857144,0.0,0.0
R03119,0.2988557815551758,2.0,0.27789708971977234,0.919103741645813,5.801863670349121,1.751570224761963,0.049107142857142856,3.0848758220672607,4.209310531616211,61.69965744018555,0.01636904761904762,2.0,0.9811168313026428
R03120,0.4356131851673126,3.0,0.4651242196559906,1.0598926544189453,4.374242782592773,1.2911676168441772,0.07142857142857142,24.685808181762695,3.060688018798828,30.56890106201172,0.03869047619047619,11.0,0.9899328947067261
R03121,0.29299482703208923,2.0,0.2944376468658447,0.9849553108215332,4.595305919647217,0.9154692888259888,0.032670454545454544,6.231658458709717,2.2596092224121094,22.238283157348633,0.04261363636363636,1.0,0.9710460305213928
R03122,0.2791924476623535,1.6666666269302368,0.20602500438690186,0.7374868988990784,5.071098804473877,1.6734739542007446,0.050595238095238096,3.022589683532715,6.501891136169434,100.88398742675781,0.013392857142857142,11.0,0.9916248321533203
R03123,0.7733897566795349,2.6666667461395264,0.18891452252864838,0.24459978938102722,1.6454296112060547,0.03728489950299263,0.023809523809523808,17.668264389038086,0.9159380197525024,5.05561637878418,0.049107142857142856,0.0,0.0
R03124,0.4629034698009491,3.0,0.40798458456993103,0.8782338500022888,3.725734233856201,1.405788540840149,0.0818452380952381,37.365867614746094,2.3686022758483887,11.458219528198242,0.07589285714285714,37.0,0.9951971769332886
R03125,0.9983828663825989,6.0,0.7817959189414978,0.7830613255500793,3.1574459075927734,0.4515133500099182,0.01953125,232.2571563720703,1.3361845016479492,7.606529235839844,0.052083333333333336,0.0,0.0
R03126,0.47407394647598267,3.0,0.3963468670845032,0.8283478617668152,5.109917163848877,1.9255059957504272,0.07244318181818182,36.48353576660156,3.5410923957824707,33.798770904541016,0.03551136363636364,6.0,0.9829313158988953
R03127,0.25266575813293457,2.0,0.21737222373485565,0.8595655560493469,5.235135078430176,1.921454906463623,0.05803571428571429,9.889845848083496,3.784940004348755,35.51433181762695,0.03720238095238095,59.0,0.9846262335777283
R03128,0.403158038854599,3.0,0.3748960494995117,0.9298959374427795,4.305190563201904,1.565065860748291,0.0763888888888889,26.439340591430664,2.693655490875244,16.987131118774414,0.06770833333333333,4.0,0.988013505935669
R03129,0.5557215809822083,3.0,0.38004863262176514,0.6823941469192505,2.4735493659973145,0.9815197587013245,0.01488095238095238,13.152790069580078,1.4108580350875854,4.841733932495117,0.05952380952380952,1.0,0.9701912999153137
R03130,0.3823743462562561,2.0,0.27564647793769836,0.7203310132026672,4.250771999359131,0.8168959021568298,0.037760416666666664,11.445022583007812,1.7183177471160889,17.62738609313965,0.040364583333333336,0.0,0.0
R03131,0.31529343128204346,2.0,0.1926131248474121,0.6201745867729187,4.921924114227295,2.695847749710083,0.05654761904761905,3.7924201488494873,3.906299114227295,39.02914047241211,0.02976190476190476,4.0,0.9967002868652344
R03132,0.590665876865387,2.6666667461395264,0.29152509570121765,0.4914097487926483,2.8505728244781494,0.39839187264442444,0.02976190476190476,19.17148208618164,1.489037275314331,16.41854476928711,0.026785714285714284,0.0,0.0
R03133,0.6452946662902832,3.6666667461395264,0.4465670883655548,0.6867796778678894,3.9063498973846436,1.2885003089904785,0.059027777777777776,49.54879379272461,2.1911919116973877,20.013444900512695,0.04513888888888889,16.0,0.9942525029182434
R03134,0.315168559551239,2.3333332538604736,0.3207656741142273,1.0212149620056152,6.13832426071167,2.093979597091675,0.06398809523809523,9.310561180114746,3.719189167022705,30.529653549194336,0.047619047619047616,3.0,0.9811219573020935
R03135,0.3400613069534302,2.0,0.23812700808048248,0.7002451419830322,4.69429874420166,2.3871452808380127,0.046875,8.839603424072266,3.7087841033935547,34.669166564941406,0.03993055555555555,3.0,0.9860059022903442
R03136,0.16290463507175446,1.3333333730697632,0.15223130583763123,0.9361829161643982,5.292940616607666,1.5254755020141602,0.059475806451612906,1.4257385730743408,3.3434879779815674,39.734500885009766,0.03528225806451613,115.0,0.9969903826713562
R03137,0.3977702856063843,2.0,0.25934284925460815,0.6606977581977844,3.5841989517211914,0.8491771817207336,0.04261363636363636,5.9412336349487305,2.468292236328125,17.51099967956543,0.05539772727272727,8.0,0.9967708587646484
R03138,0.4072689414024353,2.3333332538604736,0.3140338957309723,0.7701461315155029,4.073013782501221,1.171094298362732,0.034722222222222224,13.96803092956543,1.8745591640472412,14.592840194702148,0.04513888888888889,26.0,0.9959787130355835
R03139,0.4563360810279846,2.3333332538604736,0.2824115455150604,0.6099530458450317,3.4632763862609863,1.4011881351470947,0.06818181818181818,8.176616668701172,2.1888585090637207,24.51919937133789,0.03125,1.0,0.9924118518829346
R03140,0.4770453870296478,2.0,0.266695499420166,0.5554251670837402,2.7605552673339844,0.6771093010902405,0.03422619047619048,10.289031982421875,1.7566494941711426,13.331871032714844,0.050595238095238096,0.0,0.0
R03141,0.4566735625267029,2.6666667461395264,0.2876840829849243,0.6469778418540955,3.307490348815918,0.7285528182983398,0.045454545454545456,8.244135856628418,2.3797895908355713,16.003082275390625,0.05397727272727273,1.0,0.9814550876617432
R03142,0.5073094367980957,2.0,0.22009342908859253,0.4365222752094269,3.002140998840332,1.2297782897949219,0.044642857142857144,10.975193977355957,2.3247454166412354,29.913646697998047,0.022321428571428572,12.0,0.987014651298523
R03143,0.1732109636068344,1.6666666269302368,0.19263063371181488,1.1113600730895996,5.780652046203613,2.3029673099517822,0.06994047619047619,1.1567350625991821,4.165267467498779,52.610565185546875,0.03273809523809524,14.0,0.9898571372032166
R03144,0.3953852951526642,2.3333332538604736,0.28455066680908203,0.7161793112754822,3.7851486206054688,1.2120083570480347,0.052083333333333336,7.036683559417725,2.895756483078003,24.577911376953125,0.03422619047619048,3.0,0.9842813014984131
R03145,0.3479345142841339,2.6666667461395264,0.35424113273620605,1.0207698345184326,6.277165412902832,2.4831464290618896,0.05654761904761905,33.02913284301758,4.392295837402344,42.78364944458008,0.043154761904761904,1.0,0.9700517654418945
R03146,0.3887809216976166,1.6666666269302368,0.17788095772266388,0.456703245639801,2.9452309608459473,0.920934796333313,0.052083333333333336,3.3434231281280518,1.8525177240371704,11.921823501586914,0.05803571428571429,0.0,0.0
R03147,0.4010007083415985,2.0,0.20523016154766083,0.5174116492271423,3.230195999145508,1.3610929250717163,0.06,5.2557549476623535,2.4730451107025146,27.159122467041016,0.045,0.0,0.0
R03148,0.39156338572502136,2.0,0.2580295503139496,0.662548840045929,4.395723819732666,1.5526280403137207,0.041666666666666664,11.064739227294922,4.876133441925049,61.39815902709961,0.025297619047619048,8.0,0.9991172552108765
R03149,0.2659233510494232,2.0,0.2297082543373108,0.860993504524231,5.613766193389893,1.9828110933303833,0.03720238095238095,4.803009986877441,4.6291680335998535,51.29823684692383,0.026785714285714284,3.0,0.9893038272857666
R03150,0.5012758374214172,2.3333332538604736,0.2675591707229614,0.5333954095840454,2.944265604019165,0.9172609448432922,0.047619047619047616,17.601642608642578,1.8152090311050415,15.105732917785645,0.05357142857142857,5.0,0.9836341738700867
R03151,0.47697919607162476,2.3333332538604736,0.22984667122364044,0.4870993494987488,4.06738805770874,1.7299376726150513,0.05803571428571429,5.399409294128418,3.3909969329833984,41.08769989013672,0.043154761904761904,11.0,0.9981667399406433
R03152,0.6936132907867432,3.6666667461395264,0.460125595331192,0.6735776662826538,4.101491928100586,1.701517939567566,0.05505952380952381,37.43489074707031,2.1255569458007812,15.430769920349121,0.05952380952380952,1.0,0.9826890826225281
R03153,0.1811332404613495,1.3333333730697632,0.11551037430763245,0.6470791101455688,5.3666768074035645,2.349665880203247,0.043154761904761904,1.8088618516921997,7.297513008117676,170.3223419189453,0.008928571428571428,10.0,0.9951321482658386
R03154,0.13487523794174194,1.3333333730697632,0.14587104320526123,1.0947015285491943,9.556618690490723,2.902869939804077,0.05654761904761905,2.123431444168091,4.06048059463501,73.17884063720703,0.023809523809523808,29.0,0.9996293783187866
R03155,0.1617804914712906,1.3333333730697632,0.19802723824977875,1.2128995656967163,6.79083776473999,1.6949939727783203,0.06547619047619048,0.8140305876731873,2.653120279312134,27.606447219848633,0.05505952380952381,0.0,0.0
R03156,0.4530487060546875,3.3333332538604736,0.3904828131198883,0.8618983626365662,5.269553184509277,1.8686327934265137,0.057291666666666664,8.519851684570312,2.841428756713867,25.787139892578125,0.03125,9.0,0.991483211517334
R03157,0.4132920503616333,2.0,0.19178655743598938,0.464118093252182,3.061201333999634,1.4117944240570068,0.05952380952380952,7.427163124084473,1.5142908096313477,8.963765144348145,0.06101190476190476,3.0,0.9889131784439087
R03158,0.24886758625507355,2.0,0.22786229848861694,0.9140721559524536,4.751916885375977,1.4158618450164795,0.06101190476190476,3.4605350494384766,2.547947406768799,16.133493423461914,0.05505952380952381,0.0,0.0
R03159,0.269528865814209,1.6666666269302368,0.1676107794046402,0.6263550519943237,3.4948863983154297,0.8084434270858765,0.03571428571428571,0.7979003190994263,5.017655849456787,90.1049575805664,0.01488095238095238,7.0,0.9949747323989868
R03160,0.4225866198539734,3.0,0.45468780398368835,1.0693309307098389,4.640041828155518,1.4400311708450317,0.08035714285714286,20.00439453125,3.0349979400634766,28.678089141845703,0.03720238095238095,13.0,0.991195559501648
R03161,1.3550822734832764,5.0,0.41181716322898865,0.30385756492614746,1.8542219400405884,-1.0473015308380127,0.00744047619047619,142.52552795410156,0.6794230937957764,4.875888347625732,0.025297619047619048,0.0,0.0
R03162,0.22308534383773804,2.0,0.21019510924816132,0.935921847820282,5.249817371368408,1.5998213291168213,0.05803571428571429,3.345188617706299,2.9904468059539795,29.51735496520996,0.046130952380952384,5.0,0.9829044938087463
R03163,0.31878870725631714,1.6666666269302368,0.18568943440914154,0.5824824571609497,3.1092936992645264,0.7377603650093079,0.03515625,3.0129315853118896,2.1318447589874268,16.683216094970703,0.078125,4.0,0.9801385998725891
R03164,0.39358875155448914,2.0,0.18118984997272491,0.45945876836776733,3.201925754547119,1.4958233833312988,0.052083333333333336,14.345322608947754,2.434264659881592,21.129907608032227,0.041666666666666664,6.0,0.9812654852867126
R03165,0.25277629494667053,1.6666666269302368,0.2365318238735199,0.9288495182991028,4.746347427368164,1.272716760635376,0.06101190476190476,4.448856830596924,3.0211422443389893,36.80532455444336,0.03720238095238095,4.0,0.9922266006469727
R03166,0.4744380712509155,3.3333332538604736,0.5721665620803833,1.1924352645874023,4.856724739074707,0.8791195154190063,0.03977272727272727,25.799291610717773,2.1317875385284424,16.26900863647461,0.04971590909090909,2.0,0.9866008758544922
R03167,0.2437521368265152,1.6666666269302368,0.1999843567609787,0.8254396915435791,5.442899703979492,1.8173317909240723,0.03869047619047619,3.279468059539795,4.629070281982422,50.6164436340332,0.022321428571428572,4.0,0.9879151582717896
R03168,0.41084206104278564,2.0,0.20590193569660187,0.5011693239212036,2.9094138145446777,1.3741594552993774,0.0546875,6.833962917327881,2.677541971206665,37.09296798706055,0.028645833333333332,10.0,0.9865102767944336
R03169,0.16404643654823303,2.0,0.1988110989332199,1.2119126319885254,7.105813503265381,2.666862964630127,0.07552083333333333,4.213177680969238,4.514754295349121,40.629966735839844,0.033854166666666664,2.0,0.9749019742012024
R03170,0.2685719430446625,2.0,0.25412678718566895,0.9444203972816467,4.137326717376709,0.8788889050483704,0.050595238095238096,2.2875025272369385,2.9904632568359375,48.73571014404297,0.03125,7.0,0.9918699264526367
R03171,1.281631588935852,5.0,0.23382006585597992,0.18231162428855896,1.5946979522705078,-1.2234236001968384,0.006510416666666667,145.54144287109375,0.41180506348609924,4.259223461151123,0.026041666666666668,0.0,0.0
R03172,0.8528360724449158,3.3333332538604736,0.33729562163352966,0.39549827575683594,2.4500787258148193,-0.0750245600938797,0.018229166666666668,57.294036865234375,0.9162655472755432,5.257084369659424,0.046875,0.0,0.0
R03173,0.39881473779678345,3.0,0.35255008935928345,0.8724290728569031,4.113096237182617,1.3819458484649658,0.07625,32.041202545166016,2.2398133277893066,12.807907104492188,0.07375,1.0,0.980665385723114
R03174,0.3500375747680664,2.0,0.21675530076026917,0.6211209893226624,4.511919021606445,1.5724775791168213,0.044642857142857144,2.900663137435913,2.7549803256988525,35.636959075927734,0.03125,2.0,0.9735069274902344
R03175,0.2635768949985504,1.6666666269302368,0.18024256825447083,0.6913456320762634,3.9829721450805664,1.0822492837905884,0.046130952380952384,0.8851374387741089,4.303778171539307,59.80794906616211,0.020833333333333332,5.0,0.9886338114738464
R03176,0.518851101398468,2.3333332538604736,0.223734512925148,0.43155086040496826,3.3503761291503906,1.756622552871704,0.037868162692847124,10.112998962402344,1.7243902683258057,17.030351638793945,0.05049088359046283,0.0,0.0
R03177,0.1801317036151886,1.6666666269302368,0.22604653239250183,1.2483060359954834,10.181816101074219,3.8192226886749268,0.047619047619047616,5.435338973999023,5.279754161834717,59.647613525390625,0.020833333333333332,0.0,0.0
R03178,0.5880977511405945,3.0,0.28801631927490234,0.4887215793132782,3.235179901123047,0.9439785480499268,0.044407894736842105,24.598012924194336,1.7725034952163696,13.476612091064453,0.046052631578947366,2.0,0.9809306859970093
R03179,0.9663375616073608,4.0,0.3681584298610687,0.37882688641548157,2.760688543319702,0.6338967680931091,0.03720238095238095,87.38116455078125,1.121878743171692,8.181499481201172,0.044642857142857144,0.0,0.0
R03180,0.7218203544616699,6.0,0.7940561175346375,1.1000728607177734,3.8733937740325928,1.1820390224456787,0.08984375,183.735595703125,1.8815635442733765,14.292808532714844,0.07421875,3.0,0.9882999062538147
R03181,0.33863210678100586,2.0,0.19900281727313995,0.5876649618148804,3.9268240928649902,2.4245896339416504,0.046875,5.689700126647949,3.322664499282837,30.36837387084961,0.036458333333333336,7.0,0.985686719417572
R03182,0.519112229347229,3.0,0.43908387422561646,0.8348670601844788,3.750777244567871,0.9063318371772766,0.06101190476190476,27.82387351989746,2.3032467365264893,14.13497543334961,0.06994047619047619,0.0,0.0
R03183,0.5305813550949097,2.6666667461395264,0.34550735354423523,0.6482388377189636,3.592984914779663,1.1186240911483765,0.05803571428571429,15.622689247131348,3.712327003479004,29.955705642700195,0.03571428571428571,8.0,0.9812178611755371
R03184,0.47811517119407654,2.6666667461395264,0.3224811553955078,0.672230064868927,4.542323589324951,1.5725826025009155,0.0625,15.3905668258667,2.526951313018799,24.012371063232422,0.043154761904761904,0.0,0.0
R03185,0.6302011609077454,2.3333332538604736,0.1921231746673584,0.3046554625034332,1.9785490036010742,0.9034786820411682,0.044642857142857144,18.480091094970703,0.9335702061653137,5.5604424476623535,0.07142857142857142,1.0,0.9750337600708008
R03186,0.6979928612709045,3.6666667461395264,0.44198378920555115,0.6332200169563293,2.918519973754883,1.5162471532821655,0.08333333333333333,37.89154052734375,2.0036489963531494,9.844694137573242,0.078125,0.0,0.0
R03187,0.1384141743183136,1.3333333730697632,0.1864493489265442,1.347029685974121,11.662433624267578,4.342716217041016,0.03993055555555555,7.578867435455322,5.716936111450195,73.5696029663086,0.026041666666666668,103.0,0.9978610277175903
R03188,0.3740219473838806,2.0,0.25787603855133057,0.6860750317573547,4.736388683319092,0.9612245559692383,0.03273809523809524,4.435863494873047,3.654629945755005,67.13531494140625,0.01488095238095238,4.0,0.9958113431930542
R03189,0.1771133840084076,1.3333333730697632,0.169378399848938,0.9608686566352844,5.545492649078369,2.0315675735473633,0.06696428571428571,1.1418886184692383,3.075456142425537,38.80201721191406,0.03869047619047619,14.0,0.990816056728363
R03190,0.1082366555929184,1.0,0.1049967035651207,0.991802453994751,6.340404510498047,1.738450527191162,0.05803571428571429,0.9731225371360779,3.642956256866455,28.540119171142578,0.041666666666666664,91.0,0.9974808692932129
R03191,0.4048417806625366,3.3333332538604736,0.3863082230091095,0.9855002164840698,5.338816165924072,1.7682071924209595,0.06547619047619048,7.704881191253662,3.4949357509613037,31.66520881652832,0.04017857142857143,6.0,0.9889596104621887
R03192,0.49201536178588867,3.0,0.36980608105659485,0.7495386600494385,2.7413835525512695,1.2365988492965698,0.07886904761904762,12.46728801727295,1.6284674406051636,5.884119510650635,0.07738095238095238,0.0,0.0
R03193,0.16963113844394684,2.0,0.23383229970932007,1.3571470975875854,8.02197265625,1.8137884140014648,0.05803571428571429,10.083374977111816,3.7412571907043457,51.249549865722656,0.03422619047619048,9.0,0.9874361753463745
R03194,0.3546994924545288,4.0,0.5453411936759949,1.5374696254730225,6.676517963409424,2.002319812774658,0.09114583333333333,58.19124221801758,3.144191265106201,24.364185333251953,0.053385416666666664,0.0,0.0
R03195,1.452529788017273,4.666666507720947,0.379747211933136,0.2614383101463318,1.47013521194458,-1.0228451490402222,0.0,145.083740234375,0.6542880535125732,3.0998454093933105,0.040364583333333336,0.0,0.0
R03196,1.0185014009475708,4.0,0.37465646862983704,0.3653618097305298,1.9656203985214233,0.18566462397575378,0.015625,67.5536117553711,1.0984916687011719,7.088760852813721,0.052556818181818184,3.0,0.9881617426872253
R03197,0.3998144567012787,2.0,0.2680043876171112,0.6703230738639832,4.857404708862305,1.1680881977081299,0.03571428571428571,5.5401177406311035,2.6369876861572266,33.32420349121094,0.02976190476190476,5.0,0.9872399568557739
R03198,0.13911177217960358,1.3333333730697632,0.1466340869665146,1.0479472875595093,6.260325908660889,2.196491241455078,0.041666666666666664,0.7638099193572998,5.432910442352295,68.60637664794922,0.01488095238095238,3.0,0.9847337603569031
R03199,0.687294065952301,3.3333332538604736,0.3597271740436554,0.5206546783447266,2.4791693687438965,0.5366832613945007,0.04017857142857143,35.74176788330078,1.6241867542266846,13.2589693069458,0.044642857142857144,0.0,0.0
R03200,1.0507533550262451,4.0,0.4110880196094513,0.39123138785362244,2.0545756816864014,-0.18835817277431488,0.022135416666666668,102.45138549804688,0.9005666375160217,5.164144039154053,0.04296875,3.0,0.9803744554519653
R03201,0.34728044271469116,3.0,0.367710679769516,1.0516395568847656,5.331711292266846,2.2646358013153076,0.08639705882352941,19.598369598388672,3.2417585849761963,26.247161865234375,0.04779411764705882,205.0,0.998518705368042
R03202,0.42489802837371826,4.0,0.5055719614028931,1.1810320615768433,5.599783897399902,1.855150818824768,0.0625,42.69196319580078,2.493773937225342,22.824838638305664,0.05505952380952381,2.0,0.9883224964141846
R03203,0.6972741484642029,3.3333332538604736,0.5024173855781555,0.7143488526344299,3.4717116355895996,0.6727750897407532,0.008928571428571428,7.891727924346924,1.9869205951690674,12.29315185546875,0.06101190476190476,3.0,0.9985782504081726
R03204,0.5082817077636719,4.0,0.4712844789028168,0.9272095561027527,4.047535419464111,1.507887840270996,0.07118055555555555,56.48605728149414,2.0391550064086914,12.40744686126709,0.059027777777777776,17.0,0.9965997934341431
R03205,0.6412941813468933,3.0,0.405011385679245,0.6323218941688538,2.8770201206207275,0.832939624786377,0.046130952380952384,17.90461540222168,1.9822888374328613,12.656879425048828,0.05803571428571429,0.0,0.0
R03206,0.7155829071998596,3.3333332538604736,0.5027341842651367,0.6973464488983154,2.873100996017456,0.7148125767707825,0.049107142857142856,32.224639892578125,1.8779046535491943,10.941096305847168,0.05654761904761905,0.0,0.0
R03207,1.3846410512924194,5.333333492279053,0.57879239320755,0.4189072847366333,2.2671713829040527,0.6688233017921448,0.041666666666666664,56.74210739135742,0.8975337743759155,6.104981899261475,0.05952380952380952,0.0,0.0
R03208,0.959873616695404,4.0,0.361663818359375,0.3764094114303589,2.348850727081299,0.8113576173782349,0.047619047619047616,50.20835494995117,1.304606556892395,8.878820419311523,0.06696428571428571,0.0,0.0
R03209,0.30470484495162964,2.0,0.28686726093292236,0.9414562582969666,6.868175029754639,2.5369157791137695,0.032552083333333336,12.67905044555664,3.208456039428711,33.156803131103516,0.03125,0.0,0.0
R03210,0.5358979105949402,2.3333332538604736,0.25277578830718994,0.47450655698776245,3.4598352909088135,1.3736850023269653,0.047619047619047616,9.54633903503418,4.021781921386719,54.08316421508789,0.025297619047619048,13.0,0.988750159740448
R03211,0.46098604798316956,3.0,0.3654819428920746,0.7928245663642883,3.220698118209839,0.9881787896156311,0.0693359375,27.095012664794922,2.1818878650665283,12.365628242492676,0.0810546875,5.0,0.9817821383476257
R03212,0.19901812076568604,2.6666667461395264,0.34988507628440857,1.7580474615097046,8.276266098022461,1.9422630071640015,0.06597222222222222,12.831189155578613,4.595008850097656,55.05693054199219,0.019097222222222224,1.0,0.9917882084846497
R03213,0.3744238615036011,2.0,0.26598596572875977,0.7204835414886475,4.048101902008057,1.419480323791504,0.06101190476190476,9.825172424316406,2.4977781772613525,21.103281021118164,0.044642857142857144,0.0,0.0
R03214,0.36365440487861633,2.0,0.2924942970275879,0.8008260726928711,5.0533881187438965,1.3356560468673706,0.05803571428571429,5.678577423095703,2.726877212524414,32.07552719116211,0.052083333333333336,19.0,0.9910960793495178
R03215,1.5646992921829224,6.0,0.4216444790363312,0.26952409744262695,1.6300973892211914,-0.10053588449954987,0.009510869565217392,252.4491729736328,0.7813500761985779,6.968661308288574,0.036684782608695655,0.0,0.0
R03216,0.1386694759130478,1.0,0.08219793438911438,0.5900511145591736,6.4119720458984375,2.135221481323242,0.02976190476190476,0.5656921863555908,4.647034168243408,67.93896484375,0.019345238095238096,7.0,0.9772953391075134
R03217,0.6361660361289978,3.0,0.3716714382171631,0.581453800201416,3.138535499572754,0.15756727755069733,0.020833333333333332,22.16864013671875,2.7965445518493652,30.84327507019043,0.017857142857142856,1.0,0.9774603247642517
R03218,0.3326469957828522,2.0,0.2604033946990967,0.7824016809463501,6.61652135848999,3.1295738220214844,0.047619047619047616,9.976370811462402,6.254110813140869,71.69546508789062,0.013392857142857142,19.0,0.9990949630737305
R03219,0.3543468117713928,2.0,0.22071003913879395,0.6218813061714172,4.050356864929199,1.8572361469268799,0.05625,1.9100347757339478,2.9738972187042236,29.552860260009766,0.03375,0.0,0.0
R03220,0.22161775827407837,2.3333332538604736,0.3802431523799896,1.691558599472046,7.734406471252441,1.920314908027649,0.08333333333333333,13.600732803344727,2.736969232559204,26.80393409729004,0.03571428571428571,4.0,0.9830442667007446
R03221,0.20103879272937775,3.0,0.40081486105918884,1.9937090873718262,8.591402053833008,2.0640578269958496,0.0859375,17.707304000854492,2.7464675903320312,23.63075065612793,0.0625,10.0,0.9999950528144836
R03222,0.1578933447599411,2.0,0.25008559226989746,1.569417953491211,11.57049560546875,3.262758493423462,0.041666666666666664,6.239261627197266,5.965458393096924,62.404197692871094,0.023809523809523808,1.0,0.9825559258460999
R03223,0.5249511003494263,2.6666667461395264,0.30145081877708435,0.5742444396018982,2.4971275329589844,0.6786706447601318,0.02734375,18.50821876525879,1.656985878944397,9.36656665802002,0.06770833333333333,0.0,0.0
R03224,0.31951481103897095,2.0,0.19470110535621643,0.6093630194664001,3.898925304412842,1.840631127357483,0.06380208333333333,6.1348557472229,3.2442140579223633,48.591251373291016,0.033854166666666664,7.0,0.9842775464057922
R03225,0.2012338489294052,2.0,0.1785990297794342,0.868516743183136,5.706675052642822,2.4166431427001953,0.058423913043478264,8.448081970214844,3.9871304035186768,42.51850128173828,0.04076086956521739,22.0,0.9887024164199829
R03226,0.5097163915634155,2.6666667461395264,0.2935829758644104,0.5739958882331848,3.408129930496216,1.3118230104446411,0.05505952380952381,7.478657245635986,3.25099778175354,32.81521224975586,0.03720238095238095,5.0,0.9882472157478333
R03227,0.6278116106987,3.0,0.3379260003566742,0.5392876267433167,2.7460269927978516,0.9646376371383667,0.05357142857142857,21.082042694091797,2.0238218307495117,13.846095085144043,0.049107142857142856,8.0,0.9942667484283447
R03228,0.5383309125900269,3.0,0.25048545002937317,0.46529921889305115,2.7761051654815674,1.2254679203033447,0.0546875,19.306915283203125,1.7409827709197998,11.439335823059082,0.05078125,6.0,0.9994263648986816
R03229,0.8519256711006165,3.0,0.252893328666687,0.29661205410957336,2.0922365188598633,0.2915371358394623,0.03869047619047619,26.593244552612305,2.2718186378479004,52.82948303222656,0.010416666666666666,0.0,0.0
R03230,0.361582487821579,2.0,0.2418646514415741,0.6689041256904602,5.2881550788879395,2.6811933517456055,0.052083333333333336,8.833720207214355,3.1683154106140137,32.59886932373047,0.04861111111111111,0.0,0.0
R03231,0.8916363716125488,3.0,0.2065742015838623,0.23167960345745087,1.4964714050292969,-0.6771695613861084,0.006510416666666667,110.4846420288086,0.6547743082046509,3.5260937213897705,0.045572916666666664,0.0,0.0
R03232,0.3496924340724945,2.0,0.17461788654327393,0.5000995993614197,3.2751011848449707,1.4646908044815063,0.06696428571428571,13.691179275512695,2.552753210067749,24.07708168029785,0.047619047619047616,0.0,0.0
R03233,0.3757202625274658,3.0,0.33865657448768616,0.9213905930519104,4.56464958190918,1.1098072528839111,0.05654761904761905,16.948945999145508,2.3774731159210205,32.84489440917969,0.049107142857142856,2.0,0.9859264492988586
R03234,0.6766193509101868,2.6666667461395264,0.3381723463535309,0.49881142377853394,2.612497091293335,0.3573268949985504,0.03125,10.154444694519043,1.8080968856811523,19.172683715820312,0.044642857142857144,2.0,0.9827480316162109
R03235,0.35669490694999695,3.0,0.43424177169799805,1.2174001932144165,5.789535999298096,2.2224316596984863,0.07552083333333333,61.28351974487305,3.551718235015869,21.407066345214844,0.059895833333333336,24.0,0.9998427033424377
R03236,0.29488086700439453,2.3333332538604736,0.33865582942962646,1.1425808668136597,7.1606879234313965,2.42737078666687,0.06547619047619048,9.86841869354248,3.884305000305176,33.76625442504883,0.049107142857142856,16.0,0.9906994700431824
R03237,0.33912912011146545,2.6666667461395264,0.39826565980911255,1.1743741035461426,4.799350261688232,1.1061561107635498,0.0517578125,13.080879211425781,2.2576138973236084,27.574386596679688,0.05078125,11.0,0.9981482028961182
R03238,0.4036683142185211,2.3333332538604736,0.337929368019104,0.8371183276176453,4.380255699157715,1.4385089874267578,0.06398809523809523,8.675605773925781,2.669734239578247,29.163116455078125,0.046130952380952384,16.0,0.9960371851921082
R03239,0.526562511920929,4.0,0.5337325930595398,1.0034230947494507,3.0134029388427734,0.4752543866634369,0.001488095238095238,95.00495910644531,1.5573153495788574,6.515995979309082,0.07738095238095238,18.0,0.9990653395652771
R03240,0.36027249693870544,2.3333332538604736,0.29789111018180847,0.8259916305541992,5.013058185577393,2.34197735786438,0.06696428571428571,9.269634246826172,3.8465895652770996,48.1426887512207,0.03571428571428571,1.0,0.9767628312110901
R03241,0.9993022680282593,4.0,0.46668633818626404,0.4678477942943573,2.325434446334839,0.6474757790565491,0.03571428571428571,66.95664978027344,1.402571439743042,8.684192657470703,0.05952380952380952,0.0,0.0
R03242,1.8117518424987793,8.0,0.6990746855735779,0.3858553469181061,2.1490535736083984,0.14814437925815582,0.014322916666666666,155.39393615722656,1.026950478553772,11.357723236083984,0.036458333333333336,0.0,0.0
R03243,0.5812395215034485,2.6666667461395264,0.3050946891307831,0.5250096917152405,3.1044020652770996,1.0789086818695068,0.052083333333333336,9.799135208129883,1.9993925094604492,14.762167930603027,0.046130952380952384,7.0,0.9871002435684204
R03244,0.1920250952243805,3.6666667461395264,0.31488046050071716,1.8020803928375244,8.608811378479004,2.553152084350586,0.08,0.5830904245376587,4.423492431640625,54.843441009521484,0.0275,1.0,0.9739523530006409
R03245,0.43837687373161316,3.3333332538604736,0.5056999921798706,1.1441221237182617,5.307041168212891,1.6472569704055786,0.06696428571428571,47.97869110107422,3.7791085243225098,46.93015670776367,0.02976190476190476,25.0,0.9932430386543274
R03246,0.2886372208595276,2.3333332538604736,0.3284287750720978,1.1314702033996582,5.704826354980469,1.866133689880371,0.06696428571428571,7.307429790496826,2.982093572616577,27.443016052246094,0.049107142857142856,0.0,0.0
R03247,0.24022389948368073,2.6666667461395264,0.4379418194293976,1.8024425506591797,7.353888511657715,1.8384660482406616,0.08928571428571429,13.44676399230957,3.0144882202148438,20.943208694458008,0.03720238095238095,0.0,0.0
R03248,0.27972152829170227,3.0,0.43385034799575806,1.5434107780456543,6.955137252807617,1.874315857887268,0.08482142857142858,30.481369018554688,2.987922430038452,27.77576446533203,0.052083333333333336,13.0,0.9880009889602661
R03249,0.7977544665336609,4.0,0.40232372283935547,0.5020779967308044,2.540982246398926,0.619888961315155,0.041193181818181816,86.17931365966797,1.1292842626571655,7.181604862213135,0.052556818181818184,0.0,0.0
R03250,0.24331824481487274,1.3333333730697632,0.12510423362255096,0.5151395797729492,3.4635720252990723,1.1452150344848633,0.052083333333333336,0.6804944276809692,1.6939003467559814,12.287788391113281,0.049107142857142856,24.0,0.9899199604988098
R03251,0.24822255969047546,2.3333332538604736,0.3082553446292877,1.2336498498916626,5.44548225402832,1.6781257390975952,0.08779761904761904,10.845643997192383,2.9770023822784424,24.22369384765625,0.050595238095238096,5.0,0.988438069820404
R03252,0.30398398637771606,3.0,0.3384835124015808,1.1134878396987915,5.716172218322754,1.7949010133743286,0.057291666666666664,8.63586139678955,4.276268482208252,66.65411376953125,0.029947916666666668,14.0,0.997992992401123
R03253,0.3212084472179413,1.6666666269302368,0.17603178322315216,0.5566182732582092,3.374070405960083,1.0570508241653442,0.047619047619047616,3.4153928756713867,2.6243479251861572,29.946531295776367,0.03273809523809524,9.0,0.9876848459243774
R03254,0.27930736541748047,2.0,0.347311407327652,1.22808039188385,4.739940643310547,1.1504026651382446,0.06398809523809523,2.5739147663116455,2.0894203186035156,20.70568084716797,0.05654761904761905,0.0,0.0
R03255,0.2595537304878235,1.6666666269302368,0.15166527032852173,0.5925570726394653,3.2571098804473877,0.8248870968818665,0.03869047619047619,0.948768138885498,3.9719901084899902,50.2464714050293,0.026785714285714284,8.0,0.9869135022163391
R03256,0.2818281352519989,2.0,0.1897629052400589,0.6758555173873901,4.0519914627075195,2.447870969772339,0.06547619047619048,5.147235870361328,2.913191795349121,20.104461669921875,0.046130952380952384,34.0,0.9932469725608826
R03257,0.4733023941516876,2.6666667461395264,0.2880033552646637,0.6094841957092285,2.932563066482544,0.8404580950737,0.050595238095238096,28.89469337463379,2.103947639465332,19.411184310913086,0.05803571428571429,1.0,0.9710354804992676
R03258,0.2558269202709198,1.6666666269302368,0.19965896010398865,0.7837904691696167,3.994652032852173,0.6338919997215271,0.028273809523809524,0.8766297698020935,1.3589175939559937,14.272486686706543,0.03125,1.0,0.9759521484375
R03259,0.4448392987251282,3.0,0.45535731315612793,1.02364182472229,3.8578903675079346,0.482677698135376,0.029296875,37.62767028808594,1.8934557437896729,18.5528621673584,0.044921875,9.0,0.9998566508293152
R03260,1.0062241554260254,4.0,0.400649756193161,0.39671963453292847,1.9993984699249268,-0.24444453418254852,0.01636904761904762,118.56729125976562,0.8650336265563965,5.596129894256592,0.046130952380952384,0.0,0.0
R03261,0.41693100333213806,3.0,0.3976703882217407,0.9553762078285217,4.126834392547607,0.8686797022819519,0.0625,15.555159568786621,3.0231375694274902,28.98897933959961,0.03720238095238095,0.0,0.0
R03262,0.26420310139656067,1.6666666269302368,0.18663913011550903,0.7136316895484924,5.674398422241211,2.919915199279785,0.046130952380952384,2.6223180294036865,5.132857799530029,83.80126190185547,0.023809523809523808,7.0,0.9935824275016785
R03263,0.39848920702934265,3.0,0.3539429008960724,0.8882097005844116,5.529497146606445,2.013375759124756,0.04296875,21.27166175842285,2.751638412475586,27.673297882080078,0.03125,0.0,0.0
R03264,0.44301337003707886,3.0,0.3526267111301422,0.7915405631065369,3.592101573944092,1.343600869178772,0.06845238095238096,21.198251724243164,2.2192628383636475,14.035321235656738,0.05505952380952381,0.0,0.0
R03265,0.25990188121795654,1.0,0.06825347244739532,0.2630130350589752,4.342685222625732,4.487353324890137,0.022321428571428572,2.1364657878875732,1.8822966814041138,46.02873611450195,0.011904761904761904,22.0,0.9898915886878967
R03266,1.9820799827575684,6.0,0.7683423757553101,0.38953113555908203,1.6905800104141235,-1.2182432413101196,0.0,50.84423828125,0.7313101887702942,2.8882203102111816,0.023809523809523808,0.0,0.0
R03267,0.18011868000030518,2.0,0.3005170226097107,1.6684292554855347,8.058513641357422,1.873643159866333,0.06597222222222222,7.5567626953125,4.319459915161133,51.65708923339844,0.027777777777777776,1.0,0.9922447800636292
R03268,0.40318185091018677,2.0,0.27066677808761597,0.6658936738967896,2.98395037651062,1.060865044593811,0.05803571428571429,12.10688304901123,2.1058242321014404,12.061997413635254,0.07738095238095238,1.0,0.9779918789863586
R03269,0.4351193308830261,3.0,0.3954000771045685,0.9031245112419128,4.576333999633789,1.6379730701446533,0.07738095238095238,30.697988510131836,2.664001941680908,24.773983001708984,0.050595238095238096,2.0,0.9893487095832825
R03270,0.5301769971847534,3.0,0.45567119121551514,0.8534878492355347,3.8594753742218018,1.1363956928253174,0.05803571428571429,27.39287757873535,2.3305118083953857,15.317130088806152,0.03869047619047619,5.0,0.9812929630279541
R03271,0.6097201704978943,2.0,0.1862373948097229,0.3054658770561218,2.837240219116211,2.435368299484253,0.046130952380952384,13.79713249206543,2.699995517730713,27.22664451599121,0.03869047619047619,2.0,0.9797569513320923
R03272,0.45474690198898315,3.0,0.43636760115623474,0.9719182252883911,3.8564350605010986,1.2699501514434814,0.08928571428571429,28.02573013305664,2.354982614517212,10.806121826171875,0.09672619047619048,11.0,0.993299663066864
R03273,0.25279173254966736,2.3333332538604736,0.3163737654685974,1.2402145862579346,6.081758975982666,1.8485407829284668,0.05952380952380952,10.234321594238281,3.056274652481079,34.58436584472656,0.043154761904761904,3.0,0.9792519211769104
R03274,0.18680647015571594,1.6666666269302368,0.20765575766563416,1.1037787199020386,6.986877918243408,1.800246238708496,0.049107142857142856,2.9882099628448486,3.7247560024261475,44.95691680908203,0.03720238095238095,2.0,0.9782590866088867
R03275,0.2547406554222107,1.6666666269302368,0.19379031658172607,0.7654040455818176,5.762478828430176,2.0819294452667236,0.047619047619047616,7.12365198135376,3.977818250656128,44.37482833862305,0.023809523809523808,117.0,0.9984759092330933
R03276,0.32824981212615967,2.0,0.23912093043327332,0.7223066091537476,3.851557731628418,1.0556316375732422,0.05505952380952381,4.642627716064453,2.7840237617492676,25.19865608215332,0.041666666666666664,2.0,0.9755944609642029
R03277,0.2902025878429413,2.0,0.2120247632265091,0.730606734752655,4.68533182144165,1.0297164916992188,0.040364583333333336,3.375047445297241,2.7147269248962402,29.479650497436523,0.049479166666666664,1.0,0.9923024773597717
R03278,0.482388973236084,3.0,0.39495083689689636,0.8180172443389893,4.1423749923706055,1.5086302757263184,0.06398809523809523,22.172393798828125,3.045755386352539,23.44906234741211,0.050595238095238096,22.0,0.986886739730835
R03279,0.33796316385269165,2.0,0.25253668427467346,0.7451015114784241,6.320648670196533,2.1387557983398438,0.050595238095238096,4.324792861938477,3.7735249996185303,44.40721893310547,0.03125,0.0,0.0
R03280,0.7206000685691833,3.0,0.24903443455696106,0.34708619117736816,2.3001952171325684,0.34091243147850037,0.023809523809523808,22.81142807006836,0.9815229773521423,7.138422966003418,0.05505952380952381,2.0,0.9837566018104553
R03281,0.3924368917942047,2.0,0.21749359369277954,0.5548624396324158,3.2130417823791504,0.3561486005783081,0.023809523809523808,5.27009916305542,1.8699015378952026,20.36681365966797,0.041666666666666664,2.0,0.981033205986023
R03282,0.12875494360923767,1.6666666269302368,0.18046748638153076,1.4016245603561401,9.018091201782227,2.8737895488739014,0.05078125,1.0462360382080078,4.173016548156738,62.58791732788086,0.0234375,0.0,0.0
R03283,0.3810843229293823,3.0,0.5353350043296814,1.4047640562057495,4.282928943634033,1.244774341583252,0.059027777777777776,7.203663349151611,1.8266551494598389,11.556320190429688,0.03819444444444445,0.0,0.0
R03284,0.40405693650245667,2.3333332538604736,0.3195611536502838,0.7908793687820435,4.585639953613281,1.333587646484375,0.046875,4.747262477874756,3.03652286529541,29.654375076293945,0.028645833333333332,10.0,0.9920960068702698
R03285,0.3678552210330963,2.6666667461395264,0.3380906581878662,0.9179974794387817,4.818844795227051,1.472535490989685,0.06994047619047619,16.620805740356445,2.6762897968292236,29.038015365600586,0.047619047619047616,0.0,0.0
R03286,0.3017716407775879,2.0,0.2714594900608063,0.895886242389679,4.769903659820557,2.2142393589019775,0.06398809523809523,4.692482948303223,3.256126880645752,16.824260711669922,0.05952380952380952,180.0,0.9941476583480835
R03287,0.12434892356395721,1.3333333730697632,0.1725919395685196,1.390580654144287,7.070894241333008,2.168602466583252,0.06845238095238096,0.5944758653640747,4.119113445281982,63.4920654296875,0.023809523809523808,13.0,0.988218367099762
R03288,0.1552405059337616,1.0,0.09842135012149811,0.6498871445655823,4.2494635581970215,1.637261986732483,0.05952380952380952,1.1324611902236938,2.8913605213165283,31.936473846435547,0.03422619047619048,11.0,0.9909260272979736
R03289,0.35436108708381653,2.0,0.24565616250038147,0.6934930682182312,3.6491620540618896,0.8843598961830139,0.050595238095238096,4.923323631286621,2.168980598449707,23.328126907348633,0.046130952380952384,13.0,0.9925680160522461
R03290,0.29776373505592346,2.3333332538604736,0.3175036311149597,1.0696882009506226,6.59664249420166,1.9565579891204834,0.06845238095238096,8.196009635925293,2.784423589706421,32.59663009643555,0.041666666666666664,14.0,0.9970507621765137
R03291,0.5624728202819824,3.0,0.35051676630973816,0.6194525361061096,3.9866790771484375,1.983632206916809,0.06696428571428571,31.8207950592041,3.2298355102539062,29.028606414794922,0.03125,1.0,0.9706409573554993
R03292,0.3891031742095947,3.0,0.31099405884742737,0.7925651669502258,5.719999313354492,1.9878995418548584,0.0744047619047619,24.149019241333008,2.971097230911255,28.962757110595703,0.043154761904761904,5.0,0.9803422689437866
R03293,0.16943399608135223,2.0,0.25182661414146423,1.4862724542617798,8.393781661987305,1.8044739961624146,0.061197916666666664,8.935474395751953,2.663891553878784,21.65391731262207,0.048177083333333336,1.0,0.9978728890419006
R03294,0.3608889877796173,2.0,0.26188206672668457,0.7236682772636414,3.965100049972534,0.8414791226387024,0.03869047619047619,9.179250717163086,3.533726930618286,40.30256271362305,0.02976190476190476,28.0,0.9960517287254333
R03295,0.3841245472431183,2.3333332538604736,0.31622564792633057,0.8206815123558044,8.16165828704834,2.694455146789551,0.05803571428571429,12.797630310058594,3.2084155082702637,32.17030715942383,0.049107142857142856,19.0,0.9891309142112732
R03296,0.4152684509754181,2.6666667461395264,0.32736262679100037,0.784630537033081,5.732247352600098,2.132091760635376,0.05823863636363636,19.768842697143555,3.586040735244751,32.231964111328125,0.03977272727272727,11.0,0.989678144454956
R03297,0.4003191292285919,2.3333332538604736,0.24785403907299042,0.6142595410346985,3.6916513442993164,1.1881643533706665,0.046130952380952384,15.881147384643555,2.255781650543213,16.2910213470459,0.03869047619047619,2.0,0.9757791757583618
R03298,0.6219347715377808,3.0,0.3302684426307678,0.5295231938362122,2.716026544570923,1.2879647016525269,0.06547619047619048,29.320690155029297,1.900164246559143,9.748290061950684,0.06547619047619048,0.0,0.0
R03299,0.21385586261749268,2.0,0.19906561076641083,0.9308355450630188,6.4751973152160645,2.4653513431549072,0.0642361111111111,3.611025094985962,2.872004270553589,40.07861328125,0.029513888888888888,84.0,0.9937915802001953
R03300,0.40535488724708557,2.0,0.2618470788002014,0.6421545743942261,3.058319091796875,1.2732945680618286,0.0744047619047619,11.67097282409668,2.441547155380249,14.805059432983398,0.05505952380952381,9.0,0.9850719571113586
R03301,0.7353706955909729,4.333333492279053,0.6489054560661316,0.8615225553512573,4.30061674118042,1.2746961116790771,0.044642857142857144,45.077171325683594,2.351016044616699,17.731830596923828,0.06101190476190476,23.0,0.9954285025596619
R03302,0.5740557909011841,3.6666667461395264,0.5199793577194214,0.9080509543418884,3.015132427215576,1.007642149925232,0.02976190476190476,33.55730438232422,1.6059541702270508,5.902179718017578,0.08928571428571429,14.0,0.9993926286697388
R03303,0.1156233698129654,1.3333333730697632,0.16220708191394806,1.4426740407943726,9.97972297668457,2.7312939167022705,0.05505952380952381,1.5285946130752563,3.428922653198242,39.11012268066406,0.046130952380952384,17.0,0.9984270930290222
R03304,0.2513884902000427,1.6666666269302368,0.16181927919387817,0.6524462699890137,3.383578062057495,0.9002007246017456,0.041666666666666664,0.7549111247062683,4.665096759796143,67.14066314697266,0.019345238095238096,4.0,0.99709153175354
R03305,0.3109486699104309,3.0,0.3571949005126953,1.1487224102020264,4.7621660232543945,1.380539894104004,0.0859375,22.2177791595459,2.230768918991089,15.890878677368164,0.075,96.0,0.9877710342407227
R03306,0.7365264892578125,3.6666667461395264,0.42501509189605713,0.5749737024307251,3.1191742420196533,0.801688551902771,0.03273809523809524,42.28980255126953,1.6262513399124146,13.520536422729492,0.05952380952380952,0.0,0.0
R03307,0.2881459891796112,1.6666666269302368,0.17480359971523285,0.6049782633781433,3.1263036727905273,1.09548020362854,0.049107142857142856,1.3858642578125,2.193765640258789,14.625860214233398,0.05803571428571429,41.0,0.993893027305603
R03308,0.3891315758228302,2.3333332538604736,0.34348350763320923,0.8672365546226501,4.203114032745361,0.7259923815727234,0.03625,4.993321418762207,2.9996497631073,36.78118896484375,0.0425,33.0,0.9965884685516357
R03309,0.5169508457183838,3.0,0.3038780093193054,0.5878264904022217,3.7233731746673584,1.569607138633728,0.0546875,37.995723724365234,2.821101188659668,38.68268585205078,0.033854166666666664,2.0,0.9874074459075928
R03310,0.5635978579521179,3.0,0.31122639775276184,0.5521525144577026,2.8228812217712402,1.3066885471343994,0.06547619047619048,22.18075180053711,1.9577751159667969,10.35098648071289,0.06696428571428571,0.0,0.0
R03311,0.12614576518535614,2.0,0.21372833847999573,1.6966501474380493,8.726499557495117,1.9816761016845703,0.07291666666666667,8.544315338134766,2.779409170150757,29.1906795501709,0.047619047619047616,10.0,0.9973374009132385
R03312,0.48764026165008545,3.3333332538604736,0.41692134737968445,0.8549752831459045,4.969845771789551,1.1440964937210083,0.045572916666666664,14.10212230682373,2.363666296005249,21.109384536743164,0.03515625,16.0,0.9962548613548279
R03313,0.7817196846008301,3.6666667461395264,0.4809943735599518,0.6076327562332153,2.301628828048706,0.042127907276153564,0.010416666666666666,74.69976806640625,1.0508079528808594,4.393665790557861,0.022321428571428572,4.0,0.995135486125946
R03314,0.4644456207752228,3.0,0.3344677984714508,0.7125769257545471,3.29697322845459,0.7050926089286804,0.04017857142857143,10.929729461669922,2.0399887561798096,27.20383071899414,0.025297619047619048,7.0,0.9866296648979187
R03315,0.2553997039794922,1.6666666269302368,0.22021256387233734,0.8582698106765747,4.582561016082764,1.1737452745437622,0.05357142857142857,3.9688808917999268,3.188819408416748,30.808042526245117,0.03720238095238095,0.0,0.0
R03316,0.8489805459976196,4.333333492279053,0.5502374768257141,0.6448460817337036,2.3587608337402344,0.6482681632041931,0.004464285714285714,114.5249252319336,1.3787484169006348,7.108227729797363,0.03273809523809524,4.0,0.9872565865516663
R03317,0.5560610294342041,2.6666667461395264,0.32305601239204407,0.567996084690094,2.6435911655426025,0.9946240186691284,0.05965909090909091,18.975767135620117,1.9032368659973145,11.421357154846191,0.07386363636363637,1.0,0.9801796078681946
R03318,0.3671359717845917,2.0,0.20907481014728546,0.5694620013237,3.297372341156006,1.4425251483917236,0.05654761904761905,9.685529708862305,2.5848312377929688,25.005008697509766,0.041666666666666664,1.0,0.9762204885482788
R03319,0.3782575726509094,2.0,0.23646748065948486,0.6203752160072327,3.3494181632995605,1.0685434341430664,0.050595238095238096,2.527355194091797,2.6814379692077637,28.50565528869629,0.046130952380952384,2.0,0.9945114254951477
R03320,0.37108951807022095,2.0,0.18072783946990967,0.48837682604789734,2.596719980239868,0.17199453711509705,0.03720238095238095,4.130870819091797,1.6999547481536865,11.529678344726562,0.05803571428571429,0.0,0.0
R03321,0.4434501528739929,2.0,0.26463180780410767,0.5930860042572021,3.6200218200683594,1.1706039905548096,0.050595238095238096,16.457380294799805,2.6891183853149414,23.583709716796875,0.046130952380952384,2.0,0.9757083058357239
R03322,0.23124395310878754,2.0,0.24154561758041382,1.0445443391799927,6.549973487854004,1.845885157585144,0.04296875,4.6773762702941895,2.2699527740478516,28.38465690612793,0.032552083333333336,78.0,0.9907493591308594
R03323,0.8862036466598511,3.3333332538604736,0.27499067783355713,0.31006523966789246,2.68086314201355,0.9871164560317993,0.052083333333333336,49.08066940307617,0.9256704449653625,9.821159362792969,0.043154761904761904,3.0,0.9777017831802368
R03324,0.5909194350242615,2.6666667461395264,0.2935710847377777,0.4970172345638275,2.7737278938293457,0.9820690751075745,0.05952380952380952,14.7708158493042,2.196521759033203,22.92697525024414,0.050595238095238096,0.0,0.0
R03325,0.5688112378120422,2.6666667461395264,0.34308797121047974,0.6031655669212341,2.7126152515411377,0.8529248833656311,0.0625,12.807599067687988,2.3491764068603516,25.584705352783203,0.036458333333333336,2.0,0.9821640849113464
R03326,0.23216116428375244,1.3333333730697632,0.126185342669487,0.5473882555961609,2.8496172428131104,0.5594404935836792,0.03869047619047619,1.319596290588379,2.608600378036499,36.54499053955078,0.03571428571428571,11.0,0.9937366247177124
R03327,0.4420020580291748,2.6666667461395264,0.3154729902744293,0.7119345664978027,4.9013166427612305,2.198258638381958,0.07125,18.97150230407715,3.995328187942505,61.032196044921875,0.0225,1.0,0.9738254547119141
R03328,0.6500489115715027,2.6666667461395264,0.25114724040031433,0.3869604468345642,2.202319860458374,0.03057444468140602,0.022321428571428572,8.391860961914062,2.241234302520752,27.541370391845703,0.03571428571428571,0.0,0.0
R03329,0.3337495028972626,2.0,0.3109230101108551,0.9329383373260498,6.035274982452393,1.7871025800704956,0.05505952380952381,12.902399063110352,3.501368761062622,47.50722122192383,0.046130952380952384,644.0,0.9985500574111938
R03330,0.47045108675956726,2.0,0.2148616909980774,0.45723235607147217,3.3589916229248047,1.56374990940094,0.049107142857142856,6.333959579467773,2.421398639678955,26.57201385498047,0.03869047619047619,2.0,0.9925073981285095
R03331,0.3578084409236908,1.6666666269302368,0.15958431363105774,0.4445921778678894,2.603656053543091,1.090171217918396,0.06101190476190476,1.790434718132019,1.300707221031189,18.790672302246094,0.03422619047619048,5.0,0.9821702241897583
R03332,0.7195547819137573,3.6666667461395264,0.40731140971183777,0.565825343132019,3.0053491592407227,1.3783016204833984,0.06845238095238096,44.0823974609375,1.9743216037750244,12.647252082824707,0.06398809523809523,2.0,0.9764469861984253
R03333,0.5829366445541382,2.3333332538604736,0.2515007257461548,0.4316387474536896,2.8520407676696777,1.5941563844680786,0.06547619047619048,12.207984924316406,2.9515771865844727,54.85755157470703,0.03422619047619048,0.0,0.0
R03334,0.15014390647411346,1.6666666269302368,0.22267340123653412,1.4830564260482788,8.91282844543457,2.2770144939422607,0.091796875,1.988581895828247,3.581777572631836,55.753868103027344,0.0380859375,0.0,0.0
R03335,0.1931624859571457,2.0,0.2938639223575592,1.4652341604232788,7.359038829803467,1.7243300676345825,0.0625,8.188758850097656,3.254340171813965,30.891521453857422,0.04619565217391304,0.0,0.0
R03336,0.5122490525245667,2.0,0.16607989370822906,0.32421648502349854,2.757951021194458,0.6990064978599548,0.029947916666666668,6.334066867828369,3.2720727920532227,52.087093353271484,0.010416666666666666,0.0,0.0
R03337,0.37308743596076965,2.0,0.2320137768983841,0.6188464164733887,3.198655843734741,1.0468770265579224,0.052083333333333336,21.743501663208008,3.6176719665527344,30.66646957397461,0.03125,10.0,0.9930835962295532
R03338,0.25582462549209595,2.3333332538604736,0.24630776047706604,0.9801827669143677,4.8927693367004395,1.5713614225387573,0.07738095238095238,2.577296495437622,5.001081466674805,68.5488052368164,0.01636904761904762,39.0,0.9945029020309448
R03339,0.19602465629577637,2.3333332538604736,0.3108600974082947,1.5786906480789185,8.89061164855957,2.706106185913086,0.0744047619047619,15.194178581237793,4.301996231079102,55.327823638916016,0.03720238095238095,0.0,0.0
R03340,0.33802616596221924,3.0,0.3483230769634247,1.020104169845581,4.355742931365967,1.1668877601623535,0.052083333333333336,15.265552520751953,2.070585250854492,12.823031425476074,0.052083333333333336,10.0,0.9947459697723389
R03341,0.379067599773407,2.6666667461395264,0.38343432545661926,1.0054256916046143,5.928025245666504,1.2673039436340332,0.044642857142857144,4.123074531555176,3.879218101501465,55.538795471191406,0.026785714285714284,5.0,0.9873486161231995
R03342,0.7060269117355347,5.0,0.6420630812644958,0.9112589359283447,3.592519521713257,1.2397000789642334,0.07169117647058823,167.44680786132812,2.830812692642212,15.064849853515625,0.058823529411764705,1.0,0.9914989471435547
R03343,0.03709269315004349,1.0,0.10135668516159058,2.6884446144104004,19.91934585571289,3.4020352363586426,0.06547619047619048,1.2579973936080933,4.868649482727051,85.52935028076172,0.028273809523809524,1.0,1.0000001192092896
R03344,0.37606891989707947,3.3333332538604736,0.39501628279685974,1.0464128255844116,5.326530933380127,2.374701499938965,0.07904411764705882,36.271270751953125,3.1840338706970215,24.036052703857422,0.05330882352941176,201.0,0.9977930784225464
R03345,0.06562921404838562,1.0,0.15024851262569427,2.1660640239715576,12.178035736083984,2.748476505279541,0.06935483870967742,1.1260557174682617,4.194206237792969,42.01723098754883,0.035483870967741936,0.0,0.0
R03346,1.1429277658462524,5.0,0.4135693311691284,0.36201047897338867,1.8387101888656616,0.058359891176223755,0.010416666666666666,280.7940979003906,1.3054546117782593,7.784969806671143,0.06547619047619048,0.0,0.0
R03347,0.3059166967868805,3.0,0.31259891390800476,1.0218398571014404,7.105924606323242,2.698225736618042,0.05859375,34.308956146240234,3.6471168994903564,31.712839126586914,0.05078125,23.0,0.9968317151069641
R03348,0.554608166217804,2.6666667461395264,0.28964963555336,0.5269759893417358,3.341409683227539,1.8553273677825928,0.05803571428571429,16.320425033569336,2.713813543319702,21.994873046875,0.04017857142857143,0.0,0.0
