review_id,review_text
R00001,Picked this up in a car cup holder. After half a year the lid gasket shows no wear at all. Exactly what I hoped for.
R00002,"Absolutely love it! Great product, great price, great seller. Buy it now!"
R00003,"Using it for daily commuting for half a year. The shoulder strap does exactly what it needs to, nothing fancy but it works."
R00004,About about eight months in and a wheel seized. The spinner wheels clearly was not built for regular use.
R00005,"Using it on a glass desk for two weeks. The left click switch does exactly what it needs to, nothing fancy but it works."
R00006,Worked fine at first but after about eight months the crystal picked up a scratch. The crown was the weak point.
R00007,Been using this on a weekend trip for about six weeks now and the inner lining has held up well. No complaints so far.
R00008,Excellent knife set. The quality is really good and it came fast. Recommended.
R00009,Had it two weeks while studying late. The armrest has held up better than the last one I owned. Very pleased.
R00010,Worst purchase. Poor quality item. Totally disappointed. Not recommended at all.
R00011,Excellent watch. The quality is really good and it came fast. Recommended.
R00012,Excellent bag. The quality is really good and it came fast. Recommended.
R00013,"Very happy with this set. Great quality, quick delivery. Would recommend."
R00014,Been using this with a screen protector fitted for about four months now and the corner bumpers has held up well. No complaints so far.
R00015,Had this six weeks. Mainly use it while cooking dinner. The charging port is the part that impressed me most.
R00016,"Nice quality, does the job. Recommend."
R00017,Used it as a check-in bag for two weeks and then a wheel seized. Disappointing for what it cost.
R00018,Excellent knife set. The quality is really good and it came fast. Recommended.
R00019,"Bought it at the gym. The crystal is better than I expected for the price, still solid after a month."
R00020,Been using this on a work site for about four months now and the camera lip has held up well. No complaints so far.
R00021,Wonderful item! Top quality and great service. Would definitely recommend!
R00022,Worked fine at first but after four months it started rusting at the bolster. The tang was the weak point.
R00023,"Nice quality, does the job. Recommend."
R00024,Excellent! Very good product with superb finishing. Worth every penny!
R00025,Using it on a work site for four months now. The camera lip is well made and everything still works perfectly.
R00026,Been using this on a weekend trip for about two weeks now and the shoulder strap has held up well. No complaints so far.
R00027,Had this half a year. Mainly use it for driving. The frame is the part that impressed me most.
R00028,Excellent! Very good product with superb finishing. Worth every penny!
R00029,Superb! Fantastic quality and amazing value for money. Very happy with this purchase!
R00030,"Does the job in a car cup holder. Not perfect, it stopped holding temperature eventually, but for the price it is acceptable."
R00031,"Using it while swimming for about eight months. The crown does exactly what it needs to, nothing fancy but it works."
R00032,"Bought it on a hardwood floor. The edge binding is better than I expected for the price, still solid after half a year."
R00033,Been using this through a dry winter for about about eight months now and the consistency has held up well. No complaints so far.
R00034,Had this about eight months. Mainly use it on a camping trip. The charging port is the part that impressed me most.
R00035,Amazing product! Excellent quality and superb value. Highly recommend to everyone!
R00036,Had it about eight months for floor workouts. The foam density has held up better than the last one I owned. Very pleased.
R00037,Been using this on a hardwood floor for about six weeks now and the foam density has held up well. No complaints so far.
R00038,Really happy with this suitcase. The quality is great and it arrived quickly. Recommended.
R00039,Used it with a screen protector fitted for a month and then the camera lip wore down. Disappointing for what it cost.
R00040,Had this three months. Mainly use it for daily pocket carry. The inner lining is the part that impressed me most.
R00041,Used it in a busy kitchen for six weeks and then the edge dulled within a month. Disappointing for what it cost.
R00042,"Bought it on a long airport day. The heel counter is better than I expected for the price, still solid after three months."
R00043,Had this two weeks. Mainly use it at the gym. The crystal is the part that impressed me most.
R00044,Really happy with this pair of sunglasses. The quality is great and it arrived quickly. Recommended.
R00045,Been using this through three connecting flights for about about eight months now and the latches has held up well. No complaints so far.
R00046,"Bought it for daily morning practice. The edge binding is better than I expected for the price, still solid after six weeks."
R00047,"Very good, exactly what I wanted. Thanks!"
R00048,Really happy with this case. The quality is great and it arrived quickly. Recommended.
R00049,"Great watch, quality is excellent and delivery was quick. Happy to recommend."
R00050,Using it through a dry winter for a month now. The jar seal is well made and everything still works perfectly.
R00051,"Bought it for daily college carry. Within about eight months the base fabric started fraying, so I would not buy again."
R00052,Excellent knife set. The quality is really good and it came fast. Recommended.
R00053,"Using it for monthly work travel for a month. The spinner wheels does exactly what it needs to, nothing fancy but it works."
R00054,Had this six weeks. Mainly use it for work calls. The battery is the part that impressed me most.
R00055,"Pretty good overall, would buy again."
R00056,Terrible product. Complete waste of money. Do not buy this. Very bad quality.
R00057,"Bought it for monthly work travel. The latches is better than I expected for the price, still solid after a month."
R00058,Been using this in heavy rain for a month and the main zip still looks new. Genuinely impressed with the build.
R00059,"Decent on a long airport day, though the sole started separating at the toe after two weeks. The toe box is still holding up at least."
R00060,Decent product for the price. Satisfied.
R00061,"Absolutely love it! Great product, great price, great seller. Buy it now!"
R00062,"Absolutely love it! Great product, great price, great seller. Buy it now!"
R00063,Worked fine at first but after three months the case hinge went loose. The battery was the weak point.
R00064,Terrible product. Complete waste of money. Do not buy this. Very bad quality.
R00065,Excellent suitcase. The quality is really good and it came fast. Recommended.
R00066,Excellent! Very good product with superb finishing. Worth every penny!
R00067,"Bought it for gaming. Within two weeks the left click started double-clicking, so I would not buy again."
R00068,Really happy with this watch. The quality is great and it arrived quickly. Recommended.
R00069,"Does the job for driving. Not perfect, the nose pads discoloured eventually, but for the price it is acceptable."
R00070,"Does the job for a formal event. Not perfect, it gained a few minutes a week eventually, but for the price it is acceptable."
R00071,Been using this with a laptop while travelling for a month and the side buttons still looks new. Genuinely impressed with the build.
R00072,"Bought it with a laptop while travelling. Within six weeks the left click started double-clicking, so I would not buy again."
R00073,"This chair is great quality and arrived fast. Very happy with it, recommended."
R00074,"Great knife set, quality is excellent and delivery was quick. Happy to recommend."
R00075,"Does the job on a two week trip. Not perfect, a wheel seized eventually, but for the price it is acceptable."
R00076,Been using this for driving for about six weeks now and the frame has held up well. No complaints so far.
R00077,Had it about eight months on a work site. The camera lip has held up better than the last one I owned. Very pleased.
R00078,Wonderful item! Top quality and great service. Would definitely recommend!
R00079,Had this three months. Mainly use it in a car cup holder. The lid gasket is the part that impressed me most.
R00080,"Decent as a nightly routine, though it broke me out after a fortnight after six weeks. The jar seal is still holding up at least."
R00081,Used it for slicing bread for six weeks and then the handle worked loose. Disappointing for what it cost.
R00082,Had this two weeks. Mainly use it for gaming. The glide feet is the part that impressed me most.
R00083,Really happy with this case. The quality is great and it arrived quickly. Recommended.
R00084,"This chair is great quality and arrived fast. Very happy with it, recommended."
R00085,Had this a month. Mainly use it for floor workouts. The edge binding is the part that impressed me most.
R00086,Using it for driving for six weeks now. The frame is well made and everything still works perfectly.
R00087,Been using this when breaking down a chicken for about about eight months now and the bolster has held up well. No complaints so far.
R00088,Had this six weeks. Mainly use it as a daily watch. The crown is the part that impressed me most.
R00089,"Bought it in a home office. The gas lift is better than I expected for the price, still solid after four months."
R00090,Mixed feelings. The shoulder straps is good but after about eight months it soaked through in rain. Fine if you use it lightly.
R00091,"Using it for daily pocket carry for two weeks. The camera lip does exactly what it needs to, nothing fancy but it works."
R00092,Worked fine at first but after a month the camera lip wore down. The inner lining was the weak point.
R00093,"Using it on a long airport day for two weeks. The insole does exactly what it needs to, nothing fancy but it works."
R00094,"Very good, exactly what I wanted. Thanks!"
R00095,"Absolutely love it! Great product, great price, great seller. Buy it now!"
R00096,Used it as a check-in bag for about eight months and then the handle started sticking halfway. Disappointing for what it cost.
R00097,Had this a month. Mainly use it on a long airport day. The outsole grip is the part that impressed me most.
R00098,"Great, arrived on time and works well."
R00099,"Great watch, quality is excellent and delivery was quick. Happy to recommend."
R00100,"Great pair of sunglasses, quality is excellent and delivery was quick. Happy to recommend."
R00101,Terrible product. Complete waste of money. Do not buy this. Very bad quality.
R00102,Worst purchase. Poor quality item. Totally disappointed. Not recommended at all.
R00103,Decent product for the price. Satisfied.
R00104,Been using this at the gym for about about eight months now and the clasp has held up well. No complaints so far.
R00105,Worked fine at first but after about eight months the strap padding compressed. The chest clip was the weak point.
R00106,Excellent case. The quality is really good and it came fast. Recommended.
R00107,"This suitcase is great quality and arrived fast. Very happy with it, recommended."
R00108,Been using this on a week of travel for about half a year now and the shoulder straps has held up well. No complaints so far.
R00109,"Using it for daily vegetable prep for two weeks. The grip does exactly what it needs to, nothing fancy but it works."
R00110,Excellent! Very good product with superb finishing. Worth every penny!
R00111,"Very good, exactly what I wanted. Thanks!"
R00112,Been using this while studying late for about three months now and the gas lift has held up well. No complaints so far.
R00113,"Does the job for floor workouts. Not perfect, it started flaking at the edges eventually, but for the price it is acceptable."
R00114,"Using it for driving for three months. The hinge screws does exactly what it needs to, nothing fancy but it works."
R00115,Been using this for daily vegetable prep for about two weeks now and the bolster has held up well. No complaints so far.
R00116,"Bought it as a daily watch. The crown is better than I expected for the price, still solid after six weeks."
R00117,Using it as a work bag for about eight months now. The inner lining is well made and everything still works perfectly.
R00118,"Bought it at the gym. The crown is better than I expected for the price, still solid after a month."
R00119,"Bought it for work calls. The touch controls is better than I expected for the price, still solid after two weeks."
R00120,"Perfect product, exactly as described. Excellent quality. Highly satisfied!"
R00121,"Using it alongside an existing routine for a month. The jar seal does exactly what it needs to, nothing fancy but it works."
R00122,"Bought it in a home office. The castor wheels is better than I expected for the price, still solid after a month."
R00123,"Very happy with this mat. Great quality, quick delivery. Would recommend."
R00124,"Bought it on a glass desk. Within two weeks the scroll wheel got notchy, so I would not buy again."
R00125,Been using this for work calls for four months and the charging case hinge still looks new. Genuinely impressed with the build.
R00126,"Very happy with this pair of shoes. Great quality, quick delivery. Would recommend."
R00127,"Good product, works fine. Happy with it."
R00128,Had this six weeks. Mainly use it in a home office. The gas lift is the part that impressed me most.
R00129,"This mat is great quality and arrived fast. Very happy with it, recommended."
R00130,"Works well, no issues so far. Good value."
R00131,Had it about eight months as a daily watch. The crystal has held up better than the last one I owned. Very pleased.
R00132,"Using it for daily gym use for six weeks. The carry loop does exactly what it needs to, nothing fancy but it works."
R00133,Amazing product! Excellent quality and superb value. Highly recommend to everyone!
R00134,"Using it for daily morning practice for six weeks. The surface texture does exactly what it needs to, nothing fancy but it works."
R00135,Mixed feelings. The spout is good but after about eight months the threading cross-threads easily. Fine if you use it lightly.
R00136,"This suitcase is great quality and arrived fast. Very happy with it, recommended."
R00137,"Bought it for daily college carry. Within half a year the base fabric started fraying, so I would not buy again."
R00138,"Using it with a screen protector fitted for six weeks. The inner lining does exactly what it needs to, nothing fancy but it works."
R00139,"Nice quality, does the job. Recommend."
R00140,Had this a month. Mainly use it on a work site. The button covers is the part that impressed me most.
R00141,Excellent speaker. The quality is really good and it came fast. Recommended.
R00142,Had this three months. Mainly use it as a check-in bag. The telescopic handle is the part that impressed me most.
R00143,"Using it in a car cup holder for half a year. The threading does exactly what it needs to, nothing fancy but it works."
R00144,"Solid buy, no complaints at all."
R00145,"Bought it on a two week trip. The shell corners is better than I expected for the price, still solid after about eight months."
R00146,Had it four months for daily commuting. The base studs has held up better than the last one I owned. Very pleased.
R00147,"Does the job through a dry winter. Not perfect, it broke me out after a fortnight eventually, but for the price it is acceptable."
R00148,"This mouse is great quality and arrived fast. Very happy with it, recommended."
R00149,Been using this after a waist height drop onto tile for about a month now and the port cutout has held up well. No complaints so far.
R00150,"Great speaker, quality is excellent and delivery was quick. Happy to recommend."
R00151,"Decent while cooking dinner, though developed a rattle in the bass after two weeks. The bass driver is still holding up at least."
R00152,"Does the job for daily office work. Not perfect, the glide feet wore down eventually, but for the price it is acceptable."
R00153,"Solid buy, no complaints at all."
R00154,"Best purchase ever. Perfect in every way. Five stars, will buy again!"
R00155,"This bag is great quality and arrived fast. Very happy with it, recommended."
R00156,Really happy with this pair of shoes. The quality is great and it arrived quickly. Recommended.
R00157,"Using it when breaking down a chicken for a month. The tang does exactly what it needs to, nothing fancy but it works."
R00158,"Very good, exactly what I wanted. Thanks!"
R00159,Worked fine at first but after a month the heel lining wore through. The toe box was the weak point.
R00160,"Good product, works fine. Happy with it."
R00161,Been using this on sensitive skin for four months and the texture still looks new. Genuinely impressed with the build.
R00162,Picked this up for a daily walk to work. After half a year the outsole grip shows no wear at all. Exactly what I hoped for.
R00163,Had this six weeks. Mainly use it on wet pavement. The insole is the part that impressed me most.
R00164,Been using this on a work site for about two weeks now and the port cutout has held up well. No complaints so far.
R00165,"Bought it during workouts. The mic is better than I expected for the price, still solid after half a year."
R00166,Outstanding quality! Exceeded all my expectations. Fast delivery too. Recommended!
R00167,Really happy with this set. The quality is great and it arrived quickly. Recommended.
R00168,Been using this alongside an existing routine for about half a year now and the consistency has held up well. No complaints so far.
R00169,Superb! Fantastic quality and amazing value for money. Very happy with this purchase!
R00170,Excellent! Very good product with superb finishing. Worth every penny!
R00171,"Bought it for daily gym use. Within about eight months it started leaking at the lid, so I would not buy again."
R00172,"Using it on hikes for six weeks. The inner coating does exactly what it needs to, nothing fancy but it works."
R00173,"Bought it for gaming. The side buttons is better than I expected for the price, still solid after two weeks."
R00174,Really happy with this watch. The quality is great and it arrived quickly. Recommended.
R00175,"Using it alongside an existing routine for about eight months. The texture does exactly what it needs to, nothing fancy but it works."
R00176,Used it with a laptop while travelling for half a year and then the left click started double-clicking. Disappointing for what it cost.
R00177,"Great set of earbuds, quality is excellent and delivery was quick. Happy to recommend."
R00178,"Bought it while cycling. Within four months the arms lost their tension, so I would not buy again."
R00179,Been using this in the shower for about half a year now and the pairing button has held up well. No complaints so far.
R00180,Used it in a home office for six weeks and then an armrest developed play. Disappointing for what it cost.
R00181,"Decent for gym sessions, though the heel lining wore through after a month. The heel counter is still holding up at least."
R00182,"Using it on a work site for two weeks. The port cutout does exactly what it needs to, nothing fancy but it works."
R00183,Decent product for the price. Satisfied.
R00184,Had this a month. Mainly use it in a heated class. The foam density is the part that impressed me most.
R00185,"This backpack is great quality and arrived fast. Very happy with it, recommended."
R00186,Wonderful item! Top quality and great service. Would definitely recommend!
R00187,"This speaker is great quality and arrived fast. Very happy with it, recommended."
R00188,"Solid buy, no complaints at all."
R00189,Amazing product! Excellent quality and superb value. Highly recommend to everyone!
R00190,"Bought it as a nightly routine. The consistency is better than I expected for the price, still solid after about eight months."
R00191,Had this about eight months. Mainly use it for a formal event. The strap pins is the part that impressed me most.
R00192,Really happy with this knife set. The quality is great and it arrived quickly. Recommended.
R00193,"This case is great quality and arrived fast. Very happy with it, recommended."
R00194,"Does the job on hikes. Not perfect, the coating flaked inside eventually, but for the price it is acceptable."
R00195,About six weeks in and lost pairing every few minutes. The rubber seal clearly was not built for regular use.
R00196,"Solid buy, no complaints at all."
R00197,Picked this up when breaking down a chicken. After two weeks the handle rivets shows no wear at all. Exactly what I hoped for.
R00198,"Works well, no issues so far. Good value."
R00199,Worked fine at first but after three months a castor cracked. The lumbar support was the weak point.
R00200,Worked fine at first but after about eight months the zip started catching. The magnetic clasp was the weak point.
R00201,Used it on a long airport day for three months and then the heel lining wore through. Disappointing for what it cost.
R00202,"Bought it when breaking down a chicken. The grip is better than I expected for the price, still solid after half a year."
R00203,About half a year in and the zip started catching. The inner lining clearly was not built for regular use.
R00204,"Perfect product, exactly as described. Excellent quality. Highly satisfied!"
R00205,"Great, arrived on time and works well."
R00206,"Using it as a check-in bag for half a year. The spinner wheels does exactly what it needs to, nothing fancy but it works."
R00207,Had this half a year. Mainly use it for daily gym use. The threading is the part that impressed me most.
R00208,"Nice quality, does the job. Recommend."
R00209,"Decent on a glass desk, though the scroll wheel got notchy after half a year. The scroll wheel is still holding up at least."
R00210,Been using this through a dry winter for about half a year now and the jar seal has held up well. No complaints so far.
R00211,"Very good, exactly what I wanted. Thanks!"
R00212,"Using it for floor workouts for a month. The surface texture does exactly what it needs to, nothing fancy but it works."
R00213,Worked fine at first but after two weeks the seat foam flattened. The seat foam was the weak point.
R00214,Really happy with this backpack. The quality is great and it arrived quickly. Recommended.
R00215,Excellent knife set. The quality is really good and it came fast. Recommended.
R00216,Been using this alongside an existing routine for about four months now and the pump dispenser has held up well. No complaints so far.
R00217,Worked fine at first but after three months the insole compressed flat. The toe box was the weak point.
R00218,"Very good, exactly what I wanted. Thanks!"
R00219,Been using this while swimming for about a month now and the strap pins has held up well. No complaints so far.
R00220,"Using it while swimming for about eight months. The crystal does exactly what it needs to, nothing fancy but it works."
R00221,Had this a month. Mainly use it with a laptop while travelling. The sensor is the part that impressed me most.
R00222,"Very good, exactly what I wanted. Thanks!"
R00223,Really happy with this backpack. The quality is great and it arrived quickly. Recommended.
R00224,"Bought it for floor workouts. The surface texture is better than I expected for the price, still solid after about eight months."
R00225,"Solid buy, no complaints at all."
R00226,Mixed feelings. The armrest is good but after a month the gas lift sank after a few weeks. Fine if you use it lightly.
R00227,Used it in a busy kitchen for half a year and then the edge dulled within a month. Disappointing for what it cost.
R00228,"Bought it on sensitive skin. The texture is better than I expected for the price, still solid after a month."
R00229,Used it as a daily watch for four months and then the crystal picked up a scratch. Disappointing for what it cost.
R00230,"Decent at a small house party, though stopped holding a charge after two weeks. The pairing button is still holding up at least."
R00231,"This speaker is great quality and arrived fast. Very happy with it, recommended."
R00232,Outstanding quality! Exceeded all my expectations. Fast delivery too. Recommended!
R00233,Decent product for the price. Satisfied.
R00234,Terrible product. Complete waste of money. Do not buy this. Very bad quality.
R00235,Worked fine at first but after half a year the zip split under load. The zip track was the weak point.
R00236,"This mat is great quality and arrived fast. Very happy with it, recommended."
R00237,"Very happy with this mouse. Great quality, quick delivery. Would recommend."
R00238,"Bought it for a formal event. The crystal is better than I expected for the price, still solid after two weeks."
R00239,"Using it for monthly work travel for half a year. The latches does exactly what it needs to, nothing fancy but it works."
R00240,"Does the job during workouts. Not perfect, battery life dropped noticeably eventually, but for the price it is acceptable."
R00241,"Great, arrived on time and works well."
R00242,Had it six weeks on a beach holiday. The frame has held up better than the last one I owned. Very pleased.
R00243,Amazing product! Excellent quality and superb value. Highly recommend to everyone!
R00244,Picked this up for carrying a laptop and a lunch box. After four months the zip pull shows no wear at all. Exactly what I hoped for.
R00245,"Using it for carrying gym kit for a month. The base fabric does exactly what it needs to, nothing fancy but it works."
R00246,Mixed feelings. The carry loop is good but after two weeks it stopped holding temperature. Fine if you use it lightly.
R00247,Been using this as a work bag for about two weeks now and the zip pull has held up well. No complaints so far.
R00248,"Using it as a check-in bag for six weeks. The zip track does exactly what it needs to, nothing fancy but it works."
R00249,"This speaker is great quality and arrived fast. Very happy with it, recommended."
R00250,"Good product, works fine. Happy with it."
R00251,Mixed feelings. The temple arms is good but after four months the arms lost their tension. Fine if you use it lightly.
R00252,Been using this for a formal event for about half a year now and the crystal has held up well. No complaints so far.
R00253,"Absolutely love it! Great product, great price, great seller. Buy it now!"
R00254,"Very good, exactly what I wanted. Thanks!"
R00255,"Using it in a car cup holder for six weeks. The inner coating does exactly what it needs to, nothing fancy but it works."
R00256,"Solid buy, no complaints at all."
R00257,"Bought it on a weekend trip. The base studs is better than I expected for the price, still solid after four months."
R00258,"Decent as a daily watch, though a strap pin sheared after a month. The strap pins is still holding up at least."
R00259,Had it about eight months for floor workouts. The edge binding has held up better than the last one I owned. Very pleased.
R00260,"Decent on a long airport day, though the sole started separating at the toe after two weeks. The laces is still holding up at least."
R00261,Really happy with this pair of sunglasses. The quality is great and it arrived quickly. Recommended.
R00262,"Bought it on a beach holiday. The temple arms is better than I expected for the price, still solid after six weeks."
R00263,Amazing product! Excellent quality and superb value. Highly recommend to everyone!
R00264,"Very good, exactly what I wanted. Thanks!"
R00265,Mixed feelings. The inner lining is good but after half a year it stretched and stopped gripping. Fine if you use it lightly.
R00266,Superb! Fantastic quality and amazing value for money. Very happy with this purchase!
R00267,"Decent as a work bag, though the zip started catching after three months. The zip pull is still holding up at least."
R00268,"Good product, works fine. Happy with it."
R00269,"Very happy with this bottle. Great quality, quick delivery. Would recommend."
R00270,Excellent! Very good product with superb finishing. Worth every penny!
R00271,"Absolutely love it! Great product, great price, great seller. Buy it now!"
R00272,About half a year in and a small chip appeared near the tip. The bolster clearly was not built for regular use.
R00273,Been using this as a check-in bag for a month and the spinner wheels still looks new. Genuinely impressed with the build.
R00274,About three months in and the grip went on wet floors. The toe box clearly was not built for regular use.
R00275,Had this three months. Mainly use it for daily college carry. The base fabric is the part that impressed me most.
R00276,"Bought it on wet pavement. Within four months the heel lining wore through, so I would not buy again."
R00277,Had this a month. Mainly use it in the shower. The battery is the part that impressed me most.
R00278,"Very happy with this set of earbuds. Great quality, quick delivery. Would recommend."
R00279,"Bought it in heavy rain. Within six weeks it soaked through in rain, so I would not buy again."
R00280,Worked fine at first but after three months a zip tooth broke. The base fabric was the weak point.
R00281,"Bought it on the balcony during a barbecue. The charging port is better than I expected for the price, still solid after four months."
R00282,Been using this through three connecting flights for about a month now and the telescopic handle has held up well. No complaints so far.
R00283,"Very good, exactly what I wanted. Thanks!"
R00284,Used it for monthly work travel for three months and then the zip split under load. Disappointing for what it cost.
R00285,Been using this for monthly work travel for about four months now and the spinner wheels has held up well. No complaints so far.
R00286,"Solid buy, no complaints at all."
R00287,"Bought it as a check-in bag. The telescopic handle is better than I expected for the price, still solid after two weeks."
R00288,"Does the job for driving. Not perfect, the nose pads discoloured eventually, but for the price it is acceptable."
R00289,"This set is great quality and arrived fast. Very happy with it, recommended."
R00290,"Nice quality, does the job. Recommend."
R00291,Been using this for daily pocket carry for about three months now and the corner bumpers has held up well. No complaints so far.
R00292,"Pretty good overall, would buy again."
R00293,Had this a month. Mainly use it on hikes. The lid gasket is the part that impressed me most.
R00294,"This mouse is great quality and arrived fast. Very happy with it, recommended."
R00295,"Using it for driving for a month. The hinge screws does exactly what it needs to, nothing fancy but it works."
R00296,"Great, arrived on time and works well."
R00297,"Bought it for daily commuting. The base studs is better than I expected for the price, still solid after three months."
R00298,"Perfect product, exactly as described. Excellent quality. Highly satisfied!"
R00299,Had this half a year. Mainly use it for long gaming sessions. The gas lift is the part that impressed me most.
R00300,"Great bottle, quality is excellent and delivery was quick. Happy to recommend."
R00301,Had this three months. Mainly use it while cooking dinner. The battery is the part that impressed me most.
R00302,"Bought it for daily commuting. Within six weeks a hinge screw worked loose, so I would not buy again."
R00303,"Great set of earbuds, quality is excellent and delivery was quick. Happy to recommend."
R00304,"Decent for gym sessions, though the sole started separating at the toe after about eight months. The heel counter is still holding up at least."
R00305,"Bought it through three connecting flights. Within two weeks a wheel seized, so I would not buy again."
R00306,Had this four months. Mainly use it as a work bag. The base studs is the part that impressed me most.
R00307,Worked fine at first but after half a year the foam compressed under the knees. The edge binding was the weak point.
R00308,"Does the job for a formal event. Not perfect, the clasp stopped locking properly eventually, but for the price it is acceptable."
R00309,"Great mat, quality is excellent and delivery was quick. Happy to recommend."
R00310,Really happy with this bag. The quality is great and it arrived quickly. Recommended.
R00311,"Works well, no issues so far. Good value."
R00312,Worked fine at first but after six weeks a zip tooth broke. The main zip was the weak point.
R00313,Excellent speaker. The quality is really good and it came fast. Recommended.
R00314,Used it on a hardwood floor for six weeks and then a permanent crease formed. Disappointing for what it cost.
R00315,Amazing product! Excellent quality and superb value. Highly recommend to everyone!
R00316,Excellent chair. The quality is really good and it came fast. Recommended.
R00317,Amazing product! Excellent quality and superb value. Highly recommend to everyone!
R00318,Had this a month. Mainly use it on a camping trip. The charging port is the part that impressed me most.
R00319,"Using it on wet pavement for half a year. The toe box does exactly what it needs to, nothing fancy but it works."
R00320,"Very good, exactly what I wanted. Thanks!"
R00321,Had this six weeks. Mainly use it in a home office. The seat foam is the part that impressed me most.
R00322,Outstanding quality! Exceeded all my expectations. Fast delivery too. Recommended!
R00323,"Bought it on a hardwood floor. The foam density is better than I expected for the price, still solid after four months."
R00324,Worked fine at first but after two weeks a side button stopped registering. The scroll wheel was the weak point.
R00325,"Absolutely love it! Great product, great price, great seller. Buy it now!"
R00326,Used it for daily office work for about eight months and then a side button stopped registering. Disappointing for what it cost.
R00327,"Very happy with this pair of shoes. Great quality, quick delivery. Would recommend."
R00328,"Good product, works fine. Happy with it."
R00329,Used it for monthly work travel for three months and then a wheel seized. Disappointing for what it cost.
R00330,"Solid buy, no complaints at all."
R00331,"This pair of shoes is great quality and arrived fast. Very happy with it, recommended."
R00332,Had this about eight months. Mainly use it for floor workouts. The foam density is the part that impressed me most.
R00333,Been using this in a car cup holder for about three months now and the lid gasket has held up well. No complaints so far.
R00334,Mixed feelings. The magnetic clasp is good but after about eight months the lining tore. Fine if you use it lightly.
R00335,Worked fine at first but after four months stopped holding a charge. The bass driver was the weak point.
R00336,Been using this for daily pocket carry for about six weeks now and the camera lip has held up well. No complaints so far.
R00337,Had this about eight months. Mainly use it for eight hour work days. The lumbar support is the part that impressed me most.
R00338,Decent product for the price. Satisfied.
R00339,Been using this for daily office work for about half a year now and the side buttons has held up well. No complaints so far.
R00340,Had this three months. Mainly use it alongside an existing routine. The consistency is the part that impressed me most.
R00341,Worked fine at first but after about eight months a side button stopped registering. The sensor was the weak point.
R00342,Excellent pair of sunglasses. The quality is really good and it came fast. Recommended.
R00343,"Very good, exactly what I wanted. Thanks!"
R00344,Had this half a year. Mainly use it for daily pocket carry. The camera lip is the part that impressed me most.
R00345,Been using this for daily vegetable prep for about about eight months now and the bolster has held up well. No complaints so far.
R00346,"This mouse is great quality and arrived fast. Very happy with it, recommended."
R00347,"Pretty good overall, would buy again."
R00348,Been using this on a camping trip for about about eight months now and the charging port has held up well. No complaints so far.
R00349,Been using this for monthly work travel for about three months now and the spinner wheels has held up well. No complaints so far.
R00350,"Bought it for driving. The lens coating is better than I expected for the price, still solid after two weeks."
R00351,"Bought it while swimming. Within three months the clasp stopped locking properly, so I would not buy again."
R00352,"Pretty good overall, would buy again."
R00353,Been using this for driving for about six weeks now and the hinge screws has held up well. No complaints so far.
R00354,"Bought it for floor workouts. Within two weeks the foam compressed under the knees, so I would not buy again."
R00355,"Solid buy, no complaints at all."
R00356,"Using it for daily morning practice for a month. The foam density does exactly what it needs to, nothing fancy but it works."
R00357,"Bought it on a hardwood floor. The edge binding is better than I expected for the price, still solid after two weeks."
R00358,Superb! Fantastic quality and amazing value for money. Very happy with this purchase!
R00359,"This mat is great quality and arrived fast. Very happy with it, recommended."
R00360,"Decent for work calls, though the case hinge went loose after two weeks. The mic is still holding up at least."
R00361,"Bought it on a camping trip. The rubber seal is better than I expected for the price, still solid after two weeks."
R00362,Excellent! Very good product with superb finishing. Worth every penny!
R00363,Picked this up in a car cup holder. After three months the inner coating shows no wear at all. Exactly what I hoped for.
R00364,"Bought it for daily pocket carry. The port cutout is better than I expected for the price, still solid after two weeks."
R00365,Had this about eight months. Mainly use it for carrying gym kit. The laptop sleeve is the part that impressed me most.
R00366,Using it for keeping tea hot at work for half a year now. The spout is well made and everything still works perfectly.
R00367,Really happy with this pair of sunglasses. The quality is great and it arrived quickly. Recommended.
R00368,"This knife set is great quality and arrived fast. Very happy with it, recommended."
R00369,Been using this for a daily walk to work for about a month now and the toe box has held up well. No complaints so far.
R00370,Decent product for the price. Satisfied.
R00371,Been using this for gaming for about about eight months now and the scroll wheel has held up well. No complaints so far.
R00372,Had this three months. Mainly use it on wet pavement. The heel counter is the part that impressed me most.
R00373,"Bought it for floor workouts. The foam density is better than I expected for the price, still solid after four months."
R00374,Been using this at the gym for about four months now and the bezel has held up well. No complaints so far.
R00375,Excellent! Very good product with superb finishing. Worth every penny!
R00376,"Decent alongside an existing routine, though it broke me out after a fortnight after a month. The texture is still holding up at least."
R00377,Been using this for gaming for about four months now and the side buttons has held up well. No complaints so far.
R00378,"Bought it with a screen protector fitted. Within a month the corners yellowed, so I would not buy again."
R00379,"Does the job while cycling. Not perfect, the coating started flaking eventually, but for the price it is acceptable."
R00380,Excellent! Very good product with superb finishing. Worth every penny!
R00381,Used it while cycling for about eight months and then the coating started flaking. Disappointing for what it cost.
R00382,"Bought it for carrying a laptop and a lunch box. The shoulder strap is better than I expected for the price, still solid after three months."
R00383,Had it a month for daily pocket carry. The camera lip has held up better than the last one I owned. Very pleased.
R00384,Mixed feelings. The castor wheels is good but after six weeks a castor cracked. Fine if you use it lightly.
R00385,Mixed feelings. The pump dispenser is good but after half a year the pump stopped drawing product. Fine if you use it lightly.
R00386,"Perfect product, exactly as described. Excellent quality. Highly satisfied!"
R00387,"Bought it through three connecting flights. The latches is better than I expected for the price, still solid after three months."
R00388,Had it four months while studying late. The gas lift has held up better than the last one I owned. Very pleased.
R00389,"Very happy with this chair. Great quality, quick delivery. Would recommend."
R00390,Worked fine at first but after about eight months the coating flaked inside. The inner coating was the weak point.
R00391,Amazing product! Excellent quality and superb value. Highly recommend to everyone!
R00392,Had this six weeks. Mainly use it alongside an existing routine. The pump dispenser is the part that impressed me most.
R00393,Been using this on a two week trip for about a month now and the zip track has held up well. No complaints so far.
R00394,Worked fine at first but after three months a shell corner cracked. The zip track was the weak point.
R00395,"Bought it at the gym. Within three months the crystal picked up a scratch, so I would not buy again."
R00396,Amazing product! Excellent quality and superb value. Highly recommend to everyone!
R00397,About six weeks in and the seal leaked in a bag. The consistency clearly was not built for regular use.
R00398,Superb! Fantastic quality and amazing value for money. Very happy with this purchase!
R00399,Really happy with this suitcase. The quality is great and it arrived quickly. Recommended.
R00400,Been using this during workouts for about two weeks now and the charging case hinge has held up well. No complaints so far.
R00401,Been using this after a waist height drop onto tile for about four months now and the port cutout has held up well. No complaints so far.
R00402,Had this six weeks. Mainly use it on a hardwood floor. The underside grip is the part that impressed me most.
R00403,"Bought it for long gaming sessions. The armrest is better than I expected for the price, still solid after six weeks."
R00404,Been using this while cycling for about about eight months now and the lens coating has held up well. No complaints so far.
R00405,Been using this with a screen protector fitted for two weeks and the inner lining still looks new. Genuinely impressed with the build.
R00406,"Awful. Cheap rubbish, nothing like the description. Avoid this seller completely."
R00407,Mixed feelings. The charging case hinge is good but after a month the left bud stopped charging. Fine if you use it lightly.
R00408,Been using this on a long flight for about two weeks now and the mic has held up well. No complaints so far.
R00409,"Bought it for daily office work. The side buttons is better than I expected for the price, still solid after two weeks."
R00410,Worked fine at first but after four months a zip tooth broke. The chest clip was the weak point.
R00411,"Great, arrived on time and works well."
R00412,Had this a month. Mainly use it on a two week trip. The spinner wheels is the part that impressed me most.
R00413,Been using this for daily commuting for three months and the lens coating still looks new. Genuinely impressed with the build.
R00414,"Very happy with this case. Great quality, quick delivery. Would recommend."
R00415,"This mouse is great quality and arrived fast. Very happy with it, recommended."
R00416,"Bought it on daily commutes. The ear tips is better than I expected for the price, still solid after about eight months."
R00417,Worked fine at first but after four months the glide feet wore down. The side buttons was the weak point.
R00418,"This suitcase is great quality and arrived fast. Very happy with it, recommended."
R00419,Been using this on a long flight for about six weeks now and the ear tips has held up well. No complaints so far.
R00420,Had this half a year. Mainly use it for daily pocket carry. The inner lining is the part that impressed me most.
R00421,"Bought it on daily commutes. The mic is better than I expected for the price, still solid after three months."
R00422,Had this three months. Mainly use it for daily morning practice. The surface texture is the part that impressed me most.
R00423,Been using this on daily commutes for about half a year now and the battery has held up well. No complaints so far.
R00424,Had this about eight months. Mainly use it on a beach holiday. The nose pads is the part that impressed me most.
R00425,"Bought it alongside an existing routine. The texture is better than I expected for the price, still solid after four months."
R00426,Had this two weeks. Mainly use it for a daily walk to work. The outsole grip is the part that impressed me most.
R00427,Worked fine at first but after two weeks the heel lining wore through. The heel counter was the weak point.
R00428,Worked fine at first but after four months the handle worked loose. The bolster was the weak point.
R00429,Using it at a small house party for four months now. The bass driver is well made and everything still works perfectly.
R00430,"Very good, exactly what I wanted. Thanks!"
R00431,"Bought it in a home office. The armrest is better than I expected for the price, still solid after six weeks."
R00432,Had it six weeks after a waist height drop onto tile. The camera lip has held up better than the last one I owned. Very pleased.
R00433,Been using this for monthly work travel for about three months now and the spinner wheels has held up well. No complaints so far.
R00434,Decent product for the price. Satisfied.
R00435,Used it on daily commutes for six weeks and then battery life dropped noticeably. Disappointing for what it cost.
R00436,"Great chair, quality is excellent and delivery was quick. Happy to recommend."
R00437,Worked fine at first but after four months the scroll wheel got notchy. The glide feet was the weak point.
R00438,Been using this when breaking down a chicken for about four months now and the bolster has held up well. No complaints so far.
R00439,"Perfect product, exactly as described. Excellent quality. Highly satisfied!"
R00440,"Decent on wet pavement, though the grip went on wet floors after half a year. The toe box is still holding up at least."
R00441,Had this six weeks. Mainly use it for a daily walk to work. The heel counter is the part that impressed me most.
R00442,Superb! Fantastic quality and amazing value for money. Very happy with this purchase!
R00443,Mixed feelings. The armrest is good but after two weeks an armrest developed play. Fine if you use it lightly.
R00444,Amazing product! Excellent quality and superb value. Highly recommend to everyone!
R00445,"Bought it when breaking down a chicken. Within six weeks the handle worked loose, so I would not buy again."
R00446,"Using it on wet pavement for six weeks. The laces does exactly what it needs to, nothing fancy but it works."
R00447,Mixed feelings. The foam density is good but after six weeks a permanent crease formed. Fine if you use it lightly.
R00448,"Great, arrived on time and works well."
R00449,"Using it for daily pocket carry for about eight months. The corner bumpers does exactly what it needs to, nothing fancy but it works."
R00450,Used it for daily college carry for four months and then the base fabric started fraying. Disappointing for what it cost.
R00451,"Using it for work calls for three months. The battery does exactly what it needs to, nothing fancy but it works."
R00452,"Using it on wet pavement for three months. The laces does exactly what it needs to, nothing fancy but it works."
R00453,Excellent speaker. The quality is really good and it came fast. Recommended.
R00454,"Using it with a laptop while travelling for about eight months. The left click switch does exactly what it needs to, nothing fancy but it works."
R00455,"Solid buy, no complaints at all."
R00456,Been using this for gaming for about a month now and the side buttons has held up well. No complaints so far.
R00457,Excellent! Very good product with superb finishing. Worth every penny!
R00458,Amazing product! Excellent quality and superb value. Highly recommend to everyone!
R00459,"Using it in a home office for four months. The lumbar support does exactly what it needs to, nothing fancy but it works."
R00460,"This chair is great quality and arrived fast. Very happy with it, recommended."
R00461,"Bought it for slicing bread. The bolster is better than I expected for the price, still solid after a month."
R00462,"Very happy with this knife set. Great quality, quick delivery. Would recommend."
R00463,Superb! Fantastic quality and amazing value for money. Very happy with this purchase!
R00464,Wonderful item! Top quality and great service. Would definitely recommend!
R00465,Had this half a year. Mainly use it for daily morning practice. The underside grip is the part that impressed me most.
R00466,Had this half a year. Mainly use it on a week of travel. The shoulder straps is the part that impressed me most.
R00467,"Bought it at the gym. The crown is better than I expected for the price, still solid after four months."
R00468,Really happy with this backpack. The quality is great and it arrived quickly. Recommended.
R00469,"Great bottle, quality is excellent and delivery was quick. Happy to recommend."
R00470,Using it for long gaming sessions for half a year now. The armrest is well made and everything still works perfectly.
R00471,"Good product, works fine. Happy with it."
R00472,"Does the job for floor workouts. Not perfect, it started flaking at the edges eventually, but for the price it is acceptable."
R00473,Had this four months. Mainly use it on sensitive skin. The fragrance is the part that impressed me most.
R00474,"Bought it for carrying a laptop and a lunch box. The inner lining is better than I expected for the price, still solid after two weeks."
R00475,"Awful. Cheap rubbish, nothing like the description. Avoid this seller completely."
R00476,"Works well, no issues so far. Good value."
R00477,"Using it for a formal event for three months. The crystal does exactly what it needs to, nothing fancy but it works."
R00478,Used it for monthly work travel for a month and then the zip split under load. Disappointing for what it cost.
R00479,Been using this for floor workouts for about about eight months now and the underside grip has held up well. No complaints so far.
R00480,Outstanding quality! Exceeded all my expectations. Fast delivery too. Recommended!
R00481,"Decent while swimming, though the crystal picked up a scratch after four months. The crystal is still holding up at least."
R00482,Been using this with a laptop while travelling for about about eight months now and the scroll wheel has held up well. No complaints so far.
R00483,"Does the job at the gym. Not perfect, the clasp stopped locking properly eventually, but for the price it is acceptable."
R00484,"Bought it for driving. The frame is better than I expected for the price, still solid after a month."
R00485,About half a year in and the coating started flaking. The temple arms clearly was not built for regular use.
R00486,Been using this on a glass desk for about half a year now and the side buttons has held up well. No complaints so far.
R00487,"Great bottle, quality is excellent and delivery was quick. Happy to recommend."
R00488,"Nice quality, does the job. Recommend."
R00489,"Does the job through three connecting flights. Not perfect, the handle started sticking halfway eventually, but for the price it is acceptable."
R00490,"Absolutely love it! Great product, great price, great seller. Buy it now!"
R00491,Had this half a year. Mainly use it on a work site. The button covers is the part that impressed me most.
R00492,"Using it through three connecting flights for three months. The telescopic handle does exactly what it needs to, nothing fancy but it works."
R00493,Had this a month. Mainly use it for a daily walk to work. The outsole grip is the part that impressed me most.
R00494,"Great set, quality is excellent and delivery was quick. Happy to recommend."
R00495,Been using this for driving for four months and the nose pads still looks new. Genuinely impressed with the build.
R00496,"Very happy with this pair of sunglasses. Great quality, quick delivery. Would recommend."
R00497,"Best purchase ever. Perfect in every way. Five stars, will buy again!"
R00498,Had this two weeks. Mainly use it on a work site. The inner lining is the part that impressed me most.
R00499,"Does the job for carrying gym kit. Not perfect, the strap padding compressed eventually, but for the price it is acceptable."
R00500,About about eight months in and it started rusting at the bolster. The bolster clearly was not built for regular use.
R00501,Excellent set. The quality is really good and it came fast. Recommended.
R00502,"Absolutely love it! Great product, great price, great seller. Buy it now!"
R00503,Decent product for the price. Satisfied.
R00504,"Using it for a daily walk to work for half a year. The insole does exactly what it needs to, nothing fancy but it works."
R00505,"Nice quality, does the job. Recommend."
R00506,"Best purchase ever. Perfect in every way. Five stars, will buy again!"
R00507,"Great, arrived on time and works well."
R00508,"Using it on a glass desk for half a year. The sensor does exactly what it needs to, nothing fancy but it works."
R00509,Been using this for monthly work travel for six weeks and the spinner wheels still looks new. Genuinely impressed with the build.
R00510,Worked fine at first but after about eight months a permanent crease formed. The surface texture was the weak point.
R00511,Worked fine at first but after four months the glide feet wore down. The side buttons was the weak point.
R00512,"Using it after a waist height drop onto tile for about eight months. The inner lining does exactly what it needs to, nothing fancy but it works."
R00513,"Solid buy, no complaints at all."
R00514,Excellent mouse. The quality is really good and it came fast. Recommended.
R00515,Been using this on sensitive skin for about a month now and the fragrance has held up well. No complaints so far.
R00516,"Using it on daily commutes for four months. The battery does exactly what it needs to, nothing fancy but it works."
R00517,"Solid buy, no complaints at all."
R00518,About half a year in and the base fabric started fraying. The main zip clearly was not built for regular use.
R00519,"Bought it while studying late. The gas lift is better than I expected for the price, still solid after half a year."
R00520,Been using this on hikes for about about eight months now and the lid gasket has held up well. No complaints so far.
R00521,Using it on wet pavement for a month now. The insole is well made and everything still works perfectly.
R00522,Using it as a daily watch for a month now. The crown is well made and everything still works perfectly.
R00523,"Very good, exactly what I wanted. Thanks!"
R00524,Been using this for monthly work travel for about a month now and the latches has held up well. No complaints so far.
R00525,About about eight months in and the coating flaked inside. The lid gasket clearly was not built for regular use.
R00526,Worked fine at first but after six weeks the gas lift sank after a few weeks. The castor wheels was the weak point.
R00527,"Nice quality, does the job. Recommend."
R00528,Worst purchase. Poor quality item. Totally disappointed. Not recommended at all.
R00529,"Does the job on a week of travel. Not perfect, it soaked through in rain eventually, but for the price it is acceptable."
R00530,Had this four months. Mainly use it at the gym. The strap pins is the part that impressed me most.
R00531,"Great knife set, quality is excellent and delivery was quick. Happy to recommend."
R00532,Mixed feelings. The crystal is good but after two weeks the crystal picked up a scratch. Fine if you use it lightly.
R00533,"Using it on a long airport day for six weeks. The outsole grip does exactly what it needs to, nothing fancy but it works."
R00534,Had this four months. Mainly use it when breaking down a chicken. The tang is the part that impressed me most.
R00535,"Pretty good overall, would buy again."
R00536,"Great, arrived on time and works well."
R00537,Used it for a daily walk to work for three months and then the insole compressed flat. Disappointing for what it cost.
R00538,Been using this on a long flight for about four months now and the mic has held up well. No complaints so far.
R00539,"Pretty good overall, would buy again."
R00540,"Perfect product, exactly as described. Excellent quality. Highly satisfied!"
R00541,Used it through three connecting flights for three months and then the handle started sticking halfway. Disappointing for what it cost.
R00542,"Using it for long gaming sessions for a month. The castor wheels does exactly what it needs to, nothing fancy but it works."
R00543,"Works well, no issues so far. Good value."
R00544,"Best purchase ever. Perfect in every way. Five stars, will buy again!"
R00545,"Bought it in a home office. The gas lift is better than I expected for the price, still solid after two weeks."
R00546,Excellent! Very good product with superb finishing. Worth every penny!
R00547,"Solid buy, no complaints at all."
R00548,Used it in a busy kitchen for four months and then the edge dulled within a month. Disappointing for what it cost.
R00549,Been using this on a weekend trip for about half a year now and the zip pull has held up well. No complaints so far.
R00550,Worked fine at first but after four months a zip tooth broke. The laptop sleeve was the weak point.
R00551,"Does the job alongside an existing routine. Not perfect, the pump stopped drawing product eventually, but for the price it is acceptable."
R00552,"Pretty good overall, would buy again."
R00553,"Bought it for carrying a laptop and a lunch box. The shoulder strap is better than I expected for the price, still solid after two weeks."
R00554,Been using this for a daily walk to work for about three months now and the outsole grip has held up well. No complaints so far.
R00555,"Using it with a laptop while travelling for six weeks. The left click switch does exactly what it needs to, nothing fancy but it works."
R00556,Superb! Fantastic quality and amazing value for money. Very happy with this purchase!
R00557,"Bought it for daily vegetable prep. The blade edge is better than I expected for the price, still solid after two weeks."
R00558,Mixed feelings. The shoulder straps is good but after a month a zip tooth broke. Fine if you use it lightly.
R00559,Excellent pair of sunglasses. The quality is really good and it came fast. Recommended.
R00560,Worked fine at first but after two weeks the seal leaked in a bag. The consistency was the weak point.
R00561,Excellent watch. The quality is really good and it came fast. Recommended.
R00562,"This mouse is great quality and arrived fast. Very happy with it, recommended."
R00563,Been using this on a long flight for about about eight months now and the mic has held up well. No complaints so far.
R00564,Excellent mouse. The quality is really good and it came fast. Recommended.
R00565,"Does the job for daily college carry. Not perfect, a zip tooth broke eventually, but for the price it is acceptable."
R00566,Excellent speaker. The quality is really good and it came fast. Recommended.
R00567,"Bought it while cooking dinner. Within half a year started crackling above half volume, so I would not buy again."
R00568,Really happy with this suitcase. The quality is great and it arrived quickly. Recommended.
R00569,"Bought it for daily vegetable prep. The blade edge is better than I expected for the price, still solid after half a year."
R00570,Had this a month. Mainly use it on a long flight. The battery is the part that impressed me most.
R00571,"Good product, works fine. Happy with it."
R00572,"Very good, exactly what I wanted. Thanks!"
R00573,"Bought it for gym sessions. The laces is better than I expected for the price, still solid after two weeks."
R00574,"Works well, no issues so far. Good value."
R00575,"Awful. Cheap rubbish, nothing like the description. Avoid this seller completely."
R00576,Been using this at the gym for about four months now and the crown has held up well. No complaints so far.
R00577,Used it on a weekend trip for four months and then the zip started catching. Disappointing for what it cost.
R00578,"Using it on a long airport day for a month. The toe box does exactly what it needs to, nothing fancy but it works."
R00579,Outstanding quality! Exceeded all my expectations. Fast delivery too. Recommended!
R00580,"Using it for daily college carry for six weeks. The base fabric does exactly what it needs to, nothing fancy but it works."
R00581,Had this a month. Mainly use it while cycling. The frame is the part that impressed me most.
R00582,Been using this on a long flight for about about eight months now and the battery has held up well. No complaints so far.
R00583,Worked fine at first but after about eight months the coating flaked inside. The spout was the weak point.
R00584,"Bought it for daily commuting. Within three months the clasp stopped holding shut, so I would not buy again."
R00585,"Using it while swimming for four months. The clasp does exactly what it needs to, nothing fancy but it works."
R00586,Had this four months. Mainly use it for daily commuting. The frame is the part that impressed me most.
R00587,"Using it for eight hour work days for a month. The gas lift does exactly what it needs to, nothing fancy but it works."
R00588,Mixed feelings. The inner lining is good but after three months the zip started catching. Fine if you use it lightly.
R00589,Been using this for long gaming sessions for about two weeks now and the armrest has held up well. No complaints so far.
R00590,"Using it while cooking dinner for two weeks. The bass driver does exactly what it needs to, nothing fancy but it works."
R00591,"Decent for a formal event, though a strap pin sheared after a month. The bezel is still holding up at least."
R00592,"Using it at a small house party for four months. The pairing button does exactly what it needs to, nothing fancy but it works."
R00593,Using it through three connecting flights for three months now. The spinner wheels is well made and everything still works perfectly.
R00594,Really happy with this watch. The quality is great and it arrived quickly. Recommended.
R00595,"Using it for long gaming sessions for four months. The lumbar support does exactly what it needs to, nothing fancy but it works."
R00596,Been using this on the balcony during a barbecue for about three months now and the bass driver has held up well. No complaints so far.
R00597,Been using this for daily gym use for about four months now and the spout has held up well. No complaints so far.
R00598,"Bought it while studying late. Within a month an armrest developed play, so I would not buy again."
R00599,Outstanding quality! Exceeded all my expectations. Fast delivery too. Recommended!
R00600,Had this two weeks. Mainly use it when breaking down a chicken. The bolster is the part that impressed me most.
R00601,Superb! Fantastic quality and amazing value for money. Very happy with this purchase!
R00602,Been using this for daily college carry for about about eight months now and the chest clip has held up well. No complaints so far.
R00603,Excellent! Very good product with superb finishing. Worth every penny!
R00604,"Nice quality, does the job. Recommend."
R00605,Been using this for gaming for about four months now and the side buttons has held up well. No complaints so far.
R00606,Been using this in the shower for about half a year now and the charging port has held up well. No complaints so far.
R00607,"This set of earbuds is great quality and arrived fast. Very happy with it, recommended."
R00608,Worked fine at first but after a month the seal leaked in a bag. The pump dispenser was the weak point.
R00609,Been using this on daily commutes for about eight months and the battery still looks new. Genuinely impressed with the build.
R00610,"Using it while cycling for three months. The hinge screws does exactly what it needs to, nothing fancy but it works."
R00611,About a month in and it started rusting at the bolster. The blade edge clearly was not built for regular use.
R00612,"Bought it on a week of travel. The shoulder straps is better than I expected for the price, still solid after half a year."
R00613,Been using this for a formal event for about half a year now and the bezel has held up well. No complaints so far.
R00614,Excellent watch. The quality is really good and it came fast. Recommended.
R00615,"Using it on a weekend trip for three months. The base studs does exactly what it needs to, nothing fancy but it works."
R00616,Had this four months. Mainly use it through three connecting flights. The telescopic handle is the part that impressed me most.
R00617,"Decent for daily vegetable prep, though the handle worked loose after four months. The tang is still holding up at least."
R00618,"This backpack is great quality and arrived fast. Very happy with it, recommended."
R00619,Excellent pair of shoes. The quality is really good and it came fast. Recommended.
R00620,Excellent case. The quality is really good and it came fast. Recommended.
R00621,About three months in and a zip tooth broke. The chest clip clearly was not built for regular use.
R00622,Had this a month. Mainly use it for daily commuting. The inner lining is the part that impressed me most.
R00623,"Decent on a camping trip, though developed a rattle in the bass after half a year. The battery is still holding up at least."
R00624,"Does the job while studying late. Not perfect, the seat foam flattened eventually, but for the price it is acceptable."
R00625,"Does the job on a beach holiday. Not perfect, the coating started flaking eventually, but for the price it is acceptable."
R00626,"Using it while studying late for half a year. The castor wheels does exactly what it needs to, nothing fancy but it works."
R00627,"Very good, exactly what I wanted. Thanks!"
R00628,Been using this as a work bag for about four months now and the magnetic clasp has held up well. No complaints so far.
R00629,"Great, arrived on time and works well."
R00630,Been using this alongside an existing routine for about four months now and the texture has held up well. No complaints so far.
R00631,"Bought it for carrying gym kit. The shoulder straps is better than I expected for the price, still solid after half a year."
R00632,Using it as a nightly routine for three months now. The texture is well made and everything still works perfectly.
R00633,"Bought it with a screen protector fitted. The button covers is better than I expected for the price, still solid after two weeks."
R00634,Picked this up as a work bag. After half a year the inner lining shows no wear at all. Exactly what I hoped for.
R00635,Excellent watch. The quality is really good and it came fast. Recommended.
R00636,Excellent! Very good product with superb finishing. Worth every penny!
R00637,"Good product, works fine. Happy with it."
R00638,Had this two weeks. Mainly use it on a camping trip. The battery is the part that impressed me most.
R00639,"Best purchase ever. Perfect in every way. Five stars, will buy again!"
R00640,"Pretty good overall, would buy again."
R00641,Wonderful item! Top quality and great service. Would definitely recommend!
R00642,"Bought it for daily college carry. The main zip is better than I expected for the price, still solid after three months."
R00643,Excellent mat. The quality is really good and it came fast. Recommended.
R00644,"Decent on daily commutes, though the left bud stopped charging after three months. The touch controls is still holding up at least."
R00645,"This set is great quality and arrived fast. Very happy with it, recommended."
R00646,Been using this for gaming for about three months now and the glide feet has held up well. No complaints so far.
R00647,"Decent at a small house party, though stopped holding a charge after six weeks. The battery is still holding up at least."
R00648,"This mat is great quality and arrived fast. Very happy with it, recommended."
R00649,"Bought it on sensitive skin. The jar seal is better than I expected for the price, still solid after a month."
R00650,Had this three months. Mainly use it alongside an existing routine. The fragrance is the part that impressed me most.
R00651,Been using this on a long flight for about four months now and the charging case hinge has held up well. No complaints so far.
R00652,Amazing product! Excellent quality and superb value. Highly recommend to everyone!
R00653,"Very happy with this set. Great quality, quick delivery. Would recommend."
R00654,Wonderful item! Top quality and great service. Would definitely recommend!
R00655,Amazing product! Excellent quality and superb value. Highly recommend to everyone!
R00656,"Bought it on a camping trip. The bass driver is better than I expected for the price, still solid after three months."
R00657,Mixed feelings. The bezel is good but after half a year the crystal picked up a scratch. Fine if you use it lightly.
R00658,"Pretty good overall, would buy again."
R00659,Decent product for the price. Satisfied.
R00660,"Bought it for daily commuting. The magnetic clasp is better than I expected for the price, still solid after four months."
R00661,Used it while cycling for three months and then the coating started flaking. Disappointing for what it cost.
R00662,About four months in and the grip went once it got sweaty. The edge binding clearly was not built for regular use.
R00663,"Bought it for daily vegetable prep. The bolster is better than I expected for the price, still solid after about eight months."
R00664,Used it for floor workouts for a month and then it started flaking at the edges. Disappointing for what it cost.
R00665,Excellent case. The quality is really good and it came fast. Recommended.
R00666,Amazing product! Excellent quality and superb value. Highly recommend to everyone!
R00667,"Bought it alongside an existing routine. The consistency is better than I expected for the price, still solid after about eight months."
R00668,Been using this after a waist height drop onto tile for about six weeks now and the corner bumpers has held up well. No complaints so far.
R00669,Been using this on a weekend trip for about a month now and the shoulder strap has held up well. No complaints so far.
R00670,Excellent suitcase. The quality is really good and it came fast. Recommended.
R00671,Used it for keeping tea hot at work for six weeks and then it started leaking at the lid. Disappointing for what it cost.
R00672,"Bought it on a weekend trip. Within three months the clasp stopped holding shut, so I would not buy again."
R00673,"Using it on a beach holiday for six weeks. The hinge screws does exactly what it needs to, nothing fancy but it works."
R00674,"Great bottle, quality is excellent and delivery was quick. Happy to recommend."
R00675,"Pretty good overall, would buy again."
R00676,Wonderful item! Top quality and great service. Would definitely recommend!
R00677,"Bought it on a weekend trip. The base studs is better than I expected for the price, still solid after a month."
R00678,"Pretty good overall, would buy again."
R00679,"Decent as a daily watch, though the clasp stopped locking properly after six weeks. The clasp is still holding up at least."
R00680,"Solid buy, no complaints at all."
R00681,Excellent pair of sunglasses. The quality is really good and it came fast. Recommended.
R00682,"Bought it as a daily watch. The clasp is better than I expected for the price, still solid after four months."
R00683,Been using this on a hardwood floor for about eight months and the edge binding still looks new. Genuinely impressed with the build.
R00684,Had this six weeks. Mainly use it for daily college carry. The chest clip is the part that impressed me most.
R00685,"Works well, no issues so far. Good value."
R00686,Worked fine at first but after three months the camera lip wore down. The inner lining was the weak point.
R00687,Had this about eight months. Mainly use it in a busy kitchen. The grip is the part that impressed me most.
R00688,About two weeks in and the arms lost their tension. The lens coating clearly was not built for regular use.
R00689,Been using this for monthly work travel for about six weeks now and the telescopic handle has held up well. No complaints so far.
R00690,"Does the job alongside an existing routine. Not perfect, the seal leaked in a bag eventually, but for the price it is acceptable."
R00691,"Using it for carrying gym kit for half a year. The chest clip does exactly what it needs to, nothing fancy but it works."
R00692,"Best purchase ever. Perfect in every way. Five stars, will buy again!"
R00693,"Pretty good overall, would buy again."
R00694,Had this a month. Mainly use it on a camping trip. The battery is the part that impressed me most.
R00695,Excellent knife set. The quality is really good and it came fast. Recommended.
R00696,Worst purchase. Poor quality item. Totally disappointed. Not recommended at all.
R00697,"Bought it on a long flight. The ear tips is better than I expected for the price, still solid after six weeks."
R00698,"Pretty good overall, would buy again."
R00699,Had this a month. Mainly use it for daily commuting. The lens coating is the part that impressed me most.
R00700,"Using it for carrying a laptop and a lunch box for half a year. The zip pull does exactly what it needs to, nothing fancy but it works."
R00701,"Pretty good overall, would buy again."
R00702,Been using this on a long flight for about half a year now and the mic has held up well. No complaints so far.
R00703,Been using this after a waist height drop onto tile for about six weeks now and the corner bumpers has held up well. No complaints so far.
R00704,"Bought it for daily office work. The side buttons is better than I expected for the price, still solid after four months."
R00705,"Great chair, quality is excellent and delivery was quick. Happy to recommend."
R00706,"Great watch, quality is excellent and delivery was quick. Happy to recommend."
R00707,About six weeks in and the clasp stopped holding shut. The zip pull clearly was not built for regular use.
R00708,About six weeks in and the case hinge went loose. The touch controls clearly was not built for regular use.
R00709,Really happy with this bottle. The quality is great and it arrived quickly. Recommended.
R00710,Had this half a year. Mainly use it at a small house party. The rubber seal is the part that impressed me most.
R00711,Had this about eight months. Mainly use it for long gaming sessions. The armrest is the part that impressed me most.
R00712,Really happy with this backpack. The quality is great and it arrived quickly. Recommended.
R00713,Had this half a year. Mainly use it for daily vegetable prep. The bolster is the part that impressed me most.
R00714,Been using this during workouts for about three months now and the ear tips has held up well. No complaints so far.
R00715,Had this half a year. Mainly use it in a car cup holder. The threading is the part that impressed me most.
R00716,Had this half a year. Mainly use it on a long airport day. The toe box is the part that impressed me most.
R00717,Had this a month. Mainly use it in a busy kitchen. The tang is the part that impressed me most.
R00718,"Using it for daily commuting for three months. The temple arms does exactly what it needs to, nothing fancy but it works."
R00719,Worst purchase. Poor quality item. Totally disappointed. Not recommended at all.
R00720,Had this three months. Mainly use it with a screen protector fitted. The camera lip is the part that impressed me most.
R00721,"Using it on a weekend trip for half a year. The shoulder strap does exactly what it needs to, nothing fancy but it works."
R00722,"Bought it on a camping trip. The bass driver is better than I expected for the price, still solid after about eight months."
R00723,"Great, arrived on time and works well."
R00724,"Using it while cycling for half a year. The lens coating does exactly what it needs to, nothing fancy but it works."
R00725,"Using it while swimming for three months. The bezel does exactly what it needs to, nothing fancy but it works."
R00726,Really happy with this backpack. The quality is great and it arrived quickly. Recommended.
R00727,"Decent for carrying a laptop and a lunch box, though the lining tore after three months. The base studs is still holding up at least."
R00728,"Bought it for eight hour work days. The lumbar support is better than I expected for the price, still solid after two weeks."
R00729,"Bought it with a laptop while travelling. The glide feet is better than I expected for the price, still solid after two weeks."
R00730,"Does the job while cooking dinner. Not perfect, lost pairing every few minutes eventually, but for the price it is acceptable."
R00731,"Decent for work calls, though the case hinge went loose after about eight months. The charging case hinge is still holding up at least."
R00732,"This mat is great quality and arrived fast. Very happy with it, recommended."
R00733,Outstanding quality! Exceeded all my expectations. Fast delivery too. Recommended!
R00734,"Best purchase ever. Perfect in every way. Five stars, will buy again!"
R00735,"This set of earbuds is great quality and arrived fast. Very happy with it, recommended."
R00736,"Best purchase ever. Perfect in every way. Five stars, will buy again!"
R00737,"Using it in heavy rain for two weeks. The base fabric does exactly what it needs to, nothing fancy but it works."
R00738,Had this a month. Mainly use it for daily college carry. The base fabric is the part that impressed me most.
R00739,"Bought it at a small house party. The bass driver is better than I expected for the price, still solid after three months."
R00740,"Very good, exactly what I wanted. Thanks!"
R00741,"Using it for work calls for a month. The battery does exactly what it needs to, nothing fancy but it works."
R00742,"Decent for daily commuting, though the zip started catching after six weeks. The zip pull is still holding up at least."
R00743,Using it at the gym for six weeks now. The clasp is well made and everything still works perfectly.
R00744,"Bought it for carrying a laptop and a lunch box. The base studs is better than I expected for the price, still solid after two weeks."
R00745,"Great bag, quality is excellent and delivery was quick. Happy to recommend."
R00746,Excellent suitcase. The quality is really good and it came fast. Recommended.
R00747,"Bought it for daily pocket carry. Within two weeks the button covers went mushy, so I would not buy again."
R00748,"Great mouse, quality is excellent and delivery was quick. Happy to recommend."
R00749,"Bought it while swimming. The strap pins is better than I expected for the price, still solid after two weeks."
R00750,Mixed feelings. The magnetic clasp is good but after a month the lining tore. Fine if you use it lightly.
R00751,About a month in and the stitching came loose at the strap. The inner lining clearly was not built for regular use.
R00752,Had this four months. Mainly use it for gaming. The glide feet is the part that impressed me most.
R00753,Using it on daily commutes for three months now. The touch controls is well made and everything still works perfectly.
R00754,Excellent pair of sunglasses. The quality is really good and it came fast. Recommended.
R00755,"Bought it with a screen protector fitted. The camera lip is better than I expected for the price, still solid after six weeks."
R00756,"Best purchase ever. Perfect in every way. Five stars, will buy again!"
R00757,Had this about eight months. Mainly use it when breaking down a chicken. The handle rivets is the part that impressed me most.
R00758,About half a year in and a side button stopped registering. The scroll wheel clearly was not built for regular use.
R00759,Excellent! Very good product with superb finishing. Worth every penny!
R00760,Picked this up when breaking down a chicken. After four months the blade edge shows no wear at all. Exactly what I hoped for.
R00761,"Bought it on the balcony during a barbecue. Within four months started crackling above half volume, so I would not buy again."
R00762,Had this half a year. Mainly use it as a nightly routine. The fragrance is the part that impressed me most.
R00763,Excellent mat. The quality is really good and it came fast. Recommended.
R00764,"Bought it for daily gym use. The carry loop is better than I expected for the price, still solid after two weeks."
R00765,"Bought it through three connecting flights. The latches is better than I expected for the price, still solid after a month."
R00766,"Using it while cycling for half a year. The lens coating does exactly what it needs to, nothing fancy but it works."
R00767,Really happy with this bottle. The quality is great and it arrived quickly. Recommended.
R00768,Had this three months. Mainly use it as a work bag. The zip pull is the part that impressed me most.
R00769,Had this six weeks. Mainly use it at a small house party. The charging port is the part that impressed me most.
R00770,Been using this after a waist height drop onto tile for about half a year now and the button covers has held up well. No complaints so far.
R00771,Picked this up in a busy kitchen. After six weeks the bolster shows no wear at all. Exactly what I hoped for.
R00772,"Using it in a home office for two weeks. The castor wheels does exactly what it needs to, nothing fancy but it works."
R00773,Used it for daily morning practice for two weeks and then the foam compressed under the knees. Disappointing for what it cost.
R00774,Had this a month. Mainly use it as a work bag. The base studs is the part that impressed me most.
R00775,"Bought it through a dry winter. Within four months the pump stopped drawing product, so I would not buy again."
R00776,Had this six weeks. Mainly use it for work calls. The charging case hinge is the part that impressed me most.
R00777,"This bag is great quality and arrived fast. Very happy with it, recommended."
R00778,"Using it on a week of travel for three months. The chest clip does exactly what it needs to, nothing fancy but it works."
R00779,About a month in and a permanent crease formed. The edge binding clearly was not built for regular use.
R00780,"Decent in a car cup holder, though it stopped holding temperature after three months. The inner coating is still holding up at least."
R00781,"Bought it as a work bag. Within a month the stitching came loose at the strap, so I would not buy again."
R00782,Wonderful item! Top quality and great service. Would definitely recommend!
R00783,"Using it for gaming for six weeks. The glide feet does exactly what it needs to, nothing fancy but it works."
R00784,Had this three months. Mainly use it while cycling. The nose pads is the part that impressed me most.
R00785,"Bought it on the balcony during a barbecue. The pairing button is better than I expected for the price, still solid after six weeks."
R00786,Had it six weeks on a two week trip. The shell corners has held up better than the last one I owned. Very pleased.
R00787,"Great, arrived on time and works well."
R00788,Been using this on the balcony during a barbecue for half a year and the pairing button still looks new. Genuinely impressed with the build.
R00789,Used it for floor workouts for half a year and then the grip went once it got sweaty. Disappointing for what it cost.
R00790,Really happy with this backpack. The quality is great and it arrived quickly. Recommended.
R00791,"Great, arrived on time and works well."
R00792,Had this four months. Mainly use it while studying late. The lumbar support is the part that impressed me most.
R00793,"Bought it for daily office work. The scroll wheel is better than I expected for the price, still solid after a month."
R00794,Had this four months. Mainly use it on a glass desk. The scroll wheel is the part that impressed me most.
R00795,"This backpack is great quality and arrived fast. Very happy with it, recommended."
R00796,"Bought it on a glass desk. The left click switch is better than I expected for the price, still solid after half a year."
R00797,"Absolutely love it! Great product, great price, great seller. Buy it now!"
R00798,Been using this during workouts for about a month now and the mic has held up well. No complaints so far.
R00799,Been using this when breaking down a chicken for about six weeks now and the grip has held up well. No complaints so far.
R00800,Really happy with this mouse. The quality is great and it arrived quickly. Recommended.
R00801,"Bought it on a hardwood floor. The edge binding is better than I expected for the price, still solid after four months."
R00802,Had it six weeks as a nightly routine. The pump dispenser has held up better than the last one I owned. Very pleased.
R00803,"Using it while cooking dinner for half a year. The rubber seal does exactly what it needs to, nothing fancy but it works."
R00804,"Solid buy, no complaints at all."
R00805,"Works well, no issues so far. Good value."
R00806,"Solid buy, no complaints at all."
R00807,Used it through a dry winter for two weeks and then the pump stopped drawing product. Disappointing for what it cost.
R00808,"Bought it in a busy kitchen. Within half a year the handle worked loose, so I would not buy again."
R00809,"Does the job for carrying gym kit. Not perfect, a zip tooth broke eventually, but for the price it is acceptable."
R00810,"Good product, works fine. Happy with it."
R00811,"This pair of shoes is great quality and arrived fast. Very happy with it, recommended."
R00812,Used it at the gym for about eight months and then it gained a few minutes a week. Disappointing for what it cost.
R00813,"Very happy with this bottle. Great quality, quick delivery. Would recommend."
R00814,Worked fine at first but after about eight months it stopped holding temperature. The spout was the weak point.
R00815,"Bought it on the balcony during a barbecue. Within half a year developed a rattle in the bass, so I would not buy again."
R00816,"This suitcase is great quality and arrived fast. Very happy with it, recommended."
R00817,Really happy with this case. The quality is great and it arrived quickly. Recommended.
R00818,Had this a month. Mainly use it on a glass desk. The scroll wheel is the part that impressed me most.
R00819,"Very good, exactly what I wanted. Thanks!"
R00820,Used it while swimming for four months and then a strap pin sheared. Disappointing for what it cost.
R00821,"Does the job for daily morning practice. Not perfect, it started flaking at the edges eventually, but for the price it is acceptable."
R00822,"Very good, exactly what I wanted. Thanks!"
R00823,Been using this on the balcony during a barbecue for about eight months and the charging port still looks new. Genuinely impressed with the build.
R00824,"Decent on hikes, though it stopped holding temperature after three months. The inner coating is still holding up at least."
R00825,"Nice quality, does the job. Recommend."
R00826,Decent product for the price. Satisfied.
R00827,Had this half a year. Mainly use it for slicing bread. The tang is the part that impressed me most.
R00828,About two weeks in and the button covers went mushy. The camera lip clearly was not built for regular use.
R00829,"Pretty good overall, would buy again."
R00830,About six weeks in and the base fabric started fraying. The laptop sleeve clearly was not built for regular use.
R00831,"This backpack is great quality and arrived fast. Very happy with it, recommended."
R00832,Had this two weeks. Mainly use it as a work bag. The shoulder strap is the part that impressed me most.
R00833,"Great bottle, quality is excellent and delivery was quick. Happy to recommend."
R00834,"Great set of earbuds, quality is excellent and delivery was quick. Happy to recommend."
R00835,"Bought it on hikes. Within three months it stopped holding temperature, so I would not buy again."
R00836,"This chair is great quality and arrived fast. Very happy with it, recommended."
R00837,"Best purchase ever. Perfect in every way. Five stars, will buy again!"
R00838,"Using it while cooking dinner for a month. The bass driver does exactly what it needs to, nothing fancy but it works."
R00839,"Using it with a screen protector fitted for two weeks. The camera lip does exactly what it needs to, nothing fancy but it works."
R00840,"Good product, works fine. Happy with it."
R00841,"Using it as a nightly routine for six weeks. The consistency does exactly what it needs to, nothing fancy but it works."
R00842,"Pretty good overall, would buy again."
R00843,Had this four months. Mainly use it for daily office work. The glide feet is the part that impressed me most.
R00844,"This watch is great quality and arrived fast. Very happy with it, recommended."
R00845,Had this three months. Mainly use it on a glass desk. The side buttons is the part that impressed me most.
R00846,"Using it for work calls for three months. The battery does exactly what it needs to, nothing fancy but it works."
R00847,Wonderful item! Top quality and great service. Would definitely recommend!
R00848,"Bought it on a hardwood floor. The surface texture is better than I expected for the price, still solid after half a year."
R00849,Used it on a work site for two weeks and then the button covers went mushy. Disappointing for what it cost.
R00850,Used it for daily commuting for three months and then the lining tore. Disappointing for what it cost.
R00851,Been using this while studying late for about three months now and the lumbar support has held up well. No complaints so far.
R00852,"Great bag, quality is excellent and delivery was quick. Happy to recommend."
R00853,"Bought it at the gym. Within about eight months it gained a few minutes a week, so I would not buy again."
R00854,About a month in and the pump stopped drawing product. The consistency clearly was not built for regular use.
R00855,Used it on hikes for three months and then the coating flaked inside. Disappointing for what it cost.
R00856,Worked fine at first but after three months it soaked through in rain. The chest clip was the weak point.
R00857,Excellent backpack. The quality is really good and it came fast. Recommended.
R00858,"Bought it for slicing bread. The blade edge is better than I expected for the price, still solid after half a year."
R00859,"Good product, works fine. Happy with it."
R00860,Used it at the gym for a month and then the crystal picked up a scratch. Disappointing for what it cost.
R00861,Had it six weeks as a nightly routine. The fragrance has held up better than the last one I owned. Very pleased.
R00862,"Good product, works fine. Happy with it."
R00863,Had this two weeks. Mainly use it in a heated class. The underside grip is the part that impressed me most.
R00864,Worked fine at first but after six weeks a permanent crease formed. The underside grip was the weak point.
R00865,"Bought it in a busy kitchen. Within a month the edge dulled within a month, so I would not buy again."
R00866,"Great knife set, quality is excellent and delivery was quick. Happy to recommend."
R00867,"Very happy with this case. Great quality, quick delivery. Would recommend."
R00868,Decent product for the price. Satisfied.
R00869,"Using it for carrying a laptop and a lunch box for a month. The inner lining does exactly what it needs to, nothing fancy but it works."
R00870,"Pretty good overall, would buy again."
R00871,Outstanding quality! Exceeded all my expectations. Fast delivery too. Recommended!
R00872,About a month in and it gained a few minutes a week. The strap pins clearly was not built for regular use.
R00873,"Very happy with this knife set. Great quality, quick delivery. Would recommend."
R00874,Had this four months. Mainly use it for a formal event. The clasp is the part that impressed me most.
R00875,Worked fine at first but after four months the arms lost their tension. The nose pads was the weak point.
R00876,"This knife set is great quality and arrived fast. Very happy with it, recommended."
R00877,"Awful. Cheap rubbish, nothing like the description. Avoid this seller completely."
R00878,Been using this for carrying gym kit for about about eight months now and the main zip has held up well. No complaints so far.
R00879,Worked fine at first but after a month the pump stopped drawing product. The fragrance was the weak point.
R00880,Worked fine at first but after two weeks battery life dropped noticeably. The battery was the weak point.
R00881,Excellent backpack. The quality is really good and it came fast. Recommended.
R00882,"Best purchase ever. Perfect in every way. Five stars, will buy again!"
R00883,Worked fine at first but after two weeks the clasp stopped locking properly. The crown was the weak point.
R00884,"Bought it through a dry winter. The fragrance is better than I expected for the price, still solid after four months."
R00885,Excellent mat. The quality is really good and it came fast. Recommended.
R00886,Wonderful item! Top quality and great service. Would definitely recommend!
R00887,Wonderful item! Top quality and great service. Would definitely recommend!
R00888,"Bought it in a heated class. Within a month it started flaking at the edges, so I would not buy again."
R00889,"Does the job for daily office work. Not perfect, a side button stopped registering eventually, but for the price it is acceptable."
R00890,"Bought it for daily college carry. The main zip is better than I expected for the price, still solid after a month."
R00891,"Does the job on a weekend trip. Not perfect, the lining tore eventually, but for the price it is acceptable."
R00892,"Bought it through a dry winter. Within about eight months the pump stopped drawing product, so I would not buy again."
R00893,Had this three months. Mainly use it on a two week trip. The zip track is the part that impressed me most.
R00894,Had this a month. Mainly use it as a nightly routine. The consistency is the part that impressed me most.
R00895,Mixed feelings. The strap pins is good but after two weeks it gained a few minutes a week. Fine if you use it lightly.
R00896,"Very happy with this pair of shoes. Great quality, quick delivery. Would recommend."
R00897,"Bought it for gaming. The scroll wheel is better than I expected for the price, still solid after a month."
R00898,Been using this for monthly work travel for about a month now and the shell corners has held up well. No complaints so far.
R00899,"Using it in heavy rain for two weeks. The chest clip does exactly what it needs to, nothing fancy but it works."
R00900,Picked this up on a glass desk. After half a year the side buttons shows no wear at all. Exactly what I hoped for.
R00901,"This mat is great quality and arrived fast. Very happy with it, recommended."
R00902,Excellent mouse. The quality is really good and it came fast. Recommended.
R00903,Superb! Fantastic quality and amazing value for money. Very happy with this purchase!
R00904,Had this three months. Mainly use it for daily vegetable prep. The grip is the part that impressed me most.
R00905,"Pretty good overall, would buy again."
R00906,Really happy with this bottle. The quality is great and it arrived quickly. Recommended.
R00907,"Very happy with this bag. Great quality, quick delivery. Would recommend."
R00908,"Bought it after a waist height drop onto tile. The inner lining is better than I expected for the price, still solid after six weeks."
R00909,"Perfect product, exactly as described. Excellent quality. Highly satisfied!"
R00910,Had this six weeks. Mainly use it for daily office work. The sensor is the part that impressed me most.
R00911,Amazing product! Excellent quality and superb value. Highly recommend to everyone!
R00912,Really happy with this pair of sunglasses. The quality is great and it arrived quickly. Recommended.
R00913,"Does the job as a nightly routine. Not perfect, the seal leaked in a bag eventually, but for the price it is acceptable."
R00914,Been using this while cycling for about eight months and the lens coating still looks new. Genuinely impressed with the build.
R00915,Had this a month. Mainly use it for daily commuting. The frame is the part that impressed me most.
R00916,Been using this on the balcony during a barbecue for about half a year now and the pairing button has held up well. No complaints so far.
R00917,"Using it after a waist height drop onto tile for three months. The camera lip does exactly what it needs to, nothing fancy but it works."
R00918,Worked fine at first but after a month the insole compressed flat. The heel counter was the weak point.
R00919,"Bought it on daily commutes. The touch controls is better than I expected for the price, still solid after six weeks."
R00920,"Bought it for daily pocket carry. The button covers is better than I expected for the price, still solid after a month."
R00921,Excellent mat. The quality is really good and it came fast. Recommended.
R00922,"Good product, works fine. Happy with it."
R00923,"Absolutely love it! Great product, great price, great seller. Buy it now!"
R00924,Been using this for a formal event for about half a year now and the bezel has held up well. No complaints so far.
R00925,"Bought it as a check-in bag. The telescopic handle is better than I expected for the price, still solid after four months."
R00926,"Pretty good overall, would buy again."
R00927,"Pretty good overall, would buy again."
R00928,"Very happy with this chair. Great quality, quick delivery. Would recommend."
R00929,"Perfect product, exactly as described. Excellent quality. Highly satisfied!"
R00930,Worked fine at first but after a month the edge dulled within a month. The tang was the weak point.
R00931,"Great suitcase, quality is excellent and delivery was quick. Happy to recommend."
R00932,Excellent bag. The quality is really good and it came fast. Recommended.
R00933,"Great knife set, quality is excellent and delivery was quick. Happy to recommend."
R00934,"Bought it for driving. The lens coating is better than I expected for the price, still solid after six weeks."
R00935,Mixed feelings. The texture is good but after half a year the pump stopped drawing product. Fine if you use it lightly.
R00936,"Does the job while swimming. Not perfect, it gained a few minutes a week eventually, but for the price it is acceptable."
R00937,"Good product, works fine. Happy with it."
R00938,"Great, arrived on time and works well."
R00939,Been using this for a daily walk to work for about half a year now and the toe box has held up well. No complaints so far.
R00940,About about eight months in and an armrest developed play. The lumbar support clearly was not built for regular use.
R00941,Had this about eight months. Mainly use it on a long airport day. The heel counter is the part that impressed me most.
R00942,Had it three months for daily morning practice. The foam density has held up better than the last one I owned. Very pleased.
R00943,Been using this as a check-in bag for about a month now and the zip track has held up well. No complaints so far.
R00944,Excellent pair of sunglasses. The quality is really good and it came fast. Recommended.
R00945,"Bought it for daily morning practice. Within a month the grip went once it got sweaty, so I would not buy again."
R00946,Had it six weeks for slicing bread. The grip has held up better than the last one I owned. Very pleased.
R00947,"Works well, no issues so far. Good value."
R00948,"Using it at a small house party for six weeks. The charging port does exactly what it needs to, nothing fancy but it works."
R00949,Used it in the shower for three months and then lost pairing every few minutes. Disappointing for what it cost.
R00950,Excellent bottle. The quality is really good and it came fast. Recommended.
R00951,"Bought it on a beach holiday. The hinge screws is better than I expected for the price, still solid after six weeks."
R00952,"Decent for driving, though the coating started flaking after four months. The frame is still holding up at least."
R00953,Had this four months. Mainly use it for floor workouts. The foam density is the part that impressed me most.
R00954,"This mouse is great quality and arrived fast. Very happy with it, recommended."
R00955,About about eight months in and the camera lip wore down. The inner lining clearly was not built for regular use.
R00956,Had this about eight months. Mainly use it while cooking dinner. The charging port is the part that impressed me most.
R00957,Been using this at a small house party for about three months now and the battery has held up well. No complaints so far.
R00958,Terrible product. Complete waste of money. Do not buy this. Very bad quality.
R00959,Wonderful item! Top quality and great service. Would definitely recommend!
R00960,"Bought it in a car cup holder. Within a month it started leaking at the lid, so I would not buy again."
R00961,"Using it on a beach holiday for half a year. The temple arms does exactly what it needs to, nothing fancy but it works."
R00962,"Using it for daily gym use for six weeks. The lid gasket does exactly what it needs to, nothing fancy but it works."
R00963,"Great, arrived on time and works well."
R00964,About three months in and an armrest developed play. The castor wheels clearly was not built for regular use.
R00965,Picked this up for keeping tea hot at work. After three months the inner coating shows no wear at all. Exactly what I hoped for.
R00966,About four months in and it soaked through in rain. The chest clip clearly was not built for regular use.
R00967,"Decent while swimming, though the clasp stopped locking properly after four months. The crystal is still holding up at least."
R00968,Used it for a daily walk to work for four months and then the sole started separating at the toe. Disappointing for what it cost.
R00969,Been using this on hikes for half a year and the spout still looks new. Genuinely impressed with the build.
R00970,Had it four months on a camping trip. The rubber seal has held up better than the last one I owned. Very pleased.
R00971,Been using this on a work site for three months and the camera lip still looks new. Genuinely impressed with the build.
R00972,"Good product, works fine. Happy with it."
R00973,"Pretty good overall, would buy again."
R00974,Really happy with this case. The quality is great and it arrived quickly. Recommended.
R00975,"Bought it on a camping trip. The pairing button is better than I expected for the price, still solid after four months."
R00976,"Using it on a two week trip for four months. The telescopic handle does exactly what it needs to, nothing fancy but it works."
R00977,"Bought it for floor workouts. The underside grip is better than I expected for the price, still solid after half a year."
R00978,"Very good, exactly what I wanted. Thanks!"
R00979,"Great mat, quality is excellent and delivery was quick. Happy to recommend."
R00980,Been using this for floor workouts for about six weeks now and the foam density has held up well. No complaints so far.
R00981,Mixed feelings. The inner lining is good but after three months the corners yellowed. Fine if you use it lightly.
R00982,"Bought it on a week of travel. The laptop sleeve is better than I expected for the price, still solid after half a year."
R00983,Been using this for daily commuting for about six weeks now and the temple arms has held up well. No complaints so far.
R00984,"Very happy with this pair of shoes. Great quality, quick delivery. Would recommend."
R00985,Excellent pair of shoes. The quality is really good and it came fast. Recommended.
R00986,"Very happy with this pair of sunglasses. Great quality, quick delivery. Would recommend."
R00987,Using it for driving for a month now. The hinge screws is well made and everything still works perfectly.
R00988,"Bought it for gaming. The scroll wheel is better than I expected for the price, still solid after a month."
R00989,Wonderful item! Top quality and great service. Would definitely recommend!
R00990,"Does the job on wet pavement. Not perfect, the sole started separating at the toe eventually, but for the price it is acceptable."
R00991,Used it for a daily walk to work for half a year and then the heel lining wore through. Disappointing for what it cost.
R00992,Worked fine at first but after about eight months lost pairing every few minutes. The pairing button was the weak point.
R00993,"Using it for daily office work for half a year. The side buttons does exactly what it needs to, nothing fancy but it works."
R00994,Really happy with this case. The quality is great and it arrived quickly. Recommended.
R00995,Using it with a laptop while travelling for six weeks now. The glide feet is well made and everything still works perfectly.
R00996,Really happy with this bag. The quality is great and it arrived quickly. Recommended.
R00997,Had this about eight months. Mainly use it in a busy kitchen. The grip is the part that impressed me most.
R00998,Had this six weeks. Mainly use it through three connecting flights. The spinner wheels is the part that impressed me most.
R00999,Been using this on sensitive skin for about three months now and the pump dispenser has held up well. No complaints so far.
R01000,Had this a month. Mainly use it on a work site. The camera lip is the part that impressed me most.
R01001,"Nice quality, does the job. Recommend."
R01002,"Bought it on a beach holiday. Within two weeks the nose pads discoloured, so I would not buy again."
R01003,"Using it for monthly work travel for half a year. The zip track does exactly what it needs to, nothing fancy but it works."
R01004,"Bought it on a long flight. The battery is better than I expected for the price, still solid after about eight months."
R01005,Been using this for floor workouts for about three months now and the edge binding has held up well. No complaints so far.
R01006,Had this half a year. Mainly use it for slicing bread. The handle rivets is the part that impressed me most.
R01007,Had this four months. Mainly use it while swimming. The bezel is the part that impressed me most.
R01008,Worked fine at first but after about eight months a small chip appeared near the tip. The bolster was the weak point.
R01009,"Solid buy, no complaints at all."
R01010,"Good product, works fine. Happy with it."
R01011,Superb! Fantastic quality and amazing value for money. Very happy with this purchase!
R01012,"Bought it with a screen protector fitted. The button covers is better than I expected for the price, still solid after two weeks."
R01013,Been using this as a nightly routine for six weeks and the fragrance still looks new. Genuinely impressed with the build.
R01014,Used it for daily commuting for about eight months and then the coating started flaking. Disappointing for what it cost.
R01015,Worked fine at first but after four months it stopped holding temperature. The lid gasket was the weak point.
R01016,"Bought it for gaming. The sensor is better than I expected for the price, still solid after a month."
R01017,Using it through three connecting flights for six weeks now. The spinner wheels is well made and everything still works perfectly.
R01018,About four months in and a shell corner cracked. The telescopic handle clearly was not built for regular use.
R01019,"Great bag, quality is excellent and delivery was quick. Happy to recommend."
R01020,"Using it on a long flight for four months. The touch controls does exactly what it needs to, nothing fancy but it works."
R01021,Had this three months. Mainly use it on sensitive skin. The fragrance is the part that impressed me most.
R01022,Worked fine at first but after six weeks a side button stopped registering. The side buttons was the weak point.
R01023,"This pair of sunglasses is great quality and arrived fast. Very happy with it, recommended."
R01024,Excellent bag. The quality is really good and it came fast. Recommended.
R01025,Terrible product. Complete waste of money. Do not buy this. Very bad quality.
R01026,Mixed feelings. The ear tips is good but after about eight months the touch controls got erratic. Fine if you use it lightly.
R01027,"Very happy with this bag. Great quality, quick delivery. Would recommend."
R01028,"Does the job for floor workouts. Not perfect, a permanent crease formed eventually, but for the price it is acceptable."
R01029,Had this three months. Mainly use it in a home office. The armrest is the part that impressed me most.
R01030,Been using this for keeping tea hot at work for about six weeks now and the carry loop has held up well. No complaints so far.
R01031,Worked fine at first but after six weeks a strap pin sheared. The crystal was the weak point.
R01032,"Great knife set, quality is excellent and delivery was quick. Happy to recommend."
R01033,Mixed feelings. The chest clip is good but after about eight months it soaked through in rain. Fine if you use it lightly.
R01034,Used it for daily college carry for two weeks and then a zip tooth broke. Disappointing for what it cost.
R01035,Been using this on a hardwood floor for about about eight months now and the edge binding has held up well. No complaints so far.
R01036,"Nice quality, does the job. Recommend."
R01037,"Using it on a hardwood floor for six weeks. The surface texture does exactly what it needs to, nothing fancy but it works."
R01038,Had this a month. Mainly use it after a waist height drop onto tile. The port cutout is the part that impressed me most.
R01039,Using it for daily office work for half a year now. The scroll wheel is well made and everything still works perfectly.
R01040,"Perfect product, exactly as described. Excellent quality. Highly satisfied!"
R01041,Had it four months on hikes. The carry loop has held up better than the last one I owned. Very pleased.
R01042,"Does the job on a week of travel. Not perfect, a zip tooth broke eventually, but for the price it is acceptable."
R01043,"Using it while cycling for a month. The frame does exactly what it needs to, nothing fancy but it works."
R01044,"This speaker is great quality and arrived fast. Very happy with it, recommended."
R01045,"Nice quality, does the job. Recommend."
R01046,"Absolutely love it! Great product, great price, great seller. Buy it now!"
R01047,Been using this while studying late for about about eight months now and the seat foam has held up well. No complaints so far.
R01048,Been using this in heavy rain for about three months now and the base fabric has held up well. No complaints so far.
R01049,"Decent at a small house party, though started crackling above half volume after a month. The rubber seal is still holding up at least."
R01050,Had this four months. Mainly use it on sensitive skin. The pump dispenser is the part that impressed me most.
R01051,Using it for daily office work for half a year now. The left click switch is well made and everything still works perfectly.
R01052,Really happy with this set of earbuds. The quality is great and it arrived quickly. Recommended.
R01053,"Bought it on a glass desk. The sensor is better than I expected for the price, still solid after a month."
R01054,Used it in the shower for about eight months and then stopped holding a charge. Disappointing for what it cost.
R01055,"Very good, exactly what I wanted. Thanks!"
R01056,Used it through three connecting flights for six weeks and then a shell corner cracked. Disappointing for what it cost.
R01057,"Does the job while cycling. Not perfect, the arms lost their tension eventually, but for the price it is acceptable."
R01058,"Does the job on a hardwood floor. Not perfect, the foam compressed under the knees eventually, but for the price it is acceptable."
R01059,"Bought it for daily gym use. Within half a year it stopped holding temperature, so I would not buy again."
R01060,Had this three months. Mainly use it on a week of travel. The main zip is the part that impressed me most.
R01061,"Bought it with a screen protector fitted. The camera lip is better than I expected for the price, still solid after three months."
R01062,Been using this in a heated class for about a month now and the underside grip has held up well. No complaints so far.
R01063,"Using it at the gym for six weeks. The strap pins does exactly what it needs to, nothing fancy but it works."
R01064,"Bought it with a laptop while travelling. The sensor is better than I expected for the price, still solid after a month."
R01065,Been using this during workouts for about three months now and the battery has held up well. No complaints so far.
R01066,"Best purchase ever. Perfect in every way. Five stars, will buy again!"
R01067,Had it a month on a hardwood floor. The edge binding has held up better than the last one I owned. Very pleased.
R01068,"Nice quality, does the job. Recommend."
R01069,Had this about eight months. Mainly use it for gym sessions. The heel counter is the part that impressed me most.
R01070,"Bought it for daily pocket carry. The corner bumpers is better than I expected for the price, still solid after two weeks."
R01071,"Solid buy, no complaints at all."
R01072,"Great case, quality is excellent and delivery was quick. Happy to recommend."
R01073,"Perfect product, exactly as described. Excellent quality. Highly satisfied!"
R01074,"Bought it in a home office. The seat foam is better than I expected for the price, still solid after about eight months."
R01075,Been using this with a screen protector fitted for about three months now and the port cutout has held up well. No complaints so far.
R01076,Had this six weeks. Mainly use it while studying late. The lumbar support is the part that impressed me most.
R01077,"Solid buy, no complaints at all."
R01078,Decent product for the price. Satisfied.
R01079,"Using it for long gaming sessions for half a year. The gas lift does exactly what it needs to, nothing fancy but it works."
R01080,Picked this up for gaming. After a month the scroll wheel shows no wear at all. Exactly what I hoped for.
R01081,Used it in heavy rain for two weeks and then the base fabric started fraying. Disappointing for what it cost.
R01082,Had this four months. Mainly use it after a waist height drop onto tile. The corner bumpers is the part that impressed me most.
R01083,"Pretty good overall, would buy again."
R01084,Used it in a busy kitchen for about eight months and then a small chip appeared near the tip. Disappointing for what it cost.
R01085,Worst purchase. Poor quality item. Totally disappointed. Not recommended at all.
R01086,Outstanding quality! Exceeded all my expectations. Fast delivery too. Recommended!
R01087,Excellent set of earbuds. The quality is really good and it came fast. Recommended.
R01088,"Using it in a busy kitchen for two weeks. The blade edge does exactly what it needs to, nothing fancy but it works."
R01089,Outstanding quality! Exceeded all my expectations. Fast delivery too. Recommended!
R01090,Had this three months. Mainly use it for gym sessions. The laces is the part that impressed me most.
R01091,Worked fine at first but after three months the texture separated. The pump dispenser was the weak point.
R01092,Worked fine at first but after about eight months a side button stopped registering. The glide feet was the weak point.
R01093,Excellent pair of shoes. The quality is really good and it came fast. Recommended.
R01094,Had this three months. Mainly use it on sensitive skin. The fragrance is the part that impressed me most.
R01095,"Great backpack, quality is excellent and delivery was quick. Happy to recommend."
R01096,"Using it for driving for two weeks. The frame does exactly what it needs to, nothing fancy but it works."
R01097,Really happy with this bag. The quality is great and it arrived quickly. Recommended.
R01098,Decent product for the price. Satisfied.
R01099,Worked fine at first but after two weeks the strap padding compressed. The base fabric was the weak point.
R01100,"Bought it on daily commutes. The battery is better than I expected for the price, still solid after a month."
R01101,"Bought it as a daily watch. Within a month the crystal picked up a scratch, so I would not buy again."
R01102,Been using this on the balcony during a barbecue for about three months now and the rubber seal has held up well. No complaints so far.
R01103,Mixed feelings. The carry loop is good but after three months it started leaking at the lid. Fine if you use it lightly.
R01104,Had this three months. Mainly use it for monthly work travel. The shell corners is the part that impressed me most.
R01105,"Very happy with this watch. Great quality, quick delivery. Would recommend."
R01106,"Bought it on a beach holiday. The hinge screws is better than I expected for the price, still solid after four months."
R01107,"Does the job for daily vegetable prep. Not perfect, the edge dulled within a month eventually, but for the price it is acceptable."
R01108,Had it half a year with a screen protector fitted. The port cutout has held up better than the last one I owned. Very pleased.
R01109,Excellent backpack. The quality is really good and it came fast. Recommended.
R01110,"Absolutely love it! Great product, great price, great seller. Buy it now!"
R01111,Worked fine at first but after a month the coating flaked inside. The threading was the weak point.
R01112,Terrible product. Complete waste of money. Do not buy this. Very bad quality.
R01113,Excellent! Very good product with superb finishing. Worth every penny!
R01114,"Bought it for gym sessions. The insole is better than I expected for the price, still solid after four months."
R01115,Used it for eight hour work days for six weeks and then an armrest developed play. Disappointing for what it cost.
R01116,"Bought it when breaking down a chicken. The handle rivets is better than I expected for the price, still solid after two weeks."
R01117,"This bag is great quality and arrived fast. Very happy with it, recommended."
R01118,Really happy with this suitcase. The quality is great and it arrived quickly. Recommended.
R01119,"This speaker is great quality and arrived fast. Very happy with it, recommended."
R01120,Had this four months. Mainly use it through three connecting flights. The shell corners is the part that impressed me most.
R01121,"Great, arrived on time and works well."
R01122,"Awful. Cheap rubbish, nothing like the description. Avoid this seller completely."
R01123,Excellent! Very good product with superb finishing. Worth every penny!
R01124,Had this about eight months. Mainly use it for gym sessions. The laces is the part that impressed me most.
R01125,"Great, arrived on time and works well."
R01126,Amazing product! Excellent quality and superb value. Highly recommend to everyone!
R01127,Been using this as a daily watch for about two weeks now and the clasp has held up well. No complaints so far.
R01128,Been using this as a work bag for about about eight months now and the magnetic clasp has held up well. No complaints so far.
R01129,"Best purchase ever. Perfect in every way. Five stars, will buy again!"
R01130,"Does the job in heavy rain. Not perfect, the strap padding compressed eventually, but for the price it is acceptable."
R01131,"This pair of shoes is great quality and arrived fast. Very happy with it, recommended."
R01132,"Solid buy, no complaints at all."
R01133,Really happy with this case. The quality is great and it arrived quickly. Recommended.
R01134,Had it a month for daily morning practice. The edge binding has held up better than the last one I owned. Very pleased.
R01135,"Using it while cooking dinner for three months. The rubber seal does exactly what it needs to, nothing fancy but it works."
R01136,Excellent mouse. The quality is really good and it came fast. Recommended.
R01137,Excellent chair. The quality is really good and it came fast. Recommended.
R01138,Used it while cycling for three months and then a hinge screw worked loose. Disappointing for what it cost.
R01139,"This bag is great quality and arrived fast. Very happy with it, recommended."
R01140,Outstanding quality! Exceeded all my expectations. Fast delivery too. Recommended!
R01141,Worked fine at first but after a month the grip went on wet floors. The insole was the weak point.
R01142,"Best purchase ever. Perfect in every way. Five stars, will buy again!"
R01143,"Bought it for gaming. The sensor is better than I expected for the price, still solid after a month."
R01144,"Using it for daily pocket carry for four months. The inner lining does exactly what it needs to, nothing fancy but it works."
R01145,"Using it in heavy rain for a month. The chest clip does exactly what it needs to, nothing fancy but it works."
R01146,Used it through three connecting flights for four months and then the handle started sticking halfway. Disappointing for what it cost.
R01147,"Absolutely love it! Great product, great price, great seller. Buy it now!"
R01148,"Great set, quality is excellent and delivery was quick. Happy to recommend."
R01149,Been using this as a work bag for about half a year now and the inner lining has held up well. No complaints so far.
R01150,"Using it on a work site for two weeks. The corner bumpers does exactly what it needs to, nothing fancy but it works."
R01151,"Using it in a home office for about eight months. The castor wheels does exactly what it needs to, nothing fancy but it works."
R01152,"Bought it for a daily walk to work. The outsole grip is better than I expected for the price, still solid after six weeks."
R01153,Been using this while cycling for about about eight months now and the lens coating has held up well. No complaints so far.
R01154,"Does the job for long gaming sessions. Not perfect, the seat foam flattened eventually, but for the price it is acceptable."
R01155,Had this two weeks. Mainly use it during workouts. The ear tips is the part that impressed me most.
R01156,"Absolutely love it! Great product, great price, great seller. Buy it now!"
R01157,Mixed feelings. The left click switch is good but after three months the left click started double-clicking. Fine if you use it lightly.
R01158,Been using this for a daily walk to work for about three months now and the toe box has held up well. No complaints so far.
R01159,Been using this for daily college carry for about about eight months now and the chest clip has held up well. No complaints so far.
R01160,"Bought it with a screen protector fitted. The button covers is better than I expected for the price, still solid after about eight months."
R01161,Been using this in the shower for about four months now and the charging port has held up well. No complaints so far.
R01162,Had this two weeks. Mainly use it for monthly work travel. The telescopic handle is the part that impressed me most.
R01163,Outstanding quality! Exceeded all my expectations. Fast delivery too. Recommended!
R01164,"Using it on a long flight for about eight months. The battery does exactly what it needs to, nothing fancy but it works."
R01165,Had this three months. Mainly use it for carrying gym kit. The laptop sleeve is the part that impressed me most.
R01166,"Using it for carrying gym kit for half a year. The shoulder straps does exactly what it needs to, nothing fancy but it works."
R01167,Worked fine at first but after a month developed a rattle in the bass. The charging port was the weak point.
R01168,Been using this in heavy rain for about eight months and the chest clip still looks new. Genuinely impressed with the build.
R01169,Had this a month. Mainly use it while studying late. The seat foam is the part that impressed me most.
R01170,"Perfect product, exactly as described. Excellent quality. Highly satisfied!"
R01171,Using it as a nightly routine for four months now. The consistency is well made and everything still works perfectly.
R01172,Using it for gaming for half a year now. The left click switch is well made and everything still works perfectly.
R01173,Had this about eight months. Mainly use it in a heated class. The surface texture is the part that impressed me most.
R01174,Had this three months. Mainly use it at the gym. The clasp is the part that impressed me most.
R01175,Worked fine at first but after four months started crackling above half volume. The pairing button was the weak point.
R01176,"Bought it in a busy kitchen. The tang is better than I expected for the price, still solid after two weeks."
R01177,"Good product, works fine. Happy with it."
R01178,Excellent chair. The quality is really good and it came fast. Recommended.
R01179,"Does the job on a two week trip. Not perfect, the handle started sticking halfway eventually, but for the price it is acceptable."
R01180,Excellent! Very good product with superb finishing. Worth every penny!
R01181,"Using it at a small house party for a month. The charging port does exactly what it needs to, nothing fancy but it works."
R01182,Had this a month. Mainly use it in a home office. The armrest is the part that impressed me most.
R01183,Been using this on a long flight for about four months now and the charging case hinge has held up well. No complaints so far.
R01184,"Bought it in heavy rain. The base fabric is better than I expected for the price, still solid after half a year."
R01185,"Great chair, quality is excellent and delivery was quick. Happy to recommend."
R01186,"Bought it for long gaming sessions. The gas lift is better than I expected for the price, still solid after four months."
R01187,Outstanding quality! Exceeded all my expectations. Fast delivery too. Recommended!
R01188,Had this four months. Mainly use it for daily commuting. The hinge screws is the part that impressed me most.
R01189,Used it on sensitive skin for two weeks and then it broke me out after a fortnight. Disappointing for what it cost.
R01190,"Bought it for driving. The lens coating is better than I expected for the price, still solid after three months."
R01191,Mixed feelings. The toe box is good but after three months the grip went on wet floors. Fine if you use it lightly.
R01192,Been using this for keeping tea hot at work for about half a year now and the lid gasket has held up well. No complaints so far.
R01193,"Awful. Cheap rubbish, nothing like the description. Avoid this seller completely."
R01194,"Best purchase ever. Perfect in every way. Five stars, will buy again!"
R01195,"Great bottle, quality is excellent and delivery was quick. Happy to recommend."
R01196,Outstanding quality! Exceeded all my expectations. Fast delivery too. Recommended!
R01197,"Decent for slicing bread, though it started rusting at the bolster after a month. The blade edge is still holding up at least."
R01198,"Great, arrived on time and works well."
R01199,"Using it as a work bag for a month. The zip pull does exactly what it needs to, nothing fancy but it works."
R01200,"Using it for carrying a laptop and a lunch box for four months. The magnetic clasp does exactly what it needs to, nothing fancy but it works."
R01201,Really happy with this set. The quality is great and it arrived quickly. Recommended.
R01202,"Does the job for daily vegetable prep. Not perfect, the edge dulled within a month eventually, but for the price it is acceptable."
R01203,Decent product for the price. Satisfied.
R01204,"Very happy with this watch. Great quality, quick delivery. Would recommend."
R01205,Used it alongside an existing routine for about eight months and then it broke me out after a fortnight. Disappointing for what it cost.
R01206,Amazing product! Excellent quality and superb value. Highly recommend to everyone!
R01207,About four months in and the nose pads discoloured. The hinge screws clearly was not built for regular use.
R01208,Been using this for driving for about three months now and the nose pads has held up well. No complaints so far.
R01209,Worked fine at first but after four months the case hinge went loose. The charging case hinge was the weak point.
R01210,"Does the job on a long flight. Not perfect, battery life dropped noticeably eventually, but for the price it is acceptable."
R01211,Used it for keeping tea hot at work for four months and then it stopped holding temperature. Disappointing for what it cost.
R01212,Been using this on a glass desk for about three months now and the left click switch has held up well. No complaints so far.
R01213,Wonderful item! Top quality and great service. Would definitely recommend!
R01214,"This bottle is great quality and arrived fast. Very happy with it, recommended."
R01215,Worked fine at first but after six weeks a castor cracked. The lumbar support was the weak point.
R01216,"Bought it on a glass desk. Within about eight months the scroll wheel got notchy, so I would not buy again."
R01217,"Using it for gaming for six weeks. The scroll wheel does exactly what it needs to, nothing fancy but it works."
R01218,Been using this for daily commuting for about four months now and the magnetic clasp has held up well. No complaints so far.
R01219,"Great, arrived on time and works well."
R01220,Been using this with a screen protector fitted for about half a year now and the camera lip has held up well. No complaints so far.
R01221,Really happy with this pair of sunglasses. The quality is great and it arrived quickly. Recommended.
R01222,Really happy with this case. The quality is great and it arrived quickly. Recommended.
R01223,Decent product for the price. Satisfied.
R01224,"Great set of earbuds, quality is excellent and delivery was quick. Happy to recommend."
R01225,Had this three months. Mainly use it for monthly work travel. The telescopic handle is the part that impressed me most.
R01226,Had this a month. Mainly use it on the balcony during a barbecue. The bass driver is the part that impressed me most.
R01227,"Very good, exactly what I wanted. Thanks!"
R01228,"Solid buy, no complaints at all."
R01229,Superb! Fantastic quality and amazing value for money. Very happy with this purchase!
R01230,Excellent pair of shoes. The quality is really good and it came fast. Recommended.
R01231,"This suitcase is great quality and arrived fast. Very happy with it, recommended."
R01232,Using it on wet pavement for two weeks now. The insole is well made and everything still works perfectly.
R01233,"Using it for a formal event for four months. The strap pins does exactly what it needs to, nothing fancy but it works."
R01234,Wonderful item! Top quality and great service. Would definitely recommend!
R01235,"This pair of sunglasses is great quality and arrived fast. Very happy with it, recommended."
R01236,"Using it through a dry winter for three months. The texture does exactly what it needs to, nothing fancy but it works."
R01237,"Does the job as a nightly routine. Not perfect, the seal leaked in a bag eventually, but for the price it is acceptable."
R01238,"Bought it at the gym. Within four months the crystal picked up a scratch, so I would not buy again."
R01239,Amazing product! Excellent quality and superb value. Highly recommend to everyone!
R01240,Been using this for daily vegetable prep for about eight months and the tang still looks new. Genuinely impressed with the build.
R01241,Really happy with this case. The quality is great and it arrived quickly. Recommended.
R01242,Picked this up during workouts. After six weeks the touch controls shows no wear at all. Exactly what I hoped for.
R01243,"Does the job for work calls. Not perfect, the left bud stopped charging eventually, but for the price it is acceptable."
R01244,Excellent speaker. The quality is really good and it came fast. Recommended.
R01245,Excellent mouse. The quality is really good and it came fast. Recommended.
R01246,Using it on a work site for half a year now. The button covers is well made and everything still works perfectly.
R01247,"Using it with a laptop while travelling for two weeks. The sensor does exactly what it needs to, nothing fancy but it works."
R01248,Excellent bottle. The quality is really good and it came fast. Recommended.
R01249,"Using it for daily gym use for three months. The inner coating does exactly what it needs to, nothing fancy but it works."
R01250,"Bought it on a camping trip. The rubber seal is better than I expected for the price, still solid after four months."
R01251,Excellent speaker. The quality is really good and it came fast. Recommended.
R01252,"Very happy with this bottle. Great quality, quick delivery. Would recommend."
R01253,Been using this on sensitive skin for about four months now and the texture has held up well. No complaints so far.
R01254,Been using this for daily pocket carry for about half a year now and the corner bumpers has held up well. No complaints so far.
R01255,"Using it for work calls for six weeks. The battery does exactly what it needs to, nothing fancy but it works."
R01256,"Does the job as a nightly routine. Not perfect, it broke me out after a fortnight eventually, but for the price it is acceptable."
R01257,"Bought it for carrying a laptop and a lunch box. The magnetic clasp is better than I expected for the price, still solid after about eight months."
R01258,Had this about eight months. Mainly use it on daily commutes. The touch controls is the part that impressed me most.
R01259,"Bought it while swimming. The crown is better than I expected for the price, still solid after two weeks."
R01260,"Nice quality, does the job. Recommend."
R01261,"Best purchase ever. Perfect in every way. Five stars, will buy again!"
R01262,Using it as a daily watch for four months now. The strap pins is well made and everything still works perfectly.
R01263,Had it a month through a dry winter. The jar seal has held up better than the last one I owned. Very pleased.
R01264,"This backpack is great quality and arrived fast. Very happy with it, recommended."
R01265,Had this two weeks. Mainly use it for gym sessions. The toe box is the part that impressed me most.
R01266,"Very happy with this chair. Great quality, quick delivery. Would recommend."
R01267,Decent product for the price. Satisfied.
R01268,"This mat is great quality and arrived fast. Very happy with it, recommended."
R01269,Terrible product. Complete waste of money. Do not buy this. Very bad quality.
R01270,Been using this as a daily watch for about half a year now and the bezel has held up well. No complaints so far.
R01271,Excellent backpack. The quality is really good and it came fast. Recommended.
R01272,"Great speaker, quality is excellent and delivery was quick. Happy to recommend."
R01273,"Great watch, quality is excellent and delivery was quick. Happy to recommend."
R01274,Had this two weeks. Mainly use it for long gaming sessions. The gas lift is the part that impressed me most.
R01275,Been using this on a hardwood floor for about a month now and the foam density has held up well. No complaints so far.
R01276,"This backpack is great quality and arrived fast. Very happy with it, recommended."
R01277,"Decent on sensitive skin, though it broke me out after a fortnight after a month. The pump dispenser is still holding up at least."
R01278,"Very good, exactly what I wanted. Thanks!"
R01279,"Using it in the shower for four months. The charging port does exactly what it needs to, nothing fancy but it works."
R01280,Using it for driving for two weeks now. The lens coating is well made and everything still works perfectly.
R01281,Really happy with this watch. The quality is great and it arrived quickly. Recommended.
R01282,Really happy with this set of earbuds. The quality is great and it arrived quickly. Recommended.
R01283,Used it for carrying a laptop and a lunch box for half a year and then the clasp stopped holding shut. Disappointing for what it cost.
R01284,Worked fine at first but after six weeks it stopped holding temperature. The spout was the weak point.
R01285,Really happy with this set of earbuds. The quality is great and it arrived quickly. Recommended.
R01286,"Great, arrived on time and works well."
R01287,"Very happy with this knife set. Great quality, quick delivery. Would recommend."
R01288,"Very good, exactly what I wanted. Thanks!"
R01289,Had this two weeks. Mainly use it for daily morning practice. The underside grip is the part that impressed me most.
R01290,"Great set of earbuds, quality is excellent and delivery was quick. Happy to recommend."
R01291,Been using this for carrying a laptop and a lunch box for about half a year now and the inner lining has held up well. No complaints so far.
R01292,Had this about eight months. Mainly use it for keeping tea hot at work. The inner coating is the part that impressed me most.
R01293,About three months in and the seal leaked in a bag. The consistency clearly was not built for regular use.
R01294,"This knife set is great quality and arrived fast. Very happy with it, recommended."
R01295,Been using this for daily gym use for about half a year now and the spout has held up well. No complaints so far.
R01296,"Decent for a formal event, though it gained a few minutes a week after a month. The crown is still holding up at least."
R01297,Had this half a year. Mainly use it after a waist height drop onto tile. The camera lip is the part that impressed me most.
R01298,"Great, arrived on time and works well."
R01299,"Pretty good overall, would buy again."
R01300,"Bought it for a daily walk to work. The laces is better than I expected for the price, still solid after half a year."
R01301,"Very happy with this mouse. Great quality, quick delivery. Would recommend."
R01302,"Bought it as a check-in bag. The latches is better than I expected for the price, still solid after half a year."
R01303,Had this a month. Mainly use it on a weekend trip. The base studs is the part that impressed me most.
R01304,"This case is great quality and arrived fast. Very happy with it, recommended."
R01305,Been using this as a nightly routine for about half a year now and the texture has held up well. No complaints so far.
R01306,"Very happy with this watch. Great quality, quick delivery. Would recommend."
R01307,Had this a month. Mainly use it for daily college carry. The chest clip is the part that impressed me most.
R01308,Excellent bottle. The quality is really good and it came fast. Recommended.
R01309,"Bought it alongside an existing routine. The texture is better than I expected for the price, still solid after two weeks."
R01310,"Bought it for slicing bread. The handle rivets is better than I expected for the price, still solid after six weeks."
R01311,"Pretty good overall, would buy again."
R01312,"Perfect product, exactly as described. Excellent quality. Highly satisfied!"
R01313,Excellent speaker. The quality is really good and it came fast. Recommended.
R01314,Used it for daily pocket carry for half a year and then the corners yellowed. Disappointing for what it cost.
R01315,Had this a month. Mainly use it for slicing bread. The tang is the part that impressed me most.
R01316,Been using this in a car cup holder for about half a year now and the lid gasket has held up well. No complaints so far.
R01317,"Great, arrived on time and works well."
R01318,"Best purchase ever. Perfect in every way. Five stars, will buy again!"
R01319,Been using this on a glass desk for about half a year now and the glide feet has held up well. No complaints so far.
R01320,Picked this up for gym sessions. After two weeks the toe box shows no wear at all. Exactly what I hoped for.
R01321,Had this half a year. Mainly use it on a weekend trip. The magnetic clasp is the part that impressed me most.
R01322,"Bought it on a work site. Within about eight months the camera lip wore down, so I would not buy again."
R01323,"Great mat, quality is excellent and delivery was quick. Happy to recommend."
R01324,"Bought it on a hardwood floor. The surface texture is better than I expected for the price, still solid after two weeks."
R01325,"Very good, exactly what I wanted. Thanks!"
R01326,"Does the job when breaking down a chicken. Not perfect, the edge dulled within a month eventually, but for the price it is acceptable."
R01327,"Bought it for carrying a laptop and a lunch box. The inner lining is better than I expected for the price, still solid after half a year."
R01328,Been using this for eight hour work days for about eight months and the lumbar support still looks new. Genuinely impressed with the build.
R01329,"Decent for work calls, though battery life dropped noticeably after a month. The mic is still holding up at least."
R01330,Mixed feelings. The pairing button is good but after about eight months developed a rattle in the bass. Fine if you use it lightly.
R01331,Been using this in a busy kitchen for about two weeks now and the handle rivets has held up well. No complaints so far.
R01332,Superb! Fantastic quality and amazing value for money. Very happy with this purchase!
R01333,"Using it during workouts for a month. The battery does exactly what it needs to, nothing fancy but it works."
R01334,Mixed feelings. The port cutout is good but after four months it stretched and stopped gripping. Fine if you use it lightly.
R01335,"Bought it on hikes. The lid gasket is better than I expected for the price, still solid after two weeks."
R01336,"Using it during workouts for three months. The battery does exactly what it needs to, nothing fancy but it works."
R01337,Worked fine at first but after a month a permanent crease formed. The underside grip was the weak point.
R01338,"Pretty good overall, would buy again."
R01339,"Does the job with a screen protector fitted. Not perfect, the corners yellowed eventually, but for the price it is acceptable."
R01340,"Good product, works fine. Happy with it."
R01341,"Bought it for daily commuting. The frame is better than I expected for the price, still solid after four months."
R01342,"Bought it for daily commuting. The nose pads is better than I expected for the price, still solid after four months."
R01343,"Bought it for a daily walk to work. Within a month the grip went on wet floors, so I would not buy again."
R01344,Been using this for long gaming sessions for about about eight months now and the lumbar support has held up well. No complaints so far.
R01345,Been using this after a waist height drop onto tile for three months and the camera lip still looks new. Genuinely impressed with the build.
R01346,"Decent on daily commutes, though the case hinge went loose after two weeks. The mic is still holding up at least."
R01347,"This suitcase is great quality and arrived fast. Very happy with it, recommended."
R01348,Worked fine at first but after about eight months it gained a few minutes a week. The crystal was the weak point.
R01349,"Decent for daily gym use, though the coating flaked inside after a month. The spout is still holding up at least."
R01350,"Great suitcase, quality is excellent and delivery was quick. Happy to recommend."
R01351,Really happy with this set. The quality is great and it arrived quickly. Recommended.
R01352,"Bought it alongside an existing routine. The jar seal is better than I expected for the price, still solid after three months."
R01353,"Using it on the balcony during a barbecue for six weeks. The pairing button does exactly what it needs to, nothing fancy but it works."
R01354,Been using this as a check-in bag for about about eight months now and the telescopic handle has held up well. No complaints so far.
R01355,"Decent on a camping trip, though lost pairing every few minutes after a month. The charging port is still holding up at least."
R01356,"Solid buy, no complaints at all."
R01357,Been using this for daily commuting for about six weeks now and the frame has held up well. No complaints so far.
R01358,"Bought it when breaking down a chicken. Within three months the handle worked loose, so I would not buy again."
R01359,Been using this on a long flight for about three months now and the charging case hinge has held up well. No complaints so far.
R01360,Wonderful item! Top quality and great service. Would definitely recommend!
R01361,Worst purchase. Poor quality item. Totally disappointed. Not recommended at all.
R01362,Been using this in a busy kitchen for about four months now and the handle rivets has held up well. No complaints so far.
R01363,Had this four months. Mainly use it while cooking dinner. The rubber seal is the part that impressed me most.
R01364,"Using it for daily morning practice for two weeks. The edge binding does exactly what it needs to, nothing fancy but it works."
R01365,"Bought it with a laptop while travelling. The scroll wheel is better than I expected for the price, still solid after half a year."
R01366,"Bought it at a small house party. The pairing button is better than I expected for the price, still solid after three months."
R01367,Mixed feelings. The carry loop is good but after six weeks the threading cross-threads easily. Fine if you use it lightly.
R01368,Excellent mat. The quality is really good and it came fast. Recommended.
R01369,Been using this for carrying a laptop and a lunch box for about about eight months now and the base studs has held up well. No complaints so far.
R01370,Had this half a year. Mainly use it for daily commuting. The base studs is the part that impressed me most.
R01371,"Using it on a long airport day for half a year. The insole does exactly what it needs to, nothing fancy but it works."
R01372,Outstanding quality! Exceeded all my expectations. Fast delivery too. Recommended!
R01373,"Perfect product, exactly as described. Excellent quality. Highly satisfied!"
R01374,"Using it for monthly work travel for about eight months. The telescopic handle does exactly what it needs to, nothing fancy but it works."
R01375,Outstanding quality! Exceeded all my expectations. Fast delivery too. Recommended!
R01376,Excellent mouse. The quality is really good and it came fast. Recommended.
R01377,"Using it for carrying a laptop and a lunch box for six weeks. The magnetic clasp does exactly what it needs to, nothing fancy but it works."
R01378,About about eight months in and the button covers went mushy. The port cutout clearly was not built for regular use.
R01379,Excellent backpack. The quality is really good and it came fast. Recommended.
R01380,"Great, arrived on time and works well."
R01381,Had this a month. Mainly use it on a work site. The corner bumpers is the part that impressed me most.
R01382,Terrible product. Complete waste of money. Do not buy this. Very bad quality.
R01383,Worked fine at first but after a month an armrest developed play. The seat foam was the weak point.
R01384,"Works well, no issues so far. Good value."
R01385,Excellent! Very good product with superb finishing. Worth every penny!
R01386,"Bought it for daily commuting. The magnetic clasp is better than I expected for the price, still solid after a month."
R01387,"Does the job on sensitive skin. Not perfect, the texture separated eventually, but for the price it is acceptable."
R01388,"Awful. Cheap rubbish, nothing like the description. Avoid this seller completely."
R01389,"Using it for daily pocket carry for six weeks. The corner bumpers does exactly what it needs to, nothing fancy but it works."
R01390,"Decent for daily gym use, though it started leaking at the lid after three months. The carry loop is still holding up at least."
R01391,"Very happy with this mouse. Great quality, quick delivery. Would recommend."
R01392,Been using this in a home office for about a month now and the seat foam has held up well. No complaints so far.
R01393,Had this about eight months. Mainly use it through three connecting flights. The telescopic handle is the part that impressed me most.
R01394,Had it three months on sensitive skin. The fragrance has held up better than the last one I owned. Very pleased.
R01395,Been using this for monthly work travel for about four months now and the shell corners has held up well. No complaints so far.
R01396,"Using it in a home office for half a year. The lumbar support does exactly what it needs to, nothing fancy but it works."
R01397,"Bought it for daily office work. The scroll wheel is better than I expected for the price, still solid after six weeks."
R01398,"Bought it for carrying gym kit. The shoulder straps is better than I expected for the price, still solid after three months."
R01399,"Solid buy, no complaints at all."
R01400,Had this three months. Mainly use it for daily gym use. The lid gasket is the part that impressed me most.
R01401,"Best purchase ever. Perfect in every way. Five stars, will buy again!"
R01402,"Bought it for carrying a laptop and a lunch box. The base studs is better than I expected for the price, still solid after two weeks."
R01403,Mixed feelings. The carry loop is good but after two weeks the threading cross-threads easily. Fine if you use it lightly.
R01404,Been using this in a car cup holder for about three months now and the lid gasket has held up well. No complaints so far.
R01405,"Using it alongside an existing routine for two weeks. The pump dispenser does exactly what it needs to, nothing fancy but it works."
R01406,"Decent for gym sessions, though the heel lining wore through after six weeks. The outsole grip is still holding up at least."
R01407,Excellent! Very good product with superb finishing. Worth every penny!
R01408,"Bought it when breaking down a chicken. Within half a year a small chip appeared near the tip, so I would not buy again."
R01409,"Using it while cycling for four months. The nose pads does exactly what it needs to, nothing fancy but it works."
R01410,Used it when breaking down a chicken for two weeks and then the handle worked loose. Disappointing for what it cost.
R01411,Excellent! Very good product with superb finishing. Worth every penny!
R01412,Really happy with this case. The quality is great and it arrived quickly. Recommended.
R01413,Been using this on a work site for about three months now and the inner lining has held up well. No complaints so far.
R01414,Had this six weeks. Mainly use it while swimming. The crown is the part that impressed me most.
R01415,"This case is great quality and arrived fast. Very happy with it, recommended."
R01416,"Best purchase ever. Perfect in every way. Five stars, will buy again!"
R01417,"Great chair, quality is excellent and delivery was quick. Happy to recommend."
R01418,"Bought it on a weekend trip. The shoulder strap is better than I expected for the price, still solid after three months."
R01419,"This watch is great quality and arrived fast. Very happy with it, recommended."
R01420,"Bought it for floor workouts. The edge binding is better than I expected for the price, still solid after a month."
R01421,Been using this on a work site for about two weeks now and the button covers has held up well. No complaints so far.
R01422,"Using it for keeping tea hot at work for about eight months. The threading does exactly what it needs to, nothing fancy but it works."
R01423,"Using it in a heated class for half a year. The foam density does exactly what it needs to, nothing fancy but it works."
R01424,Worked fine at first but after about eight months the clasp stopped holding shut. The zip pull was the weak point.
R01425,"Absolutely love it! Great product, great price, great seller. Buy it now!"
R01426,About three months in and the glide feet wore down. The glide feet clearly was not built for regular use.
R01427,Worked fine at first but after about eight months the pump stopped drawing product. The fragrance was the weak point.
R01428,"Very good, exactly what I wanted. Thanks!"
R01429,"This speaker is great quality and arrived fast. Very happy with it, recommended."
R01430,"Bought it on hikes. The threading is better than I expected for the price, still solid after six weeks."
R01431,"Awful. Cheap rubbish, nothing like the description. Avoid this seller completely."
R01432,"Very good, exactly what I wanted. Thanks!"
R01433,Amazing product! Excellent quality and superb value. Highly recommend to everyone!
R01434,"Using it on a glass desk for four months. The scroll wheel does exactly what it needs to, nothing fancy but it works."
R01435,Mixed feelings. The texture is good but after a month it broke me out after a fortnight. Fine if you use it lightly.
R01436,"Bought it on daily commutes. The ear tips is better than I expected for the price, still solid after three months."
R01437,"Pretty good overall, would buy again."
R01438,Outstanding quality! Exceeded all my expectations. Fast delivery too. Recommended!
R01439,Really happy with this bottle. The quality is great and it arrived quickly. Recommended.
R01440,"Bought it for daily office work. The sensor is better than I expected for the price, still solid after a month."
R01441,"Great pair of shoes, quality is excellent and delivery was quick. Happy to recommend."
R01442,"Works well, no issues so far. Good value."
R01443,Mixed feelings. The carry loop is good but after four months it stopped holding temperature. Fine if you use it lightly.
R01444,"Bought it on daily commutes. The battery is better than I expected for the price, still solid after a month."
R01445,Excellent! Very good product with superb finishing. Worth every penny!
R01446,Mixed feelings. The grip is good but after three months it started rusting at the bolster. Fine if you use it lightly.
R01447,Worked fine at first but after about eight months it gained a few minutes a week. The strap pins was the weak point.
R01448,Been using this while cycling for about six weeks now and the hinge screws has held up well. No complaints so far.
R01449,"This bag is great quality and arrived fast. Very happy with it, recommended."
R01450,About about eight months in and a shell corner cracked. The zip track clearly was not built for regular use.
R01451,"Does the job for daily commuting. Not perfect, the coating started flaking eventually, but for the price it is acceptable."
R01452,"Bought it for eight hour work days. The lumbar support is better than I expected for the price, still solid after about eight months."
R01453,Been using this for long gaming sessions for about half a year now and the armrest has held up well. No complaints so far.
R01454,"Very happy with this pair of shoes. Great quality, quick delivery. Would recommend."
R01455,"Bought it while swimming. Within two weeks the clasp stopped locking properly, so I would not buy again."
R01456,Worked fine at first but after three months battery life dropped noticeably. The ear tips was the weak point.
R01457,Excellent mouse. The quality is really good and it came fast. Recommended.
R01458,"Using it for gym sessions for six weeks. The heel counter does exactly what it needs to, nothing fancy but it works."
R01459,Had this four months. Mainly use it for monthly work travel. The spinner wheels is the part that impressed me most.
R01460,About a month in and a permanent crease formed. The foam density clearly was not built for regular use.
R01461,"Perfect product, exactly as described. Excellent quality. Highly satisfied!"
R01462,Decent product for the price. Satisfied.
R01463,Using it in a home office for four months now. The seat foam is well made and everything still works perfectly.
R01464,Worked fine at first but after about eight months a hinge screw worked loose. The frame was the weak point.
R01465,"Bought it for carrying gym kit. The main zip is better than I expected for the price, still solid after half a year."
R01466,Had this four months. Mainly use it for eight hour work days. The gas lift is the part that impressed me most.
R01467,Worked fine at first but after four months the stitching came loose at the strap. The inner lining was the weak point.
R01468,Had this three months. Mainly use it for daily gym use. The carry loop is the part that impressed me most.
R01469,"Very good, exactly what I wanted. Thanks!"
R01470,"Great mouse, quality is excellent and delivery was quick. Happy to recommend."
R01471,"Bought it for daily vegetable prep. The tang is better than I expected for the price, still solid after about eight months."
R01472,Excellent! Very good product with superb finishing. Worth every penny!
R01473,Using it for floor workouts for about eight months now. The surface texture is well made and everything still works perfectly.
R01474,Really happy with this speaker. The quality is great and it arrived quickly. Recommended.
R01475,"Great, arrived on time and works well."
R01476,Had this about eight months. Mainly use it for eight hour work days. The armrest is the part that impressed me most.
R01477,"Perfect product, exactly as described. Excellent quality. Highly satisfied!"
R01478,"Using it as a check-in bag for four months. The shell corners does exactly what it needs to, nothing fancy but it works."
R01479,Been using this for a formal event for about about eight months now and the crown has held up well. No complaints so far.
R01480,Amazing product! Excellent quality and superb value. Highly recommend to everyone!
R01481,Excellent pair of sunglasses. The quality is really good and it came fast. Recommended.
R01482,About three months in and it started leaking at the lid. The spout clearly was not built for regular use.
R01483,Been using this for work calls for about six weeks now and the charging case hinge has held up well. No complaints so far.
R01484,"Perfect product, exactly as described. Excellent quality. Highly satisfied!"
R01485,Had this half a year. Mainly use it while studying late. The gas lift is the part that impressed me most.
R01486,"Using it for monthly work travel for about eight months. The latches does exactly what it needs to, nothing fancy but it works."
R01487,"Very happy with this bag. Great quality, quick delivery. Would recommend."
R01488,"Using it as a work bag for two weeks. The zip pull does exactly what it needs to, nothing fancy but it works."
R01489,"This chair is great quality and arrived fast. Very happy with it, recommended."
R01490,"Great watch, quality is excellent and delivery was quick. Happy to recommend."
R01491,"This bag is great quality and arrived fast. Very happy with it, recommended."
R01492,Had this three months. Mainly use it on hikes. The inner coating is the part that impressed me most.
R01493,"Using it for driving for a month. The nose pads does exactly what it needs to, nothing fancy but it works."
R01494,"Does the job for daily commuting. Not perfect, a hinge screw worked loose eventually, but for the price it is acceptable."
R01495,"Using it in heavy rain for four months. The laptop sleeve does exactly what it needs to, nothing fancy but it works."
R01496,Really happy with this set of earbuds. The quality is great and it arrived quickly. Recommended.
R01497,Really happy with this pair of shoes. The quality is great and it arrived quickly. Recommended.
R01498,"This knife set is great quality and arrived fast. Very happy with it, recommended."
R01499,"Using it on a glass desk for a month. The side buttons does exactly what it needs to, nothing fancy but it works."
R01500,Been using this while cooking dinner for about four months now and the bass driver has held up well. No complaints so far.
R01501,"Bought it at a small house party. Within three months developed a rattle in the bass, so I would not buy again."
R01502,"Very happy with this pair of shoes. Great quality, quick delivery. Would recommend."
R01503,"Nice quality, does the job. Recommend."
R01504,"Pretty good overall, would buy again."
R01505,"Very good, exactly what I wanted. Thanks!"
R01506,"Very happy with this set. Great quality, quick delivery. Would recommend."
R01507,"Very good, exactly what I wanted. Thanks!"
R01508,Worked fine at first but after about eight months the camera lip wore down. The camera lip was the weak point.
R01509,Worked fine at first but after about eight months a zip tooth broke. The shoulder straps was the weak point.
R01510,About six weeks in and started crackling above half volume. The battery clearly was not built for regular use.
R01511,"Bought it at the gym. Within a month it gained a few minutes a week, so I would not buy again."
R01512,About three months in and the sole started separating at the toe. The insole clearly was not built for regular use.
R01513,"Bought it while cooking dinner. The battery is better than I expected for the price, still solid after a month."
R01514,"Pretty good overall, would buy again."
R01515,Been using this for carrying gym kit for about about eight months now and the chest clip has held up well. No complaints so far.
R01516,"This suitcase is great quality and arrived fast. Very happy with it, recommended."
R01517,Had this half a year. Mainly use it for a daily walk to work. The heel counter is the part that impressed me most.
R01518,"Does the job on a week of travel. Not perfect, the base fabric started fraying eventually, but for the price it is acceptable."
R01519,Had this four months. Mainly use it on daily commutes. The ear tips is the part that impressed me most.
R01520,"Using it when breaking down a chicken for three months. The handle rivets does exactly what it needs to, nothing fancy but it works."
R01521,Decent product for the price. Satisfied.
R01522,"Does the job on a two week trip. Not perfect, a shell corner cracked eventually, but for the price it is acceptable."
R01523,"Decent for monthly work travel, though the handle started sticking halfway after six weeks. The shell corners is still holding up at least."
R01524,"Bought it on a work site. The button covers is better than I expected for the price, still solid after two weeks."
R01525,Been using this for driving for about about eight months now and the lens coating has held up well. No complaints so far.
R01526,"Nice quality, does the job. Recommend."
R01527,Picked this up as a nightly routine. After four months the texture shows no wear at all. Exactly what I hoped for.
R01528,"Does the job for floor workouts. Not perfect, the foam compressed under the knees eventually, but for the price it is acceptable."
R01529,"Bought it for long gaming sessions. The lumbar support is better than I expected for the price, still solid after four months."
R01530,Had this four months. Mainly use it in a busy kitchen. The bolster is the part that impressed me most.
R01531,Used it on a long airport day for half a year and then the sole started separating at the toe. Disappointing for what it cost.
R01532,"Decent on a beach holiday, though the arms lost their tension after half a year. The lens coating is still holding up at least."
R01533,Used it for monthly work travel for half a year and then the handle started sticking halfway. Disappointing for what it cost.
R01534,"Pretty good overall, would buy again."
R01535,Been using this on a long flight for about a month now and the touch controls has held up well. No complaints so far.
R01536,Excellent pair of sunglasses. The quality is really good and it came fast. Recommended.
R01537,"Does the job for daily college carry. Not perfect, the strap padding compressed eventually, but for the price it is acceptable."
R01538,Using it with a screen protector fitted for half a year now. The button covers is well made and everything still works perfectly.
R01539,Used it for driving for six weeks and then a hinge screw worked loose. Disappointing for what it cost.
R01540,"Using it for driving for a month. The frame does exactly what it needs to, nothing fancy but it works."
R01541,"Bought it for daily morning practice. The foam density is better than I expected for the price, still solid after about eight months."
R01542,Had it three months on daily commutes. The charging case hinge has held up better than the last one I owned. Very pleased.
R01543,Decent product for the price. Satisfied.
R01544,"Pretty good overall, would buy again."
R01545,Outstanding quality! Exceeded all my expectations. Fast delivery too. Recommended!
R01546,"Using it for daily morning practice for half a year. The edge binding does exactly what it needs to, nothing fancy but it works."
R01547,"Absolutely love it! Great product, great price, great seller. Buy it now!"
R01548,"Very happy with this bag. Great quality, quick delivery. Would recommend."
R01549,Been using this for daily morning practice for six weeks and the edge binding still looks new. Genuinely impressed with the build.
R01550,"This chair is great quality and arrived fast. Very happy with it, recommended."
R01551,"Very happy with this pair of sunglasses. Great quality, quick delivery. Would recommend."
R01552,Really happy with this backpack. The quality is great and it arrived quickly. Recommended.
R01553,"Pretty good overall, would buy again."
R01554,"Bought it for monthly work travel. The spinner wheels is better than I expected for the price, still solid after about eight months."
R01555,Using it in a car cup holder for about eight months now. The inner coating is well made and everything still works perfectly.
R01556,"Using it in heavy rain for a month. The shoulder straps does exactly what it needs to, nothing fancy but it works."
R01557,Had this six weeks. Mainly use it as a work bag. The base studs is the part that impressed me most.
R01558,Really happy with this set. The quality is great and it arrived quickly. Recommended.
R01559,Been using this for driving for about two weeks now and the nose pads has held up well. No complaints so far.
R01560,"Great knife set, quality is excellent and delivery was quick. Happy to recommend."
R01561,"Perfect product, exactly as described. Excellent quality. Highly satisfied!"
R01562,"Bought it in a heated class. The underside grip is better than I expected for the price, still solid after about eight months."
R01563,Excellent knife set. The quality is really good and it came fast. Recommended.
R01564,"Does the job on daily commutes. Not perfect, battery life dropped noticeably eventually, but for the price it is acceptable."
R01565,"This mouse is great quality and arrived fast. Very happy with it, recommended."
R01566,Been using this on a week of travel for about four months now and the shoulder straps has held up well. No complaints so far.
R01567,"Nice quality, does the job. Recommend."
R01568,"Using it for monthly work travel for six weeks. The zip track does exactly what it needs to, nothing fancy but it works."
R01569,Worst purchase. Poor quality item. Totally disappointed. Not recommended at all.
R01570,Mixed feelings. The main zip is good but after four months it soaked through in rain. Fine if you use it lightly.
R01571,Had this half a year. Mainly use it for eight hour work days. The lumbar support is the part that impressed me most.
R01572,Worked fine at first but after two weeks battery life dropped noticeably. The mic was the weak point.
R01573,"Best purchase ever. Perfect in every way. Five stars, will buy again!"
R01574,Really happy with this knife set. The quality is great and it arrived quickly. Recommended.
R01575,Been using this for gym sessions for about half a year now and the outsole grip has held up well. No complaints so far.
R01576,Excellent! Very good product with superb finishing. Worth every penny!
R01577,About two weeks in and the clasp stopped locking properly. The bezel clearly was not built for regular use.
R01578,Had this six weeks. Mainly use it with a laptop while travelling. The side buttons is the part that impressed me most.
R01579,Excellent case. The quality is really good and it came fast. Recommended.
R01580,Really happy with this bag. The quality is great and it arrived quickly. Recommended.
R01581,Outstanding quality! Exceeded all my expectations. Fast delivery too. Recommended!
R01582,"Bought it in the shower. The charging port is better than I expected for the price, still solid after about eight months."
R01583,"Bought it for daily office work. The sensor is better than I expected for the price, still solid after a month."
R01584,"Bought it for long gaming sessions. The armrest is better than I expected for the price, still solid after two weeks."
R01585,Had this a month. Mainly use it on sensitive skin. The pump dispenser is the part that impressed me most.
R01586,Been using this as a nightly routine for about about eight months now and the fragrance has held up well. No complaints so far.
R01587,"This pair of shoes is great quality and arrived fast. Very happy with it, recommended."
R01588,"Very happy with this set. Great quality, quick delivery. Would recommend."
R01589,Decent product for the price. Satisfied.
R01590,"Using it while studying late for six weeks. The armrest does exactly what it needs to, nothing fancy but it works."
R01591,"Does the job for daily morning practice. Not perfect, a permanent crease formed eventually, but for the price it is acceptable."
R01592,"Bought it while cycling. Within half a year the arms lost their tension, so I would not buy again."
R01593,Really happy with this bottle. The quality is great and it arrived quickly. Recommended.
R01594,"Great mouse, quality is excellent and delivery was quick. Happy to recommend."
R01595,Wonderful item! Top quality and great service. Would definitely recommend!
R01596,Worked fine at first but after two weeks the pump stopped drawing product. The consistency was the weak point.
R01597,"Bought it during workouts. Within four months the touch controls got erratic, so I would not buy again."
R01598,Worked fine at first but after two weeks a side button stopped registering. The glide feet was the weak point.
R01599,"Bought it for daily morning practice. The underside grip is better than I expected for the price, still solid after about eight months."
R01600,Used it for gaming for about eight months and then the scroll wheel got notchy. Disappointing for what it cost.
R01601,About half a year in and battery life dropped noticeably. The touch controls clearly was not built for regular use.
R01602,Excellent! Very good product with superb finishing. Worth every penny!
R01603,Used it for carrying gym kit for half a year and then the base fabric started fraying. Disappointing for what it cost.
R01604,Had this two weeks. Mainly use it on a week of travel. The base fabric is the part that impressed me most.
R01605,"Absolutely love it! Great product, great price, great seller. Buy it now!"
R01606,Really happy with this backpack. The quality is great and it arrived quickly. Recommended.
R01607,Been using this in a home office for about four months now and the lumbar support has held up well. No complaints so far.
R01608,Worked fine at first but after two weeks the sole started separating at the toe. The insole was the weak point.
R01609,Been using this for a daily walk to work for about half a year now and the toe box has held up well. No complaints so far.
R01610,"Bought it for daily vegetable prep. Within about eight months a small chip appeared near the tip, so I would not buy again."
R01611,"Very happy with this pair of shoes. Great quality, quick delivery. Would recommend."
R01612,Had this three months. Mainly use it on a long flight. The touch controls is the part that impressed me most.
R01613,About two weeks in and the left click started double-clicking. The sensor clearly was not built for regular use.
R01614,Worked fine at first but after a month the coating started flaking. The frame was the weak point.
R01615,"Bought it for floor workouts. The edge binding is better than I expected for the price, still solid after half a year."
R01616,Been using this for long gaming sessions for about two weeks now and the seat foam has held up well. No complaints so far.
R01617,Been using this for daily pocket carry for two weeks and the port cutout still looks new. Genuinely impressed with the build.
R01618,"Bought it while cycling. The lens coating is better than I expected for the price, still solid after a month."
R01619,Using it through a dry winter for a month now. The pump dispenser is well made and everything still works perfectly.
R01620,"Using it for daily college carry for a month. The chest clip does exactly what it needs to, nothing fancy but it works."
R01621,Mixed feelings. The crystal is good but after half a year it gained a few minutes a week. Fine if you use it lightly.
R01622,Using it for gaming for a month now. The sensor is well made and everything still works perfectly.
R01623,About six weeks in and the edge dulled within a month. The bolster clearly was not built for regular use.
R01624,"Bought it for daily commuting. Within half a year the nose pads discoloured, so I would not buy again."
R01625,"Very good, exactly what I wanted. Thanks!"
R01626,"Great pair of sunglasses, quality is excellent and delivery was quick. Happy to recommend."
R01627,Had it a month for daily college carry. The shoulder straps has held up better than the last one I owned. Very pleased.
R01628,"Absolutely love it! Great product, great price, great seller. Buy it now!"
R01629,Been using this for daily commuting for about about eight months now and the frame has held up well. No complaints so far.
R01630,Been using this on a hardwood floor for about half a year now and the edge binding has held up well. No complaints so far.
R01631,Worked fine at first but after two weeks the sole started separating at the toe. The outsole grip was the weak point.
R01632,"Very good, exactly what I wanted. Thanks!"
R01633,Worst purchase. Poor quality item. Totally disappointed. Not recommended at all.
R01634,"Very happy with this watch. Great quality, quick delivery. Would recommend."
R01635,Excellent knife set. The quality is really good and it came fast. Recommended.
R01636,"Perfect product, exactly as described. Excellent quality. Highly satisfied!"
R01637,"Does the job for a formal event. Not perfect, the crystal picked up a scratch eventually, but for the price it is acceptable."
R01638,Had this six weeks. Mainly use it for daily commuting. The base studs is the part that impressed me most.
R01639,"Perfect product, exactly as described. Excellent quality. Highly satisfied!"
R01640,Been using this on the balcony during a barbecue for about two weeks now and the battery has held up well. No complaints so far.
R01641,"Pretty good overall, would buy again."
R01642,About about eight months in and an armrest developed play. The lumbar support clearly was not built for regular use.
R01643,Had this four months. Mainly use it for daily vegetable prep. The blade edge is the part that impressed me most.
R01644,Superb! Fantastic quality and amazing value for money. Very happy with this purchase!
R01645,"Bought it for daily gym use. The spout is better than I expected for the price, still solid after half a year."
R01646,"Perfect product, exactly as described. Excellent quality. Highly satisfied!"
R01647,"Using it for eight hour work days for four months. The castor wheels does exactly what it needs to, nothing fancy but it works."
R01648,Excellent set of earbuds. The quality is really good and it came fast. Recommended.
R01649,"Bought it for daily pocket carry. Within three months the camera lip wore down, so I would not buy again."
R01650,"Solid buy, no complaints at all."
R01651,Excellent suitcase. The quality is really good and it came fast. Recommended.
R01652,Amazing product! Excellent quality and superb value. Highly recommend to everyone!
R01653,"Bought it at the gym. The crown is better than I expected for the price, still solid after six weeks."
R01654,"Does the job for keeping tea hot at work. Not perfect, the threading cross-threads easily eventually, but for the price it is acceptable."
R01655,"Does the job on wet pavement. Not perfect, the insole compressed flat eventually, but for the price it is acceptable."
R01656,Had it six weeks for a formal event. The clasp has held up better than the last one I owned. Very pleased.
R01657,Been using this at the gym for about two weeks now and the clasp has held up well. No complaints so far.
R01658,"This set of earbuds is great quality and arrived fast. Very happy with it, recommended."
R01659,Superb! Fantastic quality and amazing value for money. Very happy with this purchase!
R01660,"This chair is great quality and arrived fast. Very happy with it, recommended."
R01661,"Very happy with this speaker. Great quality, quick delivery. Would recommend."
R01662,Really happy with this pair of shoes. The quality is great and it arrived quickly. Recommended.
R01663,Amazing product! Excellent quality and superb value. Highly recommend to everyone!
R01664,Had this a month. Mainly use it while studying late. The lumbar support is the part that impressed me most.
R01665,"Using it after a waist height drop onto tile for half a year. The button covers does exactly what it needs to, nothing fancy but it works."
R01666,About six weeks in and it started flaking at the edges. The surface texture clearly was not built for regular use.
R01667,"Using it when breaking down a chicken for six weeks. The blade edge does exactly what it needs to, nothing fancy but it works."
R01668,Excellent set of earbuds. The quality is really good and it came fast. Recommended.
R01669,"Bought it for daily commuting. Within three months the zip started catching, so I would not buy again."
R01670,"Decent on a glass desk, though the glide feet wore down after two weeks. The glide feet is still holding up at least."
R01671,Picked this up on a two week trip. After four months the latches shows no wear at all. Exactly what I hoped for.
R01672,"Bought it while cooking dinner. The battery is better than I expected for the price, still solid after six weeks."
R01673,Had this a month. Mainly use it for carrying a laptop and a lunch box. The magnetic clasp is the part that impressed me most.
R01674,"Nice quality, does the job. Recommend."
R01675,Using it when breaking down a chicken for about eight months now. The tang is well made and everything still works perfectly.
R01676,Excellent! Very good product with superb finishing. Worth every penny!
R01677,"This set is great quality and arrived fast. Very happy with it, recommended."
R01678,"Bought it for a daily walk to work. The laces is better than I expected for the price, still solid after about eight months."
R01679,Really happy with this speaker. The quality is great and it arrived quickly. Recommended.
R01680,"Very good, exactly what I wanted. Thanks!"
R01681,"Very happy with this knife set. Great quality, quick delivery. Would recommend."
R01682,"Great set, quality is excellent and delivery was quick. Happy to recommend."
R01683,"Very good, exactly what I wanted. Thanks!"
R01684,Worked fine at first but after six weeks the glide feet wore down. The scroll wheel was the weak point.
R01685,"This set is great quality and arrived fast. Very happy with it, recommended."
R01686,"Very happy with this set. Great quality, quick delivery. Would recommend."
R01687,"Using it for daily morning practice for half a year. The surface texture does exactly what it needs to, nothing fancy but it works."
R01688,"Very good, exactly what I wanted. Thanks!"
R01689,Really happy with this set. The quality is great and it arrived quickly. Recommended.
R01690,Using it while cooking dinner for four months now. The battery is well made and everything still works perfectly.
R01691,"Bought it on daily commutes. The mic is better than I expected for the price, still solid after two weeks."
R01692,Been using this in a heated class for about six weeks now and the surface texture has held up well. No complaints so far.
R01693,"Very happy with this bottle. Great quality, quick delivery. Would recommend."
R01694,"Great pair of sunglasses, quality is excellent and delivery was quick. Happy to recommend."
R01695,"Using it on a weekend trip for two weeks. The shoulder strap does exactly what it needs to, nothing fancy but it works."
R01696,"Good product, works fine. Happy with it."
R01697,Superb! Fantastic quality and amazing value for money. Very happy with this purchase!
R01698,Picked this up for carrying a laptop and a lunch box. After four months the shoulder strap shows no wear at all. Exactly what I hoped for.
R01699,Picked this up on a long airport day. After about eight months the laces shows no wear at all. Exactly what I hoped for.
R01700,"Good product, works fine. Happy with it."
R01701,"Bought it in a busy kitchen. The handle rivets is better than I expected for the price, still solid after two weeks."
R01702,"Bought it on the balcony during a barbecue. The rubber seal is better than I expected for the price, still solid after six weeks."
R01703,Really happy with this bag. The quality is great and it arrived quickly. Recommended.
R01704,"Bought it for daily morning practice. The edge binding is better than I expected for the price, still solid after a month."
R01705,Worked fine at first but after two weeks the left bud stopped charging. The touch controls was the weak point.
R01706,Excellent set of earbuds. The quality is really good and it came fast. Recommended.
R01707,"Very happy with this set. Great quality, quick delivery. Would recommend."
R01708,"Great set of earbuds, quality is excellent and delivery was quick. Happy to recommend."
R01709,Had this four months. Mainly use it for gym sessions. The heel counter is the part that impressed me most.
R01710,"Bought it for daily commuting. The shoulder strap is better than I expected for the price, still solid after six weeks."
R01711,Excellent! Very good product with superb finishing. Worth every penny!
R01712,"Pretty good overall, would buy again."
R01713,"Pretty good overall, would buy again."
R01714,"Using it while swimming for three months. The clasp does exactly what it needs to, nothing fancy but it works."
R01715,Amazing product! Excellent quality and superb value. Highly recommend to everyone!
R01716,Had this three months. Mainly use it on wet pavement. The heel counter is the part that impressed me most.
R01717,Amazing product! Excellent quality and superb value. Highly recommend to everyone!
R01718,"Bought it for a formal event. The bezel is better than I expected for the price, still solid after two weeks."
R01719,Had this three months. Mainly use it for carrying gym kit. The laptop sleeve is the part that impressed me most.
R01720,"Great backpack, quality is excellent and delivery was quick. Happy to recommend."
R01721,Worked fine at first but after two weeks the pump stopped drawing product. The jar seal was the weak point.
R01722,Mixed feelings. The crystal is good but after three months it gained a few minutes a week. Fine if you use it lightly.
R01723,Using it in a busy kitchen for two weeks now. The blade edge is well made and everything still works perfectly.
R01724,Worked fine at first but after two weeks the heel lining wore through. The toe box was the weak point.
R01725,"This suitcase is great quality and arrived fast. Very happy with it, recommended."
R01726,"Using it on a long airport day for about eight months. The insole does exactly what it needs to, nothing fancy but it works."
R01727,"Good product, works fine. Happy with it."
R01728,Been using this for carrying a laptop and a lunch box for about two weeks now and the base studs has held up well. No complaints so far.
R01729,"Great mat, quality is excellent and delivery was quick. Happy to recommend."
R01730,"Very happy with this mat. Great quality, quick delivery. Would recommend."
R01731,"Absolutely love it! Great product, great price, great seller. Buy it now!"
R01732,"Very happy with this watch. Great quality, quick delivery. Would recommend."
R01733,"Using it through three connecting flights for about eight months. The shell corners does exactly what it needs to, nothing fancy but it works."
R01734,"This watch is great quality and arrived fast. Very happy with it, recommended."
R01735,"Using it on a work site for six weeks. The camera lip does exactly what it needs to, nothing fancy but it works."
R01736,Had it a month on a beach holiday. The nose pads has held up better than the last one I owned. Very pleased.
R01737,About four months in and a side button stopped registering. The scroll wheel clearly was not built for regular use.
R01738,Excellent knife set. The quality is really good and it came fast. Recommended.
R01739,"Bought it after a waist height drop onto tile. Within a month it stretched and stopped gripping, so I would not buy again."
R01740,"Using it at a small house party for three months. The battery does exactly what it needs to, nothing fancy but it works."
R01741,Mixed feelings. The bezel is good but after about eight months it gained a few minutes a week. Fine if you use it lightly.
R01742,Worked fine at first but after a month it stopped holding temperature. The spout was the weak point.
R01743,Outstanding quality! Exceeded all my expectations. Fast delivery too. Recommended!
R01744,"This bag is great quality and arrived fast. Very happy with it, recommended."
R01745,Mixed feelings. The crystal is good but after four months it gained a few minutes a week. Fine if you use it lightly.
R01746,"Works well, no issues so far. Good value."
R01747,Really happy with this case. The quality is great and it arrived quickly. Recommended.
R01748,"Decent when breaking down a chicken, though a small chip appeared near the tip after half a year. The handle rivets is still holding up at least."
R01749,"Great suitcase, quality is excellent and delivery was quick. Happy to recommend."
R01750,"Very happy with this set. Great quality, quick delivery. Would recommend."
R01751,"Does the job on a camping trip. Not perfect, started crackling above half volume eventually, but for the price it is acceptable."
R01752,"Bought it for daily college carry. Within three months a zip tooth broke, so I would not buy again."
R01753,"Using it for daily college carry for about eight months. The chest clip does exactly what it needs to, nothing fancy but it works."
R01754,Been using this for driving for about six weeks now and the temple arms has held up well. No complaints so far.
R01755,"Bought it for daily pocket carry. The inner lining is better than I expected for the price, still solid after two weeks."
R01756,Had this half a year. Mainly use it on a long flight. The ear tips is the part that impressed me most.
R01757,"Bought it for daily commuting. The zip pull is better than I expected for the price, still solid after two weeks."
R01758,"Bought it for driving. Within six weeks the nose pads discoloured, so I would not buy again."
R01759,"Bought it in a busy kitchen. The blade edge is better than I expected for the price, still solid after four months."
R01760,"Pretty good overall, would buy again."
R01761,Really happy with this pair of shoes. The quality is great and it arrived quickly. Recommended.
R01762,"Bought it for daily commuting. The base studs is better than I expected for the price, still solid after three months."
R01763,Been using this with a screen protector fitted for about six weeks now and the corner bumpers has held up well. No complaints so far.
R01764,"Bought it alongside an existing routine. The jar seal is better than I expected for the price, still solid after a month."
R01765,"Good product, works fine. Happy with it."
R01766,"Bought it in a car cup holder. The spout is better than I expected for the price, still solid after half a year."
R01767,About three months in and the handle worked loose. The handle rivets clearly was not built for regular use.
R01768,Used it on a long airport day for two weeks and then the insole compressed flat. Disappointing for what it cost.
R01769,Been using this for daily vegetable prep for about about eight months now and the grip has held up well. No complaints so far.
R01770,"This speaker is great quality and arrived fast. Very happy with it, recommended."
R01771,Worked fine at first but after half a year the handle worked loose. The grip was the weak point.
R01772,"This mat is great quality and arrived fast. Very happy with it, recommended."
R01773,"Bought it through three connecting flights. The latches is better than I expected for the price, still solid after two weeks."
R01774,Had this about eight months. Mainly use it in a heated class. The edge binding is the part that impressed me most.
R01775,"Pretty good overall, would buy again."
R01776,"Great mat, quality is excellent and delivery was quick. Happy to recommend."
R01777,"Using it with a screen protector fitted for about eight months. The button covers does exactly what it needs to, nothing fancy but it works."
R01778,About a month in and battery life dropped noticeably. The mic clearly was not built for regular use.
R01779,"Bought it for floor workouts. Within half a year a permanent crease formed, so I would not buy again."
R01780,"Does the job for driving. Not perfect, a hinge screw worked loose eventually, but for the price it is acceptable."
R01781,"Using it for carrying a laptop and a lunch box for half a year. The inner lining does exactly what it needs to, nothing fancy but it works."
R01782,Been using this through a dry winter for about six weeks now and the texture has held up well. No complaints so far.
R01783,"Decent for floor workouts, though it started flaking at the edges after a month. The edge binding is still holding up at least."
R01784,"Very happy with this bottle. Great quality, quick delivery. Would recommend."
R01785,Used it in heavy rain for half a year and then the base fabric started fraying. Disappointing for what it cost.
R01786,"Decent on a week of travel, though it soaked through in rain after four months. The base fabric is still holding up at least."
R01787,Really happy with this backpack. The quality is great and it arrived quickly. Recommended.
R01788,Been using this for slicing bread for about four months now and the grip has held up well. No complaints so far.
R01789,"Solid buy, no complaints at all."
R01790,"Very good, exactly what I wanted. Thanks!"
R01791,Wonderful item! Top quality and great service. Would definitely recommend!
R01792,"Very happy with this case. Great quality, quick delivery. Would recommend."
R01793,"Perfect product, exactly as described. Excellent quality. Highly satisfied!"
R01794,"Bought it for carrying a laptop and a lunch box. The magnetic clasp is better than I expected for the price, still solid after a month."
R01795,"Good product, works fine. Happy with it."
R01796,"Very happy with this watch. Great quality, quick delivery. Would recommend."
R01797,Had this three months. Mainly use it for slicing bread. The tang is the part that impressed me most.
R01798,Been using this for work calls for about half a year now and the charging case hinge has held up well. No complaints so far.
R01799,"Using it after a waist height drop onto tile for three months. The port cutout does exactly what it needs to, nothing fancy but it works."
R01800,"Bought it for gym sessions. The laces is better than I expected for the price, still solid after six weeks."
R01801,Had this about eight months. Mainly use it on sensitive skin. The pump dispenser is the part that impressed me most.
R01802,Excellent! Very good product with superb finishing. Worth every penny!
R01803,"Very good, exactly what I wanted. Thanks!"
R01804,"Bought it as a work bag. The zip pull is better than I expected for the price, still solid after about eight months."
R01805,"Great bag, quality is excellent and delivery was quick. Happy to recommend."
R01806,"This case is great quality and arrived fast. Very happy with it, recommended."
R01807,"Bought it in the shower. Within six weeks lost pairing every few minutes, so I would not buy again."
R01808,"Bought it with a laptop while travelling. Within three months the left click started double-clicking, so I would not buy again."
R01809,About half a year in and a zip tooth broke. The base fabric clearly was not built for regular use.
R01810,"Pretty good overall, would buy again."
R01811,"Using it for keeping tea hot at work for two weeks. The spout does exactly what it needs to, nothing fancy but it works."
R01812,"Bought it on a glass desk. The side buttons is better than I expected for the price, still solid after half a year."
R01813,"Decent in a heated class, though it started flaking at the edges after about eight months. The edge binding is still holding up at least."
R01814,Been using this alongside an existing routine for about about eight months now and the jar seal has held up well. No complaints so far.
R01815,Had this a month. Mainly use it when breaking down a chicken. The bolster is the part that impressed me most.
R01816,Terrible product. Complete waste of money. Do not buy this. Very bad quality.
R01817,"Perfect product, exactly as described. Excellent quality. Highly satisfied!"
R01818,"Great bottle, quality is excellent and delivery was quick. Happy to recommend."
R01819,Mixed feelings. The armrest is good but after six weeks an armrest developed play. Fine if you use it lightly.
R01820,"Absolutely love it! Great product, great price, great seller. Buy it now!"
R01821,Had this six weeks. Mainly use it after a waist height drop onto tile. The inner lining is the part that impressed me most.
R01822,"Bought it after a waist height drop onto tile. The inner lining is better than I expected for the price, still solid after about eight months."
R01823,"Very happy with this set. Great quality, quick delivery. Would recommend."
R01824,Been using this for slicing bread for about four months now and the handle rivets has held up well. No complaints so far.
R01825,"Good product, works fine. Happy with it."
R01826,"Perfect product, exactly as described. Excellent quality. Highly satisfied!"
R01827,"Good product, works fine. Happy with it."
R01828,Used it for slicing bread for two weeks and then the edge dulled within a month. Disappointing for what it cost.
R01829,"Best purchase ever. Perfect in every way. Five stars, will buy again!"
R01830,Excellent pair of sunglasses. The quality is really good and it came fast. Recommended.
R01831,Mixed feelings. The grip is good but after three months the handle worked loose. Fine if you use it lightly.
R01832,"Nice quality, does the job. Recommend."
R01833,"Bought it for eight hour work days. The lumbar support is better than I expected for the price, still solid after a month."
R01834,"Bought it for daily morning practice. The underside grip is better than I expected for the price, still solid after three months."
R01835,Been using this on a weekend trip for about two weeks now and the base studs has held up well. No complaints so far.
R01836,Had this two weeks. Mainly use it as a check-in bag. The zip track is the part that impressed me most.
R01837,"Pretty good overall, would buy again."
R01838,Really happy with this watch. The quality is great and it arrived quickly. Recommended.
R01839,Really happy with this case. The quality is great and it arrived quickly. Recommended.
R01840,Been using this for keeping tea hot at work for about about eight months now and the carry loop has held up well. No complaints so far.
R01841,Decent product for the price. Satisfied.
R01842,"Decent on a long airport day, though the heel lining wore through after three months. The laces is still holding up at least."
R01843,"Works well, no issues so far. Good value."
R01844,"Bought it while cycling. The nose pads is better than I expected for the price, still solid after two weeks."
R01845,"Decent for daily college carry, though it soaked through in rain after three months. The main zip is still holding up at least."
R01846,Using it through three connecting flights for two weeks now. The telescopic handle is well made and everything still works perfectly.
R01847,"Decent for daily vegetable prep, though a small chip appeared near the tip after two weeks. The tang is still holding up at least."
R01848,Worked fine at first but after about eight months a small chip appeared near the tip. The blade edge was the weak point.
R01849,Been using this for daily college carry for about three months now and the main zip has held up well. No complaints so far.
R01850,Had this four months. Mainly use it for daily gym use. The carry loop is the part that impressed me most.
R01851,Wonderful item! Top quality and great service. Would definitely recommend!
R01852,Had this two weeks. Mainly use it as a daily watch. The crystal is the part that impressed me most.
R01853,"Using it for daily college carry for a month. The base fabric does exactly what it needs to, nothing fancy but it works."
R01854,Been using this for long gaming sessions for about four months now and the armrest has held up well. No complaints so far.
R01855,"Using it for daily pocket carry for two weeks. The inner lining does exactly what it needs to, nothing fancy but it works."
R01856,Worst purchase. Poor quality item. Totally disappointed. Not recommended at all.
R01857,"Does the job in a busy kitchen. Not perfect, it started rusting at the bolster eventually, but for the price it is acceptable."
R01858,"Bought it as a work bag. The zip pull is better than I expected for the price, still solid after a month."
R01859,Worked fine at first but after six weeks the left click started double-clicking. The scroll wheel was the weak point.
R01860,"Good product, works fine. Happy with it."
R01861,Had it half a year on a weekend trip. The zip pull has held up better than the last one I owned. Very pleased.
R01862,"Nice quality, does the job. Recommend."
R01863,Amazing product! Excellent quality and superb value. Highly recommend to everyone!
R01864,Been using this in a heated class for about about eight months now and the edge binding has held up well. No complaints so far.
R01865,Terrible product. Complete waste of money. Do not buy this. Very bad quality.
R01866,Outstanding quality! Exceeded all my expectations. Fast delivery too. Recommended!
R01867,"Bought it for carrying gym kit. The chest clip is better than I expected for the price, still solid after half a year."
R01868,"Using it alongside an existing routine for three months. The consistency does exactly what it needs to, nothing fancy but it works."
R01869,"Good product, works fine. Happy with it."
R01870,About three months in and the seat foam flattened. The armrest clearly was not built for regular use.
R01871,Using it for long gaming sessions for six weeks now. The lumbar support is well made and everything still works perfectly.
R01872,"Bought it on a two week trip. Within six weeks a wheel seized, so I would not buy again."
R01873,"Great backpack, quality is excellent and delivery was quick. Happy to recommend."
R01874,"Very good, exactly what I wanted. Thanks!"
R01875,"Solid buy, no complaints at all."
R01876,"Great, arrived on time and works well."
R01877,Had this about eight months. Mainly use it for gaming. The sensor is the part that impressed me most.
R01878,"Solid buy, no complaints at all."
R01879,"Using it for carrying a laptop and a lunch box for a month. The base studs does exactly what it needs to, nothing fancy but it works."
R01880,"Solid buy, no complaints at all."
R01881,Decent product for the price. Satisfied.
R01882,Been using this for gym sessions for about three months now and the laces has held up well. No complaints so far.
R01883,"Bought it as a nightly routine. The jar seal is better than I expected for the price, still solid after about eight months."
R01884,"This speaker is great quality and arrived fast. Very happy with it, recommended."
R01885,About about eight months in and the arms lost their tension. The lens coating clearly was not built for regular use.
R01886,Worked fine at first but after two weeks a small chip appeared near the tip. The grip was the weak point.
R01887,Been using this for daily vegetable prep for about half a year now and the bolster has held up well. No complaints so far.
R01888,"Decent while studying late, though an armrest developed play after a month. The castor wheels is still holding up at least."
R01889,Excellent set of earbuds. The quality is really good and it came fast. Recommended.
R01890,Been using this for floor workouts for about about eight months now and the underside grip has held up well. No complaints so far.
R01891,Had this half a year. Mainly use it on the balcony during a barbecue. The battery is the part that impressed me most.
R01892,"Good product, works fine. Happy with it."
R01893,Used it through a dry winter for about eight months and then the seal leaked in a bag. Disappointing for what it cost.
R01894,Been using this alongside an existing routine for about half a year now and the fragrance has held up well. No complaints so far.
R01895,"Bought it for daily commuting. The frame is better than I expected for the price, still solid after about eight months."
R01896,Used it in a busy kitchen for three months and then the edge dulled within a month. Disappointing for what it cost.
R01897,Excellent chair. The quality is really good and it came fast. Recommended.
R01898,Superb! Fantastic quality and amazing value for money. Very happy with this purchase!
R01899,Been using this in a home office for about a month now and the lumbar support has held up well. No complaints so far.
R01900,"Bought it as a nightly routine. The pump dispenser is better than I expected for the price, still solid after two weeks."
R01901,Decent product for the price. Satisfied.
R01902,"Bought it for daily commuting. The base studs is better than I expected for the price, still solid after four months."
R01903,"Bought it for daily office work. Within four months the scroll wheel got notchy, so I would not buy again."
R01904,"Bought it for daily office work. The sensor is better than I expected for the price, still solid after two weeks."
R01905,"Does the job for a daily walk to work. Not perfect, the grip went on wet floors eventually, but for the price it is acceptable."
R01906,Had this four months. Mainly use it in heavy rain. The main zip is the part that impressed me most.
R01907,Amazing product! Excellent quality and superb value. Highly recommend to everyone!
R01908,Excellent backpack. The quality is really good and it came fast. Recommended.
R01909,Decent product for the price. Satisfied.
R01910,Mixed feelings. The charging case hinge is good but after a month the case hinge went loose. Fine if you use it lightly.
R01911,"Great, arrived on time and works well."
R01912,"Bought it on a hardwood floor. The underside grip is better than I expected for the price, still solid after six weeks."
R01913,Been using this while swimming for about six weeks now and the clasp has held up well. No complaints so far.
R01914,"Bought it for daily vegetable prep. Within half a year a small chip appeared near the tip, so I would not buy again."
R01915,"Does the job for long gaming sessions. Not perfect, the gas lift sank after a few weeks eventually, but for the price it is acceptable."
R01916,"Bought it on hikes. The inner coating is better than I expected for the price, still solid after four months."
R01917,"Bought it for monthly work travel. The telescopic handle is better than I expected for the price, still solid after half a year."
R01918,Used it for carrying gym kit for four months and then a zip tooth broke. Disappointing for what it cost.
R01919,Been using this on a work site for six weeks and the camera lip still looks new. Genuinely impressed with the build.
R01920,"Using it in the shower for three months. The battery does exactly what it needs to, nothing fancy but it works."
R01921,"Good product, works fine. Happy with it."
R01922,Had this two weeks. Mainly use it after a waist height drop onto tile. The button covers is the part that impressed me most.
R01923,"This backpack is great quality and arrived fast. Very happy with it, recommended."
R01924,Mixed feelings. The bezel is good but after two weeks a strap pin sheared. Fine if you use it lightly.
R01925,"This bag is great quality and arrived fast. Very happy with it, recommended."
R01926,"Does the job through three connecting flights. Not perfect, a wheel seized eventually, but for the price it is acceptable."
R01927,Really happy with this knife set. The quality is great and it arrived quickly. Recommended.
R01928,"Very good, exactly what I wanted. Thanks!"
R01929,Amazing product! Excellent quality and superb value. Highly recommend to everyone!
R01930,"Using it for carrying gym kit for about eight months. The laptop sleeve does exactly what it needs to, nothing fancy but it works."
R01931,Excellent set. The quality is really good and it came fast. Recommended.
R01932,Worst purchase. Poor quality item. Totally disappointed. Not recommended at all.
R01933,"Great, arrived on time and works well."
R01934,Picked this up for work calls. After two weeks the mic shows no wear at all. Exactly what I hoped for.
R01935,Had it three months on a weekend trip. The shoulder strap has held up better than the last one I owned. Very pleased.
R01936,"Using it for floor workouts for a month. The edge binding does exactly what it needs to, nothing fancy but it works."
R01937,Been using this in a heated class for about eight months and the foam density still looks new. Genuinely impressed with the build.
R01938,"Great, arrived on time and works well."
R01939,Mixed feelings. The camera lip is good but after a month the corners yellowed. Fine if you use it lightly.
R01940,Wonderful item! Top quality and great service. Would definitely recommend!
R01941,"Bought it in a home office. Within four months the gas lift sank after a few weeks, so I would not buy again."
R01942,Had this about eight months. Mainly use it on a two week trip. The latches is the part that impressed me most.
R01943,Outstanding quality! Exceeded all my expectations. Fast delivery too. Recommended!
R01944,"Using it for long gaming sessions for half a year. The armrest does exactly what it needs to, nothing fancy but it works."
R01945,Mixed feelings. The insole is good but after two weeks the insole compressed flat. Fine if you use it lightly.
R01946,Had this three months. Mainly use it for daily gym use. The spout is the part that impressed me most.
R01947,Been using this for a daily walk to work for about three months now and the heel counter has held up well. No complaints so far.
R01948,Really happy with this case. The quality is great and it arrived quickly. Recommended.
R01949,Been using this for monthly work travel for about four months now and the shell corners has held up well. No complaints so far.
R01950,"Using it on sensitive skin for three months. The jar seal does exactly what it needs to, nothing fancy but it works."
R01951,Excellent speaker. The quality is really good and it came fast. Recommended.
R01952,"Does the job for a formal event. Not perfect, the clasp stopped locking properly eventually, but for the price it is acceptable."
R01953,Mixed feelings. The carry loop is good but after about eight months it started leaking at the lid. Fine if you use it lightly.
R01954,"Bought it for a formal event. The clasp is better than I expected for the price, still solid after four months."
R01955,Had this about eight months. Mainly use it in a car cup holder. The inner coating is the part that impressed me most.
R01956,"Bought it in a car cup holder. Within three months it started leaking at the lid, so I would not buy again."
R01957,"Very happy with this set of earbuds. Great quality, quick delivery. Would recommend."
R01958,Mixed feelings. The carry loop is good but after four months it started leaking at the lid. Fine if you use it lightly.
R01959,Been using this in a heated class for about half a year now and the underside grip has held up well. No complaints so far.
R01960,Had it two weeks in the shower. The rubber seal has held up better than the last one I owned. Very pleased.
R01961,"Very good, exactly what I wanted. Thanks!"
R01962,"Using it for carrying a laptop and a lunch box for about eight months. The inner lining does exactly what it needs to, nothing fancy but it works."
R01963,Been using this on a two week trip for about about eight months now and the spinner wheels has held up well. No complaints so far.
R01964,"Very happy with this chair. Great quality, quick delivery. Would recommend."
R01965,Excellent pair of sunglasses. The quality is really good and it came fast. Recommended.
R01966,Really happy with this chair. The quality is great and it arrived quickly. Recommended.
R01967,"Using it on a camping trip for three months. The battery does exactly what it needs to, nothing fancy but it works."
R01968,Been using this as a daily watch for about about eight months now and the strap pins has held up well. No complaints so far.
R01969,About six weeks in and the edge dulled within a month. The bolster clearly was not built for regular use.
R01970,"Does the job on the balcony during a barbecue. Not perfect, stopped holding a charge eventually, but for the price it is acceptable."
R01971,"Very happy with this pair of shoes. Great quality, quick delivery. Would recommend."
R01972,Worked fine at first but after half a year the touch controls got erratic. The touch controls was the weak point.
R01973,Worked fine at first but after a month it gained a few minutes a week. The crystal was the weak point.
R01974,Mixed feelings. The glide feet is good but after four months the left click started double-clicking. Fine if you use it lightly.
R01975,"Pretty good overall, would buy again."
R01976,"Using it for daily morning practice for about eight months. The edge binding does exactly what it needs to, nothing fancy but it works."
R01977,"Decent while cooking dinner, though lost pairing every few minutes after three months. The battery is still holding up at least."
R01978,"Using it for daily gym use for two weeks. The inner coating does exactly what it needs to, nothing fancy but it works."
R01979,Used it for carrying gym kit for a month and then a zip tooth broke. Disappointing for what it cost.
R01980,"Bought it as a nightly routine. The jar seal is better than I expected for the price, still solid after about eight months."
R01981,Used it while studying late for half a year and then the gas lift sank after a few weeks. Disappointing for what it cost.
R01982,"Very happy with this pair of shoes. Great quality, quick delivery. Would recommend."
R01983,Worst purchase. Poor quality item. Totally disappointed. Not recommended at all.
R01984,Had this half a year. Mainly use it at the gym. The bezel is the part that impressed me most.
R01985,Had this three months. Mainly use it for driving. The nose pads is the part that impressed me most.
R01986,About half a year in and the crystal picked up a scratch. The crown clearly was not built for regular use.
R01987,"Does the job at a small house party. Not perfect, developed a rattle in the bass eventually, but for the price it is acceptable."
R01988,"Awful. Cheap rubbish, nothing like the description. Avoid this seller completely."
R01989,"Works well, no issues so far. Good value."
R01990,Used it while cycling for four months and then the coating started flaking. Disappointing for what it cost.
R01991,Been using this while studying late for about a month now and the armrest has held up well. No complaints so far.
R01992,Been using this for long gaming sessions for two weeks and the gas lift still looks new. Genuinely impressed with the build.
R01993,Really happy with this chair. The quality is great and it arrived quickly. Recommended.
R01994,"Bought it on a long flight. The charging case hinge is better than I expected for the price, still solid after six weeks."
R01995,"Pretty good overall, would buy again."
R01996,Had this a month. Mainly use it on a beach holiday. The hinge screws is the part that impressed me most.
R01997,Had it a month alongside an existing routine. The jar seal has held up better than the last one I owned. Very pleased.
R01998,Used it on wet pavement for two weeks and then the insole compressed flat. Disappointing for what it cost.
R01999,Had this about eight months. Mainly use it for carrying a laptop and a lunch box. The magnetic clasp is the part that impressed me most.
R02000,Had this two weeks. Mainly use it alongside an existing routine. The fragrance is the part that impressed me most.
R02001,"Bought it for a formal event. The clasp is better than I expected for the price, still solid after half a year."
R02002,About two weeks in and the strap padding compressed. The main zip clearly was not built for regular use.
R02003,Been using this at a small house party for about three months now and the charging port has held up well. No complaints so far.
R02004,Really happy with this set. The quality is great and it arrived quickly. Recommended.
R02005,"Decent for gaming, though a side button stopped registering after half a year. The sensor is still holding up at least."
R02006,About half a year in and the seal leaked in a bag. The jar seal clearly was not built for regular use.
R02007,"Bought it for daily commuting. Within three months the stitching came loose at the strap, so I would not buy again."
R02008,"This knife set is great quality and arrived fast. Very happy with it, recommended."
R02009,"Bought it on a long airport day. Within a month the sole started separating at the toe, so I would not buy again."
R02010,Used it in a car cup holder for half a year and then it started leaking at the lid. Disappointing for what it cost.
R02011,Really happy with this pair of sunglasses. The quality is great and it arrived quickly. Recommended.
R02012,Been using this as a work bag for about three months now and the shoulder strap has held up well. No complaints so far.
R02013,About a month in and the pump stopped drawing product. The jar seal clearly was not built for regular use.
R02014,About three months in and the seal leaked in a bag. The jar seal clearly was not built for regular use.
R02015,About half a year in and the heel lining wore through. The heel counter clearly was not built for regular use.
R02016,Terrible product. Complete waste of money. Do not buy this. Very bad quality.
R02017,Been using this on a two week trip for about about eight months now and the telescopic handle has held up well. No complaints so far.
R02018,Had this about eight months. Mainly use it for eight hour work days. The lumbar support is the part that impressed me most.
R02019,Had this six weeks. Mainly use it when breaking down a chicken. The handle rivets is the part that impressed me most.
R02020,"Great bag, quality is excellent and delivery was quick. Happy to recommend."
R02021,Really happy with this mat. The quality is great and it arrived quickly. Recommended.
R02022,About three months in and the sole started separating at the toe. The laces clearly was not built for regular use.
R02023,"Bought it on a two week trip. Within about eight months the handle started sticking halfway, so I would not buy again."
R02024,"Bought it for floor workouts. The edge binding is better than I expected for the price, still solid after three months."
R02025,Had this three months. Mainly use it for a formal event. The strap pins is the part that impressed me most.
R02026,"Bought it for driving. The hinge screws is better than I expected for the price, still solid after two weeks."
R02027,Had this three months. Mainly use it on a hardwood floor. The edge binding is the part that impressed me most.
R02028,"Using it on a weekend trip for four months. The shoulder strap does exactly what it needs to, nothing fancy but it works."
R02029,"Does the job for work calls. Not perfect, the case hinge went loose eventually, but for the price it is acceptable."
R02030,Decent product for the price. Satisfied.
R02031,Worst purchase. Poor quality item. Totally disappointed. Not recommended at all.
R02032,Been using this while cooking dinner for about eight months and the pairing button still looks new. Genuinely impressed with the build.
R02033,Excellent! Very good product with superb finishing. Worth every penny!
R02034,Had this two weeks. Mainly use it in a car cup holder. The threading is the part that impressed me most.
R02035,"Pretty good overall, would buy again."
R02036,"This speaker is great quality and arrived fast. Very happy with it, recommended."
R02037,Terrible product. Complete waste of money. Do not buy this. Very bad quality.
R02038,"Using it while swimming for four months. The clasp does exactly what it needs to, nothing fancy but it works."
R02039,Excellent knife set. The quality is really good and it came fast. Recommended.
R02040,"Using it for a daily walk to work for six weeks. The insole does exactly what it needs to, nothing fancy but it works."
R02041,"Using it when breaking down a chicken for three months. The tang does exactly what it needs to, nothing fancy but it works."
R02042,Had it six weeks for daily gym use. The lid gasket has held up better than the last one I owned. Very pleased.
R02043,Used it on a long airport day for two weeks and then the grip went on wet floors. Disappointing for what it cost.
R02044,"Very happy with this speaker. Great quality, quick delivery. Would recommend."
R02045,Picked this up through a dry winter. After a month the fragrance shows no wear at all. Exactly what I hoped for.
R02046,Using it on daily commutes for two weeks now. The mic is well made and everything still works perfectly.
R02047,"Great, arrived on time and works well."
R02048,"Using it for daily commuting for about eight months. The frame does exactly what it needs to, nothing fancy but it works."
R02049,"Solid buy, no complaints at all."
R02050,"Bought it on the balcony during a barbecue. The pairing button is better than I expected for the price, still solid after a month."
R02051,"This chair is great quality and arrived fast. Very happy with it, recommended."
R02052,"Bought it while cooking dinner. Within a month started crackling above half volume, so I would not buy again."
R02053,"Solid buy, no complaints at all."
R02054,Used it for daily commuting for four months and then the coating started flaking. Disappointing for what it cost.
R02055,Been using this on hikes for about two weeks now and the threading has held up well. No complaints so far.
R02056,"Very happy with this set. Great quality, quick delivery. Would recommend."
R02057,"Bought it on a weekend trip. The shoulder strap is better than I expected for the price, still solid after two weeks."
R02058,"Great bag, quality is excellent and delivery was quick. Happy to recommend."
R02059,"Very happy with this case. Great quality, quick delivery. Would recommend."
R02060,Had this a month. Mainly use it for keeping tea hot at work. The carry loop is the part that impressed me most.
R02061,"Perfect product, exactly as described. Excellent quality. Highly satisfied!"
R02062,Used it when breaking down a chicken for half a year and then it started rusting at the bolster. Disappointing for what it cost.
R02063,Been using this for work calls for about a month now and the mic has held up well. No complaints so far.
R02064,"Using it for carrying a laptop and a lunch box for about eight months. The magnetic clasp does exactly what it needs to, nothing fancy but it works."
R02065,Been using this on the balcony during a barbecue for about four months now and the charging port has held up well. No complaints so far.
R02066,"Very happy with this pair of sunglasses. Great quality, quick delivery. Would recommend."
R02067,Had this half a year. Mainly use it for monthly work travel. The shell corners is the part that impressed me most.
R02068,"Nice quality, does the job. Recommend."
R02069,Really happy with this suitcase. The quality is great and it arrived quickly. Recommended.
R02070,Worked fine at first but after half a year the texture separated. The consistency was the weak point.
R02071,"Perfect product, exactly as described. Excellent quality. Highly satisfied!"
R02072,"Decent for slicing bread, though a small chip appeared near the tip after four months. The grip is still holding up at least."
R02073,Really happy with this speaker. The quality is great and it arrived quickly. Recommended.
R02074,Had this three months. Mainly use it for driving. The frame is the part that impressed me most.
R02075,"This pair of sunglasses is great quality and arrived fast. Very happy with it, recommended."
R02076,"Absolutely love it! Great product, great price, great seller. Buy it now!"
R02077,Had this half a year. Mainly use it on a week of travel. The chest clip is the part that impressed me most.
R02078,"Bought it on a work site. The inner lining is better than I expected for the price, still solid after a month."
R02079,Worked fine at first but after six weeks a hinge screw worked loose. The nose pads was the weak point.
R02080,"Great, arrived on time and works well."
R02081,Been using this during workouts for about a month now and the mic has held up well. No complaints so far.
R02082,Had this two weeks. Mainly use it for long gaming sessions. The armrest is the part that impressed me most.
R02083,"Bought it in a car cup holder. The spout is better than I expected for the price, still solid after three months."
R02084,Using it for daily pocket carry for a month now. The button covers is well made and everything still works perfectly.
R02085,"Decent on a two week trip, though a wheel seized after three months. The shell corners is still holding up at least."
R02086,"Using it for gaming for two weeks. The glide feet does exactly what it needs to, nothing fancy but it works."
R02087,Used it while swimming for about eight months and then it gained a few minutes a week. Disappointing for what it cost.
R02088,"Bought it on a work site. Within a month the camera lip wore down, so I would not buy again."
R02089,"Very happy with this case. Great quality, quick delivery. Would recommend."
R02090,Wonderful item! Top quality and great service. Would definitely recommend!
R02091,"Bought it on a long airport day. The toe box is better than I expected for the price, still solid after half a year."
R02092,"Very happy with this pair of sunglasses. Great quality, quick delivery. Would recommend."
R02093,Outstanding quality! Exceeded all my expectations. Fast delivery too. Recommended!
R02094,Used it while cycling for about eight months and then the coating started flaking. Disappointing for what it cost.
R02095,"Using it as a daily watch for half a year. The bezel does exactly what it needs to, nothing fancy but it works."
R02096,"Bought it on a beach holiday. The temple arms is better than I expected for the price, still solid after about eight months."
R02097,"Does the job on a two week trip. Not perfect, the handle started sticking halfway eventually, but for the price it is acceptable."
R02098,"Good product, works fine. Happy with it."
R02099,Really happy with this set. The quality is great and it arrived quickly. Recommended.
R02100,Had it three months at a small house party. The rubber seal has held up better than the last one I owned. Very pleased.
R02101,Been using this for daily morning practice for about six weeks now and the underside grip has held up well. No complaints so far.
R02102,Mixed feelings. The battery is good but after four months the touch controls got erratic. Fine if you use it lightly.
R02103,Excellent bottle. The quality is really good and it came fast. Recommended.
R02104,"Pretty good overall, would buy again."
R02105,"Very happy with this set. Great quality, quick delivery. Would recommend."
R02106,Really happy with this watch. The quality is great and it arrived quickly. Recommended.
R02107,About about eight months in and the texture separated. The consistency clearly was not built for regular use.
R02108,"Very happy with this chair. Great quality, quick delivery. Would recommend."
R02109,Amazing product! Excellent quality and superb value. Highly recommend to everyone!
R02110,"Awful. Cheap rubbish, nothing like the description. Avoid this seller completely."
R02111,Really happy with this set of earbuds. The quality is great and it arrived quickly. Recommended.
R02112,"Perfect product, exactly as described. Excellent quality. Highly satisfied!"
R02113,Amazing product! Excellent quality and superb value. Highly recommend to everyone!
R02114,"Great, arrived on time and works well."
R02115,"Very happy with this bag. Great quality, quick delivery. Would recommend."
R02116,"Using it for a formal event for about eight months. The crystal does exactly what it needs to, nothing fancy but it works."
R02117,Had this a month. Mainly use it on daily commutes. The battery is the part that impressed me most.
R02118,"Using it at the gym for three months. The clasp does exactly what it needs to, nothing fancy but it works."
R02119,Mixed feelings. The outsole grip is good but after about eight months the sole started separating at the toe. Fine if you use it lightly.
R02120,"Works well, no issues so far. Good value."
R02121,Used it for daily commuting for half a year and then the lining tore. Disappointing for what it cost.
R02122,"Using it for daily pocket carry for about eight months. The camera lip does exactly what it needs to, nothing fancy but it works."
R02123,Been using this for daily office work for about a month now and the scroll wheel has held up well. No complaints so far.
R02124,Had this two weeks. Mainly use it for long gaming sessions. The seat foam is the part that impressed me most.
R02125,"Bought it for slicing bread. Within three months the handle worked loose, so I would not buy again."
R02126,Outstanding quality! Exceeded all my expectations. Fast delivery too. Recommended!
R02127,Been using this in a busy kitchen for about three months now and the handle rivets has held up well. No complaints so far.
R02128,"Does the job with a screen protector fitted. Not perfect, it stretched and stopped gripping eventually, but for the price it is acceptable."
R02129,"Very happy with this knife set. Great quality, quick delivery. Would recommend."
R02130,"Very happy with this mat. Great quality, quick delivery. Would recommend."
R02131,Used it for slicing bread for six weeks and then a small chip appeared near the tip. Disappointing for what it cost.
R02132,"Great bottle, quality is excellent and delivery was quick. Happy to recommend."
R02133,"Bought it for monthly work travel. The shell corners is better than I expected for the price, still solid after about eight months."
R02134,"This set is great quality and arrived fast. Very happy with it, recommended."
R02135,"Using it with a laptop while travelling for half a year. The scroll wheel does exactly what it needs to, nothing fancy but it works."
R02136,Picked this up as a nightly routine. After three months the pump dispenser shows no wear at all. Exactly what I hoped for.
R02137,"Best purchase ever. Perfect in every way. Five stars, will buy again!"
R02138,About three months in and a shell corner cracked. The zip track clearly was not built for regular use.
R02139,Excellent bag. The quality is really good and it came fast. Recommended.
R02140,About four months in and a castor cracked. The seat foam clearly was not built for regular use.
R02141,"Pretty good overall, would buy again."
R02142,Decent product for the price. Satisfied.
R02143,"Using it on the balcony during a barbecue for about eight months. The bass driver does exactly what it needs to, nothing fancy but it works."
R02144,"Best purchase ever. Perfect in every way. Five stars, will buy again!"
R02145,Had this three months. Mainly use it for daily gym use. The lid gasket is the part that impressed me most.
R02146,"This speaker is great quality and arrived fast. Very happy with it, recommended."
R02147,About six weeks in and a hinge screw worked loose. The temple arms clearly was not built for regular use.
R02148,Used it for daily vegetable prep for six weeks and then the handle worked loose. Disappointing for what it cost.
R02149,"Using it in a busy kitchen for six weeks. The grip does exactly what it needs to, nothing fancy but it works."
R02150,"Using it for driving for two weeks. The temple arms does exactly what it needs to, nothing fancy but it works."
R02151,Had this three months. Mainly use it for a daily walk to work. The insole is the part that impressed me most.
R02152,Worked fine at first but after half a year the strap padding compressed. The laptop sleeve was the weak point.
R02153,"Bought it on a long flight. Within three months battery life dropped noticeably, so I would not buy again."
R02154,Been using this as a check-in bag for four months and the zip track still looks new. Genuinely impressed with the build.
R02155,"Decent when breaking down a chicken, though a small chip appeared near the tip after about eight months. The blade edge is still holding up at least."
R02156,"This bag is great quality and arrived fast. Very happy with it, recommended."
R02157,Been using this on a work site for about about eight months now and the inner lining has held up well. No complaints so far.
R02158,"Great case, quality is excellent and delivery was quick. Happy to recommend."
R02159,"Bought it for long gaming sessions. Within three months a castor cracked, so I would not buy again."
R02160,Mixed feelings. The pairing button is good but after two weeks lost pairing every few minutes. Fine if you use it lightly.
R02161,Been using this for daily office work for about half a year now and the sensor has held up well. No complaints so far.
R02162,Had it four months on wet pavement. The laces has held up better than the last one I owned. Very pleased.
R02163,"Great, arrived on time and works well."
R02164,"Pretty good overall, would buy again."
R02165,"Great bag, quality is excellent and delivery was quick. Happy to recommend."
R02166,"Very good, exactly what I wanted. Thanks!"
R02167,Worked fine at first but after about eight months the foam compressed under the knees. The edge binding was the weak point.
R02168,"Solid buy, no complaints at all."
R02169,"Does the job through a dry winter. Not perfect, the texture separated eventually, but for the price it is acceptable."
R02170,Had this a month. Mainly use it on a camping trip. The pairing button is the part that impressed me most.
R02171,Superb! Fantastic quality and amazing value for money. Very happy with this purchase!
R02172,"Decent while cycling, though the nose pads discoloured after a month. The hinge screws is still holding up at least."
R02173,Been using this for a daily walk to work for about three months now and the heel counter has held up well. No complaints so far.
R02174,"Very good, exactly what I wanted. Thanks!"
R02175,About about eight months in and it started rusting at the bolster. The grip clearly was not built for regular use.
R02176,"Solid buy, no complaints at all."
R02177,Picked this up while cycling. After six weeks the temple arms shows no wear at all. Exactly what I hoped for.
R02178,Had this half a year. Mainly use it for driving. The nose pads is the part that impressed me most.
R02179,"Decent for a daily walk to work, though the grip went on wet floors after two weeks. The laces is still holding up at least."
R02180,"Does the job on a long airport day. Not perfect, the sole started separating at the toe eventually, but for the price it is acceptable."
R02181,"Great mouse, quality is excellent and delivery was quick. Happy to recommend."
R02182,"Using it for daily pocket carry for three months. The button covers does exactly what it needs to, nothing fancy but it works."
R02183,"Works well, no issues so far. Good value."
R02184,"Great mouse, quality is excellent and delivery was quick. Happy to recommend."
R02185,Had this six weeks. Mainly use it through three connecting flights. The telescopic handle is the part that impressed me most.
R02186,Really happy with this watch. The quality is great and it arrived quickly. Recommended.
R02187,Had this three months. Mainly use it for floor workouts. The edge binding is the part that impressed me most.
R02188,About about eight months in and the zip split under load. The spinner wheels clearly was not built for regular use.
R02189,"Pretty good overall, would buy again."
R02190,"Does the job for eight hour work days. Not perfect, a castor cracked eventually, but for the price it is acceptable."
R02191,"Bought it for work calls. The charging case hinge is better than I expected for the price, still solid after three months."
R02192,"Bought it for monthly work travel. The latches is better than I expected for the price, still solid after a month."
R02193,Been using this for daily morning practice for about a month now and the underside grip has held up well. No complaints so far.
R02194,Mixed feelings. The spout is good but after a month it started leaking at the lid. Fine if you use it lightly.
R02195,Been using this on a beach holiday for about six weeks now and the nose pads has held up well. No complaints so far.
R02196,"Decent for carrying gym kit, though the base fabric started fraying after half a year. The main zip is still holding up at least."
R02197,"Bought it for daily commuting. The magnetic clasp is better than I expected for the price, still solid after three months."
R02198,"Using it for floor workouts for half a year. The surface texture does exactly what it needs to, nothing fancy but it works."
R02199,"Good product, works fine. Happy with it."
R02200,Mixed feelings. The texture is good but after two weeks the texture separated. Fine if you use it lightly.
R02201,Been using this on a weekend trip for about three months now and the zip pull has held up well. No complaints so far.
R02202,Really happy with this watch. The quality is great and it arrived quickly. Recommended.
R02203,"Works well, no issues so far. Good value."
R02204,Excellent chair. The quality is really good and it came fast. Recommended.
R02205,"Bought it through a dry winter. The pump dispenser is better than I expected for the price, still solid after four months."
R02206,"Bought it in heavy rain. The base fabric is better than I expected for the price, still solid after a month."
R02207,Been using this when breaking down a chicken for about three months now and the blade edge has held up well. No complaints so far.
R02208,Mixed feelings. The lens coating is good but after four months the coating started flaking. Fine if you use it lightly.
R02209,Excellent chair. The quality is really good and it came fast. Recommended.
R02210,"Good product, works fine. Happy with it."
R02211,"Bought it as a daily watch. The clasp is better than I expected for the price, still solid after four months."
R02212,Worked fine at first but after two weeks the handle worked loose. The bolster was the weak point.
R02213,Had it two weeks while studying late. The seat foam has held up better than the last one I owned. Very pleased.
R02214,Had this half a year. Mainly use it with a laptop while travelling. The glide feet is the part that impressed me most.
R02215,Had this three months. Mainly use it for a daily walk to work. The toe box is the part that impressed me most.
R02216,Outstanding quality! Exceeded all my expectations. Fast delivery too. Recommended!
R02217,Been using this while cooking dinner for about a month now and the rubber seal has held up well. No complaints so far.
R02218,Excellent! Very good product with superb finishing. Worth every penny!
R02219,"Very happy with this chair. Great quality, quick delivery. Would recommend."
R02220,"Perfect product, exactly as described. Excellent quality. Highly satisfied!"
R02221,"Good product, works fine. Happy with it."
R02222,"Great suitcase, quality is excellent and delivery was quick. Happy to recommend."
R02223,"Decent when breaking down a chicken, though the handle worked loose after six weeks. The grip is still holding up at least."
R02224,"Bought it alongside an existing routine. Within two weeks the texture separated, so I would not buy again."
R02225,"Does the job on a two week trip. Not perfect, the handle started sticking halfway eventually, but for the price it is acceptable."
R02226,"Using it on hikes for two weeks. The carry loop does exactly what it needs to, nothing fancy but it works."
R02227,"Bought it for floor workouts. The edge binding is better than I expected for the price, still solid after two weeks."
R02228,Decent product for the price. Satisfied.
R02229,"Bought it on a camping trip. The rubber seal is better than I expected for the price, still solid after three months."
R02230,"Bought it in a busy kitchen. The grip is better than I expected for the price, still solid after four months."
R02231,Had this four months. Mainly use it as a nightly routine. The consistency is the part that impressed me most.
R02232,"Perfect product, exactly as described. Excellent quality. Highly satisfied!"
R02233,"Absolutely love it! Great product, great price, great seller. Buy it now!"
R02234,About about eight months in and the zip split under load. The zip track clearly was not built for regular use.
R02235,Amazing product! Excellent quality and superb value. Highly recommend to everyone!
R02236,Excellent! Very good product with superb finishing. Worth every penny!
R02237,Had this three months. Mainly use it while cycling. The nose pads is the part that impressed me most.
R02238,Had this six weeks. Mainly use it on a camping trip. The battery is the part that impressed me most.
R02239,Wonderful item! Top quality and great service. Would definitely recommend!
R02240,About about eight months in and the strap padding compressed. The main zip clearly was not built for regular use.
R02241,"This suitcase is great quality and arrived fast. Very happy with it, recommended."
R02242,"Very good, exactly what I wanted. Thanks!"
R02243,"Great, arrived on time and works well."
R02244,Been using this while cycling for about a month now and the temple arms has held up well. No complaints so far.
R02245,Been using this on a weekend trip for about six weeks now and the shoulder strap has held up well. No complaints so far.
R02246,Been using this for carrying a laptop and a lunch box for half a year and the inner lining still looks new. Genuinely impressed with the build.
R02247,"Great, arrived on time and works well."
R02248,Excellent pair of sunglasses. The quality is really good and it came fast. Recommended.
R02249,"This mat is great quality and arrived fast. Very happy with it, recommended."
R02250,Really happy with this pair of sunglasses. The quality is great and it arrived quickly. Recommended.
R02251,Mixed feelings. The grip is good but after four months the handle worked loose. Fine if you use it lightly.
R02252,"Using it for eight hour work days for a month. The castor wheels does exactly what it needs to, nothing fancy but it works."
R02253,"Bought it as a work bag. The base studs is better than I expected for the price, still solid after about eight months."
R02254,Excellent! Very good product with superb finishing. Worth every penny!
R02255,Used it for daily commuting for four months and then the coating started flaking. Disappointing for what it cost.
R02256,About a month in and the zip split under load. The zip track clearly was not built for regular use.
R02257,Had this half a year. Mainly use it in a car cup holder. The spout is the part that impressed me most.
R02258,Been using this in a heated class for about half a year now and the edge binding has held up well. No complaints so far.
R02259,"Perfect product, exactly as described. Excellent quality. Highly satisfied!"
R02260,"Bought it for driving. The frame is better than I expected for the price, still solid after a month."
R02261,Used it during workouts for four months and then the case hinge went loose. Disappointing for what it cost.
R02262,"Bought it on a hardwood floor. The underside grip is better than I expected for the price, still solid after two weeks."
R02263,"Bought it on sensitive skin. Within about eight months the pump stopped drawing product, so I would not buy again."
R02264,"Using it for a formal event for about eight months. The crystal does exactly what it needs to, nothing fancy but it works."
R02265,Wonderful item! Top quality and great service. Would definitely recommend!
R02266,Been using this on a work site for about half a year now and the button covers has held up well. No complaints so far.
R02267,Wonderful item! Top quality and great service. Would definitely recommend!
R02268,"Using it on sensitive skin for two weeks. The fragrance does exactly what it needs to, nothing fancy but it works."
R02269,Worked fine at first but after two weeks battery life dropped noticeably. The charging case hinge was the weak point.
R02270,Worst purchase. Poor quality item. Totally disappointed. Not recommended at all.
R02271,Excellent! Very good product with superb finishing. Worth every penny!
R02272,Picked this up on a week of travel. After about eight months the laptop sleeve shows no wear at all. Exactly what I hoped for.
R02273,"Absolutely love it! Great product, great price, great seller. Buy it now!"
R02274,Had this three months. Mainly use it for gym sessions. The insole is the part that impressed me most.
R02275,"Pretty good overall, would buy again."
R02276,"Bought it for daily commuting. The base studs is better than I expected for the price, still solid after three months."
R02277,"Very happy with this pair of sunglasses. Great quality, quick delivery. Would recommend."
R02278,Used it alongside an existing routine for half a year and then the pump stopped drawing product. Disappointing for what it cost.
R02279,Excellent chair. The quality is really good and it came fast. Recommended.
R02280,"Bought it on a beach holiday. The temple arms is better than I expected for the price, still solid after six weeks."
R02281,"Absolutely love it! Great product, great price, great seller. Buy it now!"
R02282,"Pretty good overall, would buy again."
R02283,Been using this on a week of travel for half a year and the base fabric still looks new. Genuinely impressed with the build.
R02284,Used it in a heated class for a month and then the grip went once it got sweaty. Disappointing for what it cost.
R02285,"Absolutely love it! Great product, great price, great seller. Buy it now!"
R02286,"Does the job in a car cup holder. Not perfect, the threading cross-threads easily eventually, but for the price it is acceptable."
R02287,Been using this for monthly work travel for about two weeks now and the zip track has held up well. No complaints so far.
R02288,"Using it during workouts for half a year. The charging case hinge does exactly what it needs to, nothing fancy but it works."
R02289,Been using this through three connecting flights for about about eight months now and the shell corners has held up well. No complaints so far.
R02290,"Using it for driving for four months. The temple arms does exactly what it needs to, nothing fancy but it works."
R02291,"Using it on a work site for two weeks. The port cutout does exactly what it needs to, nothing fancy but it works."
R02292,Been using this at a small house party for about a month now and the battery has held up well. No complaints so far.
R02293,Been using this on a work site for about three months now and the camera lip has held up well. No complaints so far.
R02294,"Good product, works fine. Happy with it."
R02295,Excellent bottle. The quality is really good and it came fast. Recommended.
R02296,Outstanding quality! Exceeded all my expectations. Fast delivery too. Recommended!
R02297,"Using it in a heated class for half a year. The underside grip does exactly what it needs to, nothing fancy but it works."
R02298,Mixed feelings. The carry loop is good but after four months the coating flaked inside. Fine if you use it lightly.
R02299,Had it six weeks for slicing bread. The grip has held up better than the last one I owned. Very pleased.
R02300,"Works well, no issues so far. Good value."
R02301,Really happy with this pair of shoes. The quality is great and it arrived quickly. Recommended.
R02302,Really happy with this suitcase. The quality is great and it arrived quickly. Recommended.
R02303,"Great, arrived on time and works well."
R02304,"Works well, no issues so far. Good value."
R02305,Had this four months. Mainly use it for daily pocket carry. The inner lining is the part that impressed me most.
R02306,"Bought it on a two week trip. Within six weeks the handle started sticking halfway, so I would not buy again."
R02307,Been using this on a work site for four months and the camera lip still looks new. Genuinely impressed with the build.
R02308,Really happy with this mouse. The quality is great and it arrived quickly. Recommended.
R02309,"Does the job on wet pavement. Not perfect, the sole started separating at the toe eventually, but for the price it is acceptable."
R02310,Been using this through three connecting flights for about four months now and the latches has held up well. No complaints so far.
R02311,"Does the job for floor workouts. Not perfect, the grip went once it got sweaty eventually, but for the price it is acceptable."
R02312,Had this half a year. Mainly use it for daily pocket carry. The port cutout is the part that impressed me most.
R02313,"Using it on a long airport day for half a year. The heel counter does exactly what it needs to, nothing fancy but it works."
R02314,Outstanding quality! Exceeded all my expectations. Fast delivery too. Recommended!
R02315,Been using this as a nightly routine for about two weeks now and the jar seal has held up well. No complaints so far.
R02316,Excellent set of earbuds. The quality is really good and it came fast. Recommended.
R02317,"Does the job at the gym. Not perfect, a strap pin sheared eventually, but for the price it is acceptable."
R02318,Been using this on a hardwood floor for two weeks and the foam density still looks new. Genuinely impressed with the build.
R02319,Really happy with this suitcase. The quality is great and it arrived quickly. Recommended.
R02320,"Using it in a car cup holder for about eight months. The inner coating does exactly what it needs to, nothing fancy but it works."
R02321,"Bought it alongside an existing routine. The jar seal is better than I expected for the price, still solid after four months."
R02322,Had it four months on wet pavement. The laces has held up better than the last one I owned. Very pleased.
R02323,"Great chair, quality is excellent and delivery was quick. Happy to recommend."
R02324,"This mouse is great quality and arrived fast. Very happy with it, recommended."
R02325,Amazing product! Excellent quality and superb value. Highly recommend to everyone!
R02326,"Bought it as a nightly routine. Within a month the pump stopped drawing product, so I would not buy again."
R02327,"Best purchase ever. Perfect in every way. Five stars, will buy again!"
R02328,"Using it for daily morning practice for four months. The underside grip does exactly what it needs to, nothing fancy but it works."
R02329,Excellent! Very good product with superb finishing. Worth every penny!
R02330,"Very good, exactly what I wanted. Thanks!"
R02331,"Awful. Cheap rubbish, nothing like the description. Avoid this seller completely."
R02332,Had this two weeks. Mainly use it on a hardwood floor. The edge binding is the part that impressed me most.
R02333,"Works well, no issues so far. Good value."
R02334,Excellent! Very good product with superb finishing. Worth every penny!
R02335,"Does the job for gaming. Not perfect, the left click started double-clicking eventually, but for the price it is acceptable."
R02336,Mixed feelings. The magnetic clasp is good but after half a year the zip started catching. Fine if you use it lightly.
R02337,"Bought it on a long airport day. Within four months the sole started separating at the toe, so I would not buy again."
R02338,Picked this up for daily vegetable prep. After about eight months the handle rivets shows no wear at all. Exactly what I hoped for.
R02339,Excellent bottle. The quality is really good and it came fast. Recommended.
R02340,"Using it for work calls for half a year. The touch controls does exactly what it needs to, nothing fancy but it works."
R02341,Been using this for carrying gym kit for about two weeks now and the main zip has held up well. No complaints so far.
R02342,"Bought it on sensitive skin. The pump dispenser is better than I expected for the price, still solid after half a year."
R02343,Been using this at the gym for about about eight months now and the crystal has held up well. No complaints so far.
R02344,"Bought it on daily commutes. The mic is better than I expected for the price, still solid after a month."
R02345,Really happy with this speaker. The quality is great and it arrived quickly. Recommended.
R02346,"Nice quality, does the job. Recommend."
R02347,"Very good, exactly what I wanted. Thanks!"
R02348,"Decent in heavy rain, though it soaked through in rain after three months. The base fabric is still holding up at least."
R02349,"Bought it on the balcony during a barbecue. The rubber seal is better than I expected for the price, still solid after about eight months."
R02350,Decent product for the price. Satisfied.
R02351,"Very good, exactly what I wanted. Thanks!"
R02352,Worked fine at first but after half a year the edge dulled within a month. The tang was the weak point.
R02353,Mixed feelings. The handle rivets is good but after three months the handle worked loose. Fine if you use it lightly.
R02354,Excellent suitcase. The quality is really good and it came fast. Recommended.
R02355,"Best purchase ever. Perfect in every way. Five stars, will buy again!"
R02356,"Using it on a beach holiday for half a year. The temple arms does exactly what it needs to, nothing fancy but it works."
R02357,"Great bottle, quality is excellent and delivery was quick. Happy to recommend."
R02358,"Using it alongside an existing routine for a month. The fragrance does exactly what it needs to, nothing fancy but it works."
R02359,"Great, arrived on time and works well."
R02360,"Great watch, quality is excellent and delivery was quick. Happy to recommend."
R02361,"Awful. Cheap rubbish, nothing like the description. Avoid this seller completely."
R02362,Had this four months. Mainly use it on wet pavement. The toe box is the part that impressed me most.
R02363,Had this two weeks. Mainly use it for eight hour work days. The gas lift is the part that impressed me most.
R02364,Had this about eight months. Mainly use it in a home office. The gas lift is the part that impressed me most.
R02365,"Nice quality, does the job. Recommend."
R02366,"Using it on the balcony during a barbecue for about eight months. The rubber seal does exactly what it needs to, nothing fancy but it works."
R02367,"Using it on a long flight for half a year. The ear tips does exactly what it needs to, nothing fancy but it works."
R02368,Had this a month. Mainly use it for daily college carry. The base fabric is the part that impressed me most.
R02369,Excellent set of earbuds. The quality is really good and it came fast. Recommended.
R02370,"Solid buy, no complaints at all."
R02371,"Bought it on a week of travel. The shoulder straps is better than I expected for the price, still solid after two weeks."
R02372,Been using this as a check-in bag for about about eight months now and the spinner wheels has held up well. No complaints so far.
R02373,Decent product for the price. Satisfied.
R02374,About half a year in and the grip went on wet floors. The toe box clearly was not built for regular use.
R02375,"Bought it for daily commuting. The base studs is better than I expected for the price, still solid after a month."
R02376,"Great chair, quality is excellent and delivery was quick. Happy to recommend."
R02377,Had this about eight months. Mainly use it for eight hour work days. The armrest is the part that impressed me most.
R02378,About two weeks in and the zip split under load. The spinner wheels clearly was not built for regular use.
R02379,Amazing product! Excellent quality and superb value. Highly recommend to everyone!
R02380,"Bought it at a small house party. Within a month started crackling above half volume, so I would not buy again."
R02381,"Great set of earbuds, quality is excellent and delivery was quick. Happy to recommend."
R02382,"Great mouse, quality is excellent and delivery was quick. Happy to recommend."
R02383,"Bought it at the gym. The bezel is better than I expected for the price, still solid after two weeks."
R02384,"Nice quality, does the job. Recommend."
R02385,Using it while cooking dinner for a month now. The bass driver is well made and everything still works perfectly.
R02386,"Bought it for long gaming sessions. Within half a year a castor cracked, so I would not buy again."
R02387,"Bought it as a work bag. The zip pull is better than I expected for the price, still solid after two weeks."
R02388,About two weeks in and it stopped holding temperature. The threading clearly was not built for regular use.
R02389,Wonderful item! Top quality and great service. Would definitely recommend!
R02390,"Bought it with a screen protector fitted. The camera lip is better than I expected for the price, still solid after about eight months."
R02391,"Nice quality, does the job. Recommend."
R02392,"Very happy with this backpack. Great quality, quick delivery. Would recommend."
R02393,"Good product, works fine. Happy with it."
R02394,Worked fine at first but after half a year the strap padding compressed. The main zip was the weak point.
R02395,"Bought it on hikes. The inner coating is better than I expected for the price, still solid after four months."
R02396,"This knife set is great quality and arrived fast. Very happy with it, recommended."
R02397,Been using this with a screen protector fitted for about six weeks now and the button covers has held up well. No complaints so far.
R02398,Mixed feelings. The blade edge is good but after six weeks the handle worked loose. Fine if you use it lightly.
R02399,"Using it for daily morning practice for about eight months. The edge binding does exactly what it needs to, nothing fancy but it works."
R02400,"Works well, no issues so far. Good value."
R02401,"Using it for daily college carry for half a year. The chest clip does exactly what it needs to, nothing fancy but it works."
R02402,Used it for floor workouts for about eight months and then a permanent crease formed. Disappointing for what it cost.
R02403,Had this half a year. Mainly use it on a work site. The port cutout is the part that impressed me most.
R02404,"Great pair of shoes, quality is excellent and delivery was quick. Happy to recommend."
R02405,"Very happy with this set of earbuds. Great quality, quick delivery. Would recommend."
R02406,Worked fine at first but after four months the button covers went mushy. The inner lining was the weak point.
R02407,"Good product, works fine. Happy with it."
R02408,"Bought it on hikes. The threading is better than I expected for the price, still solid after six weeks."
R02409,Really happy with this mat. The quality is great and it arrived quickly. Recommended.
R02410,Really happy with this suitcase. The quality is great and it arrived quickly. Recommended.
R02411,"Perfect product, exactly as described. Excellent quality. Highly satisfied!"
R02412,"Using it in a car cup holder for half a year. The spout does exactly what it needs to, nothing fancy but it works."
R02413,"Great, arrived on time and works well."
R02414,Excellent knife set. The quality is really good and it came fast. Recommended.
R02415,Had this four months. Mainly use it for daily college carry. The main zip is the part that impressed me most.
R02416,Been using this on a work site for about two weeks now and the inner lining has held up well. No complaints so far.
R02417,"Bought it in heavy rain. Within a month it soaked through in rain, so I would not buy again."
R02418,"Bought it for daily gym use. The lid gasket is better than I expected for the price, still solid after a month."
R02419,"Bought it on a glass desk. The left click switch is better than I expected for the price, still solid after six weeks."
R02420,"Great pair of shoes, quality is excellent and delivery was quick. Happy to recommend."
R02421,"Bought it on daily commutes. The touch controls is better than I expected for the price, still solid after two weeks."
R02422,Been using this on a week of travel for about a month now and the chest clip has held up well. No complaints so far.
R02423,Had this six weeks. Mainly use it as a daily watch. The crystal is the part that impressed me most.
R02424,"Good product, works fine. Happy with it."
R02425,Worked fine at first but after four months the crystal picked up a scratch. The strap pins was the weak point.
R02426,Used it for carrying gym kit for four months and then the base fabric started fraying. Disappointing for what it cost.
R02427,Using it for daily commuting for about eight months now. The nose pads is well made and everything still works perfectly.
R02428,"Using it on the balcony during a barbecue for four months. The bass driver does exactly what it needs to, nothing fancy but it works."
R02429,Decent product for the price. Satisfied.
R02430,Really happy with this set of earbuds. The quality is great and it arrived quickly. Recommended.
R02431,"Works well, no issues so far. Good value."
R02432,"Bought it with a laptop while travelling. The scroll wheel is better than I expected for the price, still solid after three months."
R02433,"Very good, exactly what I wanted. Thanks!"
R02434,Been using this for daily morning practice for six weeks and the underside grip still looks new. Genuinely impressed with the build.
R02435,"Great backpack, quality is excellent and delivery was quick. Happy to recommend."
R02436,Excellent! Very good product with superb finishing. Worth every penny!
R02437,Been using this on a two week trip for about about eight months now and the latches has held up well. No complaints so far.
R02438,Excellent speaker. The quality is really good and it came fast. Recommended.
R02439,Worst purchase. Poor quality item. Totally disappointed. Not recommended at all.
R02440,"Bought it as a daily watch. Within two weeks the crystal picked up a scratch, so I would not buy again."
R02441,Decent product for the price. Satisfied.
R02442,Been using this for eight hour work days for about a month now and the armrest has held up well. No complaints so far.
R02443,Been using this for daily gym use for about four months now and the lid gasket has held up well. No complaints so far.
R02444,Excellent! Very good product with superb finishing. Worth every penny!
R02445,"Decent during workouts, though the touch controls got erratic after about eight months. The battery is still holding up at least."
R02446,Really happy with this backpack. The quality is great and it arrived quickly. Recommended.
R02447,Been using this after a waist height drop onto tile for about a month now and the camera lip has held up well. No complaints so far.
R02448,Had this a month. Mainly use it with a screen protector fitted. The camera lip is the part that impressed me most.
R02449,"Decent for eight hour work days, though an armrest developed play after four months. The seat foam is still holding up at least."
R02450,"Does the job on the balcony during a barbecue. Not perfect, started crackling above half volume eventually, but for the price it is acceptable."
R02451,Been using this after a waist height drop onto tile for about six weeks now and the corner bumpers has held up well. No complaints so far.
R02452,"Very good, exactly what I wanted. Thanks!"
R02453,"Does the job for daily morning practice. Not perfect, a permanent crease formed eventually, but for the price it is acceptable."
R02454,"Good product, works fine. Happy with it."
R02455,"Bought it with a screen protector fitted. The camera lip is better than I expected for the price, still solid after two weeks."
R02456,"This pair of shoes is great quality and arrived fast. Very happy with it, recommended."
R02457,Mixed feelings. The jar seal is good but after half a year the texture separated. Fine if you use it lightly.
R02458,"Bought it for daily office work. The scroll wheel is better than I expected for the price, still solid after three months."
R02459,"Bought it on sensitive skin. The pump dispenser is better than I expected for the price, still solid after a month."
R02460,Wonderful item! Top quality and great service. Would definitely recommend!
R02461,Really happy with this bottle. The quality is great and it arrived quickly. Recommended.
R02462,"Does the job when breaking down a chicken. Not perfect, it started rusting at the bolster eventually, but for the price it is acceptable."
R02463,"Bought it for keeping tea hot at work. The threading is better than I expected for the price, still solid after half a year."
R02464,"This suitcase is great quality and arrived fast. Very happy with it, recommended."
R02465,Had this six weeks. Mainly use it for keeping tea hot at work. The carry loop is the part that impressed me most.
R02466,Been using this on a camping trip for about half a year now and the pairing button has held up well. No complaints so far.
R02467,Been using this for carrying a laptop and a lunch box for about four months now and the magnetic clasp has held up well. No complaints so far.
R02468,"Decent for daily college carry, though a zip tooth broke after six weeks. The shoulder straps is still holding up at least."
R02469,Been using this on sensitive skin for about about eight months now and the consistency has held up well. No complaints so far.
R02470,"This set of earbuds is great quality and arrived fast. Very happy with it, recommended."
R02471,"Bought it with a laptop while travelling. The side buttons is better than I expected for the price, still solid after half a year."
R02472,Been using this on wet pavement for about six weeks now and the outsole grip has held up well. No complaints so far.
R02473,Had this four months. Mainly use it for long gaming sessions. The gas lift is the part that impressed me most.
R02474,"Perfect product, exactly as described. Excellent quality. Highly satisfied!"
R02475,"Best purchase ever. Perfect in every way. Five stars, will buy again!"
R02476,Been using this on a two week trip for about three months now and the spinner wheels has held up well. No complaints so far.
R02477,"Best purchase ever. Perfect in every way. Five stars, will buy again!"
R02478,"Very happy with this watch. Great quality, quick delivery. Would recommend."
R02479,Worked fine at first but after about eight months the texture separated. The texture was the weak point.
R02480,"Perfect product, exactly as described. Excellent quality. Highly satisfied!"
R02481,"Using it during workouts for three months. The charging case hinge does exactly what it needs to, nothing fancy but it works."
R02482,"Using it for daily commuting for half a year. The lens coating does exactly what it needs to, nothing fancy but it works."
R02483,"Bought it at a small house party. The pairing button is better than I expected for the price, still solid after half a year."
R02484,Really happy with this mat. The quality is great and it arrived quickly. Recommended.
R02485,Amazing product! Excellent quality and superb value. Highly recommend to everyone!
R02486,"Very good, exactly what I wanted. Thanks!"
R02487,"Very happy with this mouse. Great quality, quick delivery. Would recommend."
R02488,Mixed feelings. The inner lining is good but after four months the clasp stopped holding shut. Fine if you use it lightly.
R02489,"Best purchase ever. Perfect in every way. Five stars, will buy again!"
R02490,"Bought it on a week of travel. The main zip is better than I expected for the price, still solid after six weeks."
R02491,"Bought it through a dry winter. The texture is better than I expected for the price, still solid after a month."
R02492,"Bought it for daily office work. The sensor is better than I expected for the price, still solid after six weeks."
R02493,Decent product for the price. Satisfied.
R02494,About two weeks in and the case hinge went loose. The ear tips clearly was not built for regular use.
R02495,Been using this on a week of travel for about two weeks now and the chest clip has held up well. No complaints so far.
R02496,Been using this alongside an existing routine for about six weeks now and the jar seal has held up well. No complaints so far.
R02497,Excellent backpack. The quality is really good and it came fast. Recommended.
R02498,Had this half a year. Mainly use it on wet pavement. The outsole grip is the part that impressed me most.
R02499,Decent product for the price. Satisfied.
R02500,Been using this while cycling for about six weeks now and the hinge screws has held up well. No complaints so far.
R02501,"Does the job as a check-in bag. Not perfect, a wheel seized eventually, but for the price it is acceptable."
R02502,"Very happy with this bottle. Great quality, quick delivery. Would recommend."
R02503,"Great chair, quality is excellent and delivery was quick. Happy to recommend."
R02504,"Nice quality, does the job. Recommend."
R02505,Used it while cooking dinner for two weeks and then lost pairing every few minutes. Disappointing for what it cost.
R02506,"Using it for long gaming sessions for four months. The seat foam does exactly what it needs to, nothing fancy but it works."
R02507,Excellent! Very good product with superb finishing. Worth every penny!
R02508,"Bought it for floor workouts. The foam density is better than I expected for the price, still solid after four months."
R02509,"Bought it in a home office. Within a month a castor cracked, so I would not buy again."
R02510,"Very happy with this backpack. Great quality, quick delivery. Would recommend."
R02511,"Solid buy, no complaints at all."
R02512,Been using this for floor workouts for about four months now and the foam density has held up well. No complaints so far.
R02513,"Great chair, quality is excellent and delivery was quick. Happy to recommend."
R02514,Amazing product! Excellent quality and superb value. Highly recommend to everyone!
R02515,"Absolutely love it! Great product, great price, great seller. Buy it now!"
R02516,Had this half a year. Mainly use it for a daily walk to work. The heel counter is the part that impressed me most.
R02517,Been using this on a week of travel for about half a year now and the base fabric has held up well. No complaints so far.
R02518,"Does the job for long gaming sessions. Not perfect, the gas lift sank after a few weeks eventually, but for the price it is acceptable."
R02519,"Awful. Cheap rubbish, nothing like the description. Avoid this seller completely."
R02520,Worked fine at first but after half a year the insole compressed flat. The heel counter was the weak point.
R02521,Had this three months. Mainly use it in a heated class. The surface texture is the part that impressed me most.
R02522,Been using this for daily commuting for about half a year now and the frame has held up well. No complaints so far.
R02523,Decent product for the price. Satisfied.
R02524,"Great set, quality is excellent and delivery was quick. Happy to recommend."
R02525,Used it for daily office work for four months and then the scroll wheel got notchy. Disappointing for what it cost.
R02526,Wonderful item! Top quality and great service. Would definitely recommend!
R02527,"Decent as a daily watch, though the clasp stopped locking properly after three months. The clasp is still holding up at least."
R02528,"This suitcase is great quality and arrived fast. Very happy with it, recommended."
R02529,Using it for keeping tea hot at work for two weeks now. The lid gasket is well made and everything still works perfectly.
R02530,"Nice quality, does the job. Recommend."
R02531,Been using this through three connecting flights for about four months now and the zip track has held up well. No complaints so far.
R02532,"Best purchase ever. Perfect in every way. Five stars, will buy again!"
R02533,"Nice quality, does the job. Recommend."
R02534,Been using this on daily commutes for about four months now and the battery has held up well. No complaints so far.
R02535,"Bought it through three connecting flights. The latches is better than I expected for the price, still solid after half a year."
R02536,"Bought it on a work site. Within four months the camera lip wore down, so I would not buy again."
R02537,Excellent knife set. The quality is really good and it came fast. Recommended.
R02538,Had this three months. Mainly use it on a long flight. The charging case hinge is the part that impressed me most.
R02539,"Absolutely love it! Great product, great price, great seller. Buy it now!"
R02540,Been using this when breaking down a chicken for about two weeks now and the blade edge has held up well. No complaints so far.
R02541,Been using this for floor workouts for about half a year now and the edge binding has held up well. No complaints so far.
R02542,"Using it in a busy kitchen for half a year. The bolster does exactly what it needs to, nothing fancy but it works."
R02543,"Bought it on wet pavement. The toe box is better than I expected for the price, still solid after three months."
R02544,"Does the job for driving. Not perfect, the arms lost their tension eventually, but for the price it is acceptable."
R02545,"Decent for carrying gym kit, though it soaked through in rain after six weeks. The shoulder straps is still holding up at least."
R02546,Mixed feelings. The port cutout is good but after two weeks the camera lip wore down. Fine if you use it lightly.
R02547,Had this two weeks. Mainly use it on a long airport day. The toe box is the part that impressed me most.
R02548,"Bought it for gaming. The left click switch is better than I expected for the price, still solid after four months."
R02549,"This case is great quality and arrived fast. Very happy with it, recommended."
R02550,Worked fine at first but after two weeks the coating flaked inside. The spout was the weak point.
R02551,About three months in and an armrest developed play. The armrest clearly was not built for regular use.
R02552,"Bought it for work calls. The mic is better than I expected for the price, still solid after four months."
R02553,Had this two weeks. Mainly use it on the balcony during a barbecue. The battery is the part that impressed me most.
R02554,"Using it alongside an existing routine for a month. The pump dispenser does exactly what it needs to, nothing fancy but it works."
R02555,Picked this up for daily office work. After six weeks the scroll wheel shows no wear at all. Exactly what I hoped for.
R02556,"Using it while studying late for half a year. The armrest does exactly what it needs to, nothing fancy but it works."
R02557,Been using this on a weekend trip for about six weeks now and the magnetic clasp has held up well. No complaints so far.
R02558,Outstanding quality! Exceeded all my expectations. Fast delivery too. Recommended!
R02559,"Great knife set, quality is excellent and delivery was quick. Happy to recommend."
R02560,"Perfect product, exactly as described. Excellent quality. Highly satisfied!"
R02561,"Very happy with this speaker. Great quality, quick delivery. Would recommend."
R02562,"Bought it for daily morning practice. The edge binding is better than I expected for the price, still solid after four months."
R02563,"Bought it as a nightly routine. The pump dispenser is better than I expected for the price, still solid after two weeks."
R02564,"Great, arrived on time and works well."
R02565,"Absolutely love it! Great product, great price, great seller. Buy it now!"
R02566,Been using this on a two week trip for about half a year now and the latches has held up well. No complaints so far.
R02567,"Great, arrived on time and works well."
R02568,"Bought it for carrying a laptop and a lunch box. The magnetic clasp is better than I expected for the price, still solid after four months."
R02569,Picked this up through three connecting flights. After six weeks the spinner wheels shows no wear at all. Exactly what I hoped for.
R02570,"Pretty good overall, would buy again."
R02571,Been using this for eight hour work days for about three months now and the lumbar support has held up well. No complaints so far.
R02572,About half a year in and the touch controls got erratic. The ear tips clearly was not built for regular use.
R02573,Had this four months. Mainly use it as a nightly routine. The pump dispenser is the part that impressed me most.
R02574,"This bottle is great quality and arrived fast. Very happy with it, recommended."
R02575,"Very good, exactly what I wanted. Thanks!"
R02576,Worked fine at first but after about eight months the seal leaked in a bag. The fragrance was the weak point.
R02577,"Using it in heavy rain for two weeks. The base fabric does exactly what it needs to, nothing fancy but it works."
R02578,Mixed feelings. The handle rivets is good but after four months the handle worked loose. Fine if you use it lightly.
R02579,Excellent mat. The quality is really good and it came fast. Recommended.
R02580,"Good product, works fine. Happy with it."
R02581,"Great pair of shoes, quality is excellent and delivery was quick. Happy to recommend."
R02582,"Using it on daily commutes for three months. The battery does exactly what it needs to, nothing fancy but it works."
R02583,"Works well, no issues so far. Good value."
R02584,"Solid buy, no complaints at all."
R02585,Used it in a busy kitchen for six weeks and then the handle worked loose. Disappointing for what it cost.
R02586,"Bought it in a home office. The lumbar support is better than I expected for the price, still solid after three months."
R02587,Worked fine at first but after about eight months the scroll wheel got notchy. The scroll wheel was the weak point.
R02588,Mixed feelings. The chest clip is good but after four months the base fabric started fraying. Fine if you use it lightly.
R02589,"Great backpack, quality is excellent and delivery was quick. Happy to recommend."
R02590,"Good product, works fine. Happy with it."
R02591,Excellent knife set. The quality is really good and it came fast. Recommended.
R02592,"Bought it on a long airport day. The laces is better than I expected for the price, still solid after about eight months."
R02593,"Bought it at the gym. The crystal is better than I expected for the price, still solid after six weeks."
R02594,"Using it for gaming for about eight months. The left click switch does exactly what it needs to, nothing fancy but it works."
R02595,"Pretty good overall, would buy again."
R02596,Had this three months. Mainly use it while swimming. The crystal is the part that impressed me most.
R02597,Had this four months. Mainly use it on hikes. The lid gasket is the part that impressed me most.
R02598,"Bought it on a camping trip. The charging port is better than I expected for the price, still solid after six weeks."
R02599,"Best purchase ever. Perfect in every way. Five stars, will buy again!"
R02600,Had this about eight months. Mainly use it through a dry winter. The jar seal is the part that impressed me most.
R02601,Been using this on a work site for about six weeks now and the button covers has held up well. No complaints so far.
R02602,"Bought it on a long flight. The battery is better than I expected for the price, still solid after six weeks."
R02603,"Decent on hikes, though the threading cross-threads easily after two weeks. The carry loop is still holding up at least."
R02604,"Good product, works fine. Happy with it."
R02605,Using it for carrying gym kit for four months now. The chest clip is well made and everything still works perfectly.
R02606,"Awful. Cheap rubbish, nothing like the description. Avoid this seller completely."
R02607,"Using it for a daily walk to work for three months. The outsole grip does exactly what it needs to, nothing fancy but it works."
R02608,Been using this when breaking down a chicken for about two weeks now and the tang has held up well. No complaints so far.
R02609,"Very happy with this set. Great quality, quick delivery. Would recommend."
R02610,"Great chair, quality is excellent and delivery was quick. Happy to recommend."
R02611,"Great pair of shoes, quality is excellent and delivery was quick. Happy to recommend."
R02612,"Bought it for floor workouts. The underside grip is better than I expected for the price, still solid after four months."
R02613,"Very good, exactly what I wanted. Thanks!"
R02614,Amazing product! Excellent quality and superb value. Highly recommend to everyone!
R02615,"Works well, no issues so far. Good value."
R02616,"This mouse is great quality and arrived fast. Very happy with it, recommended."
R02617,Been using this for monthly work travel for about four months now and the telescopic handle has held up well. No complaints so far.
R02618,"Bought it for carrying gym kit. The main zip is better than I expected for the price, still solid after six weeks."
R02619,"Very happy with this mat. Great quality, quick delivery. Would recommend."
R02620,Outstanding quality! Exceeded all my expectations. Fast delivery too. Recommended!
R02621,Amazing product! Excellent quality and superb value. Highly recommend to everyone!
R02622,Excellent! Very good product with superb finishing. Worth every penny!
R02623,Outstanding quality! Exceeded all my expectations. Fast delivery too. Recommended!
R02624,Used it for daily pocket carry for three months and then the button covers went mushy. Disappointing for what it cost.
R02625,"Bought it on a beach holiday. The hinge screws is better than I expected for the price, still solid after about eight months."
R02626,About four months in and the foam compressed under the knees. The surface texture clearly was not built for regular use.
R02627,Had this three months. Mainly use it for daily college carry. The shoulder straps is the part that impressed me most.
R02628,Had this two weeks. Mainly use it as a daily watch. The strap pins is the part that impressed me most.
R02629,"This backpack is great quality and arrived fast. Very happy with it, recommended."
R02630,"Does the job for daily office work. Not perfect, the left click started double-clicking eventually, but for the price it is acceptable."
R02631,"Absolutely love it! Great product, great price, great seller. Buy it now!"
R02632,Been using this on a two week trip for four months and the zip track still looks new. Genuinely impressed with the build.
R02633,Been using this when breaking down a chicken for about six weeks now and the grip has held up well. No complaints so far.
R02634,"Great watch, quality is excellent and delivery was quick. Happy to recommend."
R02635,"Using it for driving for three months. The hinge screws does exactly what it needs to, nothing fancy but it works."
R02636,Decent product for the price. Satisfied.
R02637,"Absolutely love it! Great product, great price, great seller. Buy it now!"
R02638,Worked fine at first but after six weeks battery life dropped noticeably. The ear tips was the weak point.
R02639,Amazing product! Excellent quality and superb value. Highly recommend to everyone!
R02640,"Works well, no issues so far. Good value."
R02641,"Pretty good overall, would buy again."
R02642,"Bought it for floor workouts. The surface texture is better than I expected for the price, still solid after six weeks."
R02643,"Bought it for carrying a laptop and a lunch box. The magnetic clasp is better than I expected for the price, still solid after a month."
R02644,"Using it for keeping tea hot at work for two weeks. The inner coating does exactly what it needs to, nothing fancy but it works."
R02645,"Very happy with this mat. Great quality, quick delivery. Would recommend."
R02646,"Perfect product, exactly as described. Excellent quality. Highly satisfied!"
R02647,Used it with a laptop while travelling for three months and then a side button stopped registering. Disappointing for what it cost.
R02648,About six weeks in and a castor cracked. The lumbar support clearly was not built for regular use.
R02649,"Bought it for gym sessions. The toe box is better than I expected for the price, still solid after a month."
R02650,Been using this while cooking dinner for about four months now and the bass driver has held up well. No complaints so far.
R02651,Had this four months. Mainly use it as a check-in bag. The spinner wheels is the part that impressed me most.
R02652,"Bought it on a camping trip. The charging port is better than I expected for the price, still solid after a month."
R02653,Been using this while cycling for about eight months and the lens coating still looks new. Genuinely impressed with the build.
R02654,"Very good, exactly what I wanted. Thanks!"
R02655,"Bought it while swimming. The crystal is better than I expected for the price, still solid after a month."
R02656,Superb! Fantastic quality and amazing value for money. Very happy with this purchase!
R02657,Been using this in the shower for about half a year now and the rubber seal has held up well. No complaints so far.
R02658,Amazing product! Excellent quality and superb value. Highly recommend to everyone!
R02659,"This bag is great quality and arrived fast. Very happy with it, recommended."
R02660,"Using it for daily college carry for half a year. The base fabric does exactly what it needs to, nothing fancy but it works."
R02661,Had this half a year. Mainly use it on a long airport day. The insole is the part that impressed me most.
R02662,Been using this on a work site for about four months now and the corner bumpers has held up well. No complaints so far.
R02663,Had it six weeks on a week of travel. The laptop sleeve has held up better than the last one I owned. Very pleased.
R02664,Been using this in the shower for about four months now and the pairing button has held up well. No complaints so far.
R02665,Amazing product! Excellent quality and superb value. Highly recommend to everyone!
R02666,"Great, arrived on time and works well."
R02667,Had this two weeks. Mainly use it on daily commutes. The ear tips is the part that impressed me most.
R02668,Had this a month. Mainly use it while swimming. The clasp is the part that impressed me most.
R02669,Been using this after a waist height drop onto tile for about half a year now and the port cutout has held up well. No complaints so far.
R02670,Really happy with this mouse. The quality is great and it arrived quickly. Recommended.
R02671,Mixed feelings. The telescopic handle is good but after about eight months the zip split under load. Fine if you use it lightly.
R02672,Terrible product. Complete waste of money. Do not buy this. Very bad quality.
R02673,Had this three months. Mainly use it in a busy kitchen. The grip is the part that impressed me most.
R02674,Been using this for daily office work for about eight months and the sensor still looks new. Genuinely impressed with the build.
R02675,Outstanding quality! Exceeded all my expectations. Fast delivery too. Recommended!
R02676,"Solid buy, no complaints at all."
R02677,Been using this for a formal event for six weeks and the strap pins still looks new. Genuinely impressed with the build.
R02678,About four months in and a zip tooth broke. The base fabric clearly was not built for regular use.
R02679,Amazing product! Excellent quality and superb value. Highly recommend to everyone!
R02680,"Does the job on sensitive skin. Not perfect, the pump stopped drawing product eventually, but for the price it is acceptable."
R02681,"Decent while cycling, though the coating started flaking after three months. The temple arms is still holding up at least."
R02682,"This mat is great quality and arrived fast. Very happy with it, recommended."
R02683,Amazing product! Excellent quality and superb value. Highly recommend to everyone!
R02684,Superb! Fantastic quality and amazing value for money. Very happy with this purchase!
R02685,Decent product for the price. Satisfied.
R02686,"Very good, exactly what I wanted. Thanks!"
R02687,Used it for long gaming sessions for four months and then the gas lift sank after a few weeks. Disappointing for what it cost.
R02688,Used it for daily pocket carry for half a year and then the corners yellowed. Disappointing for what it cost.
R02689,Worked fine at first but after a month the pump stopped drawing product. The texture was the weak point.
R02690,"Using it for monthly work travel for two weeks. The telescopic handle does exactly what it needs to, nothing fancy but it works."
R02691,Wonderful item! Top quality and great service. Would definitely recommend!
R02692,"Does the job with a laptop while travelling. Not perfect, the left click started double-clicking eventually, but for the price it is acceptable."
R02693,Excellent suitcase. The quality is really good and it came fast. Recommended.
R02694,"Perfect product, exactly as described. Excellent quality. Highly satisfied!"
R02695,About a month in and battery life dropped noticeably. The battery clearly was not built for regular use.
R02696,"Using it for floor workouts for about eight months. The surface texture does exactly what it needs to, nothing fancy but it works."
R02697,Had this four months. Mainly use it on hikes. The threading is the part that impressed me most.
R02698,Outstanding quality! Exceeded all my expectations. Fast delivery too. Recommended!
R02699,Had this three months. Mainly use it for long gaming sessions. The armrest is the part that impressed me most.
R02700,"Using it for gaming for about eight months. The side buttons does exactly what it needs to, nothing fancy but it works."
R02701,"Bought it for a formal event. Within four months it gained a few minutes a week, so I would not buy again."
R02702,Excellent! Very good product with superb finishing. Worth every penny!
R02703,"Very happy with this mat. Great quality, quick delivery. Would recommend."
R02704,Mixed feelings. The inner coating is good but after a month it started leaking at the lid. Fine if you use it lightly.
R02705,Outstanding quality! Exceeded all my expectations. Fast delivery too. Recommended!
R02706,About two weeks in and a castor cracked. The armrest clearly was not built for regular use.
R02707,"Bought it for eight hour work days. The lumbar support is better than I expected for the price, still solid after about eight months."
R02708,Used it on a hardwood floor for two weeks and then a permanent crease formed. Disappointing for what it cost.
R02709,Had this three months. Mainly use it in a busy kitchen. The blade edge is the part that impressed me most.
R02710,"This backpack is great quality and arrived fast. Very happy with it, recommended."
R02711,Using it for daily office work for four months now. The scroll wheel is well made and everything still works perfectly.
R02712,Been using this on hikes for about four months now and the lid gasket has held up well. No complaints so far.
R02713,Been using this for keeping tea hot at work for about two weeks now and the spout has held up well. No complaints so far.
R02714,"Bought it for daily college carry. The chest clip is better than I expected for the price, still solid after six weeks."
R02715,Been using this for a daily walk to work for about a month now and the outsole grip has held up well. No complaints so far.
R02716,Had this half a year. Mainly use it on wet pavement. The insole is the part that impressed me most.
R02717,Really happy with this case. The quality is great and it arrived quickly. Recommended.
R02718,Terrible product. Complete waste of money. Do not buy this. Very bad quality.
R02719,"This set of earbuds is great quality and arrived fast. Very happy with it, recommended."
R02720,"Solid buy, no complaints at all."
R02721,"Very good, exactly what I wanted. Thanks!"
R02722,Been using this for daily gym use for about two weeks now and the carry loop has held up well. No complaints so far.
R02723,Used it for monthly work travel for two weeks and then the handle started sticking halfway. Disappointing for what it cost.
R02724,About three months in and the zip split under load. The zip track clearly was not built for regular use.
R02725,"Good product, works fine. Happy with it."
R02726,"Using it as a check-in bag for four months. The latches does exactly what it needs to, nothing fancy but it works."
R02727,"Using it for daily commuting for two weeks. The magnetic clasp does exactly what it needs to, nothing fancy but it works."
R02728,Decent product for the price. Satisfied.
R02729,"This speaker is great quality and arrived fast. Very happy with it, recommended."
R02730,"Good product, works fine. Happy with it."
R02731,"Bought it as a nightly routine. Within three months the texture separated, so I would not buy again."
R02732,Really happy with this watch. The quality is great and it arrived quickly. Recommended.
R02733,"Using it on a work site for four months. The port cutout does exactly what it needs to, nothing fancy but it works."
R02734,"Great speaker, quality is excellent and delivery was quick. Happy to recommend."
R02735,Worked fine at first but after three months the foam compressed under the knees. The surface texture was the weak point.
R02736,"Solid buy, no complaints at all."
R02737,"Bought it in a car cup holder. The inner coating is better than I expected for the price, still solid after half a year."
R02738,Excellent suitcase. The quality is really good and it came fast. Recommended.
R02739,Using it in a busy kitchen for half a year now. The blade edge is well made and everything still works perfectly.
R02740,"Using it for keeping tea hot at work for six weeks. The inner coating does exactly what it needs to, nothing fancy but it works."
R02741,Been using this for driving for about a month now and the temple arms has held up well. No complaints so far.
R02742,"Using it with a screen protector fitted for four months. The inner lining does exactly what it needs to, nothing fancy but it works."
R02743,"Using it for driving for two weeks. The hinge screws does exactly what it needs to, nothing fancy but it works."
R02744,"Bought it for work calls. Within three months the left bud stopped charging, so I would not buy again."
R02745,"This bag is great quality and arrived fast. Very happy with it, recommended."
R02746,"Decent on a two week trip, though the zip split under load after about eight months. The latches is still holding up at least."
R02747,Decent product for the price. Satisfied.
R02748,"Good product, works fine. Happy with it."
R02749,"Bought it in a car cup holder. Within four months the threading cross-threads easily, so I would not buy again."
R02750,"Does the job on a long airport day. Not perfect, the sole started separating at the toe eventually, but for the price it is acceptable."
R02751,Mixed feelings. The zip pull is good but after three months the zip started catching. Fine if you use it lightly.
R02752,Mixed feelings. The camera lip is good but after two weeks the button covers went mushy. Fine if you use it lightly.
R02753,"Bought it through three connecting flights. Within two weeks a wheel seized, so I would not buy again."
R02754,"Perfect product, exactly as described. Excellent quality. Highly satisfied!"
R02755,Excellent pair of shoes. The quality is really good and it came fast. Recommended.
R02756,"Very happy with this backpack. Great quality, quick delivery. Would recommend."
R02757,"Very happy with this chair. Great quality, quick delivery. Would recommend."
R02758,"Bought it for slicing bread. The grip is better than I expected for the price, still solid after four months."
R02759,"Very good, exactly what I wanted. Thanks!"
R02760,"Bought it for eight hour work days. The gas lift is better than I expected for the price, still solid after a month."
R02761,Outstanding quality! Exceeded all my expectations. Fast delivery too. Recommended!
R02762,Been using this for keeping tea hot at work for about a month now and the inner coating has held up well. No complaints so far.
R02763,Outstanding quality! Exceeded all my expectations. Fast delivery too. Recommended!
R02764,About about eight months in and stopped holding a charge. The battery clearly was not built for regular use.
R02765,Superb! Fantastic quality and amazing value for money. Very happy with this purchase!
R02766,"Good product, works fine. Happy with it."
R02767,"Decent for daily office work, though the left click started double-clicking after four months. The sensor is still holding up at least."
R02768,Superb! Fantastic quality and amazing value for money. Very happy with this purchase!
R02769,Had it six weeks as a nightly routine. The consistency has held up better than the last one I owned. Very pleased.
R02770,"Bought it for floor workouts. Within four months the grip went once it got sweaty, so I would not buy again."
R02771,"Good product, works fine. Happy with it."
R02772,"Best purchase ever. Perfect in every way. Five stars, will buy again!"
R02773,"Awful. Cheap rubbish, nothing like the description. Avoid this seller completely."
R02774,Been using this when breaking down a chicken for about two weeks now and the grip has held up well. No complaints so far.
R02775,Outstanding quality! Exceeded all my expectations. Fast delivery too. Recommended!
R02776,"Perfect product, exactly as described. Excellent quality. Highly satisfied!"
R02777,Picked this up for a formal event. After three months the clasp shows no wear at all. Exactly what I hoped for.
R02778,Decent product for the price. Satisfied.
R02779,"Bought it on daily commutes. The battery is better than I expected for the price, still solid after half a year."
R02780,Been using this for daily college carry for about three months now and the base fabric has held up well. No complaints so far.
R02781,Had this half a year. Mainly use it during workouts. The mic is the part that impressed me most.
R02782,Been using this in the shower for about four months now and the pairing button has held up well. No complaints so far.
R02783,"Works well, no issues so far. Good value."
R02784,Had this half a year. Mainly use it for daily pocket carry. The inner lining is the part that impressed me most.
R02785,"Bought it as a daily watch. Within six weeks the clasp stopped locking properly, so I would not buy again."
R02786,Mixed feelings. The frame is good but after six weeks the arms lost their tension. Fine if you use it lightly.
R02787,"Bought it for daily office work. The scroll wheel is better than I expected for the price, still solid after six weeks."
R02788,Used it after a waist height drop onto tile for about eight months and then the button covers went mushy. Disappointing for what it cost.
R02789,"Solid buy, no complaints at all."
R02790,Been using this for driving for about about eight months now and the lens coating has held up well. No complaints so far.
R02791,"Using it after a waist height drop onto tile for half a year. The button covers does exactly what it needs to, nothing fancy but it works."
R02792,Used it for daily pocket carry for four months and then the button covers went mushy. Disappointing for what it cost.
R02793,"Using it for daily commuting for about eight months. The base studs does exactly what it needs to, nothing fancy but it works."
R02794,Superb! Fantastic quality and amazing value for money. Very happy with this purchase!
R02795,Worked fine at first but after half a year the base fabric started fraying. The chest clip was the weak point.
R02796,"Bought it for keeping tea hot at work. The inner coating is better than I expected for the price, still solid after half a year."
R02797,Had this a month. Mainly use it on a hardwood floor. The foam density is the part that impressed me most.
R02798,Wonderful item! Top quality and great service. Would definitely recommend!
R02799,"Using it in a car cup holder for six weeks. The spout does exactly what it needs to, nothing fancy but it works."
R02800,"Bought it in a heated class. Within a month the grip went once it got sweaty, so I would not buy again."
R02801,"Bought it on a weekend trip. Within half a year the zip started catching, so I would not buy again."
R02802,"Does the job in the shower. Not perfect, lost pairing every few minutes eventually, but for the price it is acceptable."
R02803,"Does the job in a car cup holder. Not perfect, it started leaking at the lid eventually, but for the price it is acceptable."
R02804,"Bought it on a week of travel. Within six weeks the base fabric started fraying, so I would not buy again."
R02805,Been using this for daily college carry for about four months now and the base fabric has held up well. No complaints so far.
R02806,"Bought it for daily college carry. The chest clip is better than I expected for the price, still solid after two weeks."
R02807,"This mouse is great quality and arrived fast. Very happy with it, recommended."
R02808,"This chair is great quality and arrived fast. Very happy with it, recommended."
R02809,"Using it on hikes for six weeks. The spout does exactly what it needs to, nothing fancy but it works."
R02810,"Bought it for eight hour work days. The castor wheels is better than I expected for the price, still solid after four months."
R02811,Worked fine at first but after about eight months the threading cross-threads easily. The lid gasket was the weak point.
R02812,Worked fine at first but after three months the seal leaked in a bag. The pump dispenser was the weak point.
R02813,"Using it for daily vegetable prep for six weeks. The grip does exactly what it needs to, nothing fancy but it works."
R02814,Had it three months as a check-in bag. The telescopic handle has held up better than the last one I owned. Very pleased.
R02815,Excellent mouse. The quality is really good and it came fast. Recommended.
R02816,Decent product for the price. Satisfied.
R02817,"Using it on a weekend trip for about eight months. The shoulder strap does exactly what it needs to, nothing fancy but it works."
R02818,Been using this for floor workouts for four months and the surface texture still looks new. Genuinely impressed with the build.
R02819,Had this about eight months. Mainly use it as a daily watch. The crown is the part that impressed me most.
R02820,"Good product, works fine. Happy with it."
R02821,Had this six weeks. Mainly use it for a daily walk to work. The heel counter is the part that impressed me most.
R02822,Been using this for monthly work travel for about six weeks now and the shell corners has held up well. No complaints so far.
R02823,"Using it on a beach holiday for three months. The hinge screws does exactly what it needs to, nothing fancy but it works."
R02824,"Does the job on hikes. Not perfect, it stopped holding temperature eventually, but for the price it is acceptable."
R02825,Had this four months. Mainly use it for gaming. The side buttons is the part that impressed me most.
R02826,Really happy with this case. The quality is great and it arrived quickly. Recommended.
R02827,"This set is great quality and arrived fast. Very happy with it, recommended."
R02828,"Using it on a work site for six weeks. The camera lip does exactly what it needs to, nothing fancy but it works."
R02829,"Bought it for carrying a laptop and a lunch box. The magnetic clasp is better than I expected for the price, still solid after about eight months."
R02830,Been using this for keeping tea hot at work for about a month now and the carry loop has held up well. No complaints so far.
R02831,"Great, arrived on time and works well."
R02832,"Bought it on a work site. The inner lining is better than I expected for the price, still solid after two weeks."
R02833,"Bought it for daily morning practice. The foam density is better than I expected for the price, still solid after half a year."
R02834,Excellent set. The quality is really good and it came fast. Recommended.
R02835,"Absolutely love it! Great product, great price, great seller. Buy it now!"
R02836,"Nice quality, does the job. Recommend."
R02837,Excellent suitcase. The quality is really good and it came fast. Recommended.
R02838,Outstanding quality! Exceeded all my expectations. Fast delivery too. Recommended!
R02839,Mixed feelings. The battery is good but after a month the touch controls got erratic. Fine if you use it lightly.
R02840,Picked this up while swimming. After three months the crown shows no wear at all. Exactly what I hoped for.
R02841,"Bought it for gaming. The side buttons is better than I expected for the price, still solid after about eight months."
R02842,"Bought it when breaking down a chicken. The handle rivets is better than I expected for the price, still solid after four months."
R02843,Decent product for the price. Satisfied.
R02844,"Does the job on the balcony during a barbecue. Not perfect, stopped holding a charge eventually, but for the price it is acceptable."
R02845,Wonderful item! Top quality and great service. Would definitely recommend!
R02846,"Does the job for long gaming sessions. Not perfect, an armrest developed play eventually, but for the price it is acceptable."
R02847,Worked fine at first but after six weeks the stitching came loose at the strap. The inner lining was the weak point.
R02848,"Bought it with a screen protector fitted. The camera lip is better than I expected for the price, still solid after four months."
R02849,Outstanding quality! Exceeded all my expectations. Fast delivery too. Recommended!
R02850,"Very happy with this set. Great quality, quick delivery. Would recommend."
R02851,"This case is great quality and arrived fast. Very happy with it, recommended."
R02852,Mixed feelings. The telescopic handle is good but after three months a wheel seized. Fine if you use it lightly.
R02853,Worst purchase. Poor quality item. Totally disappointed. Not recommended at all.
R02854,Had this six weeks. Mainly use it in a busy kitchen. The bolster is the part that impressed me most.
R02855,"Great mat, quality is excellent and delivery was quick. Happy to recommend."
R02856,"Bought it for carrying gym kit. The chest clip is better than I expected for the price, still solid after a month."
R02857,"Using it for eight hour work days for four months. The seat foam does exactly what it needs to, nothing fancy but it works."
R02858,"Bought it in a home office. Within two weeks the seat foam flattened, so I would not buy again."
R02859,"Awful. Cheap rubbish, nothing like the description. Avoid this seller completely."
R02860,"Using it while cooking dinner for three months. The bass driver does exactly what it needs to, nothing fancy but it works."
R02861,"Does the job on a hardwood floor. Not perfect, the grip went once it got sweaty eventually, but for the price it is acceptable."
R02862,"Good product, works fine. Happy with it."
R02863,Worked fine at first but after six weeks the gas lift sank after a few weeks. The castor wheels was the weak point.
R02864,"Using it at a small house party for four months. The battery does exactly what it needs to, nothing fancy but it works."
R02865,"This case is great quality and arrived fast. Very happy with it, recommended."
R02866,About six weeks in and stopped holding a charge. The battery clearly was not built for regular use.
R02867,Mixed feelings. The temple arms is good but after four months the nose pads discoloured. Fine if you use it lightly.
R02868,Outstanding quality! Exceeded all my expectations. Fast delivery too. Recommended!
R02869,"Works well, no issues so far. Good value."
R02870,"Using it for gym sessions for four months. The heel counter does exactly what it needs to, nothing fancy but it works."
R02871,Picked this up through a dry winter. After about eight months the jar seal shows no wear at all. Exactly what I hoped for.
R02872,"Best purchase ever. Perfect in every way. Five stars, will buy again!"
R02873,"Bought it on a work site. The corner bumpers is better than I expected for the price, still solid after four months."
R02874,About two weeks in and the zip split under load. The spinner wheels clearly was not built for regular use.
R02875,Excellent knife set. The quality is really good and it came fast. Recommended.
R02876,Been using this on a weekend trip for about two weeks now and the zip pull has held up well. No complaints so far.
R02877,Had this six weeks. Mainly use it for a daily walk to work. The toe box is the part that impressed me most.
R02878,Decent product for the price. Satisfied.
R02879,"Does the job on a weekend trip. Not perfect, the clasp stopped holding shut eventually, but for the price it is acceptable."
R02880,"This mat is great quality and arrived fast. Very happy with it, recommended."
R02881,"Bought it at the gym. Within two weeks a strap pin sheared, so I would not buy again."
R02882,"Using it on a beach holiday for half a year. The nose pads does exactly what it needs to, nothing fancy but it works."
R02883,Decent product for the price. Satisfied.
R02884,Worked fine at first but after half a year developed a rattle in the bass. The pairing button was the weak point.
R02885,Been using this for daily vegetable prep for about four months now and the bolster has held up well. No complaints so far.
R02886,Been using this for daily morning practice for about half a year now and the foam density has held up well. No complaints so far.
R02887,Been using this as a check-in bag for about six weeks now and the telescopic handle has held up well. No complaints so far.
R02888,Really happy with this bottle. The quality is great and it arrived quickly. Recommended.
R02889,"This chair is great quality and arrived fast. Very happy with it, recommended."
R02890,Worst purchase. Poor quality item. Totally disappointed. Not recommended at all.
R02891,Picked this up during workouts. After two weeks the battery shows no wear at all. Exactly what I hoped for.
R02892,"This pair of shoes is great quality and arrived fast. Very happy with it, recommended."
R02893,Had this four months. Mainly use it alongside an existing routine. The consistency is the part that impressed me most.
R02894,"Bought it at a small house party. The bass driver is better than I expected for the price, still solid after six weeks."
R02895,"Does the job on a work site. Not perfect, the button covers went mushy eventually, but for the price it is acceptable."
R02896,"Works well, no issues so far. Good value."
R02897,"Great set, quality is excellent and delivery was quick. Happy to recommend."
R02898,"Nice quality, does the job. Recommend."
R02899,"Decent in a car cup holder, though it stopped holding temperature after about eight months. The inner coating is still holding up at least."
R02900,Been using this for daily commuting for a month and the temple arms still looks new. Genuinely impressed with the build.
R02901,Been using this on sensitive skin for about four months now and the consistency has held up well. No complaints so far.
R02902,"Decent for daily office work, though the scroll wheel got notchy after four months. The glide feet is still holding up at least."
R02903,"Very happy with this bottle. Great quality, quick delivery. Would recommend."
R02904,Mixed feelings. The surface texture is good but after six weeks the grip went once it got sweaty. Fine if you use it lightly.
R02905,"Using it for eight hour work days for three months. The lumbar support does exactly what it needs to, nothing fancy but it works."
R02906,Had this about eight months. Mainly use it through three connecting flights. The spinner wheels is the part that impressed me most.
R02907,Had this six weeks. Mainly use it as a work bag. The magnetic clasp is the part that impressed me most.
R02908,"Using it on a glass desk for three months. The sensor does exactly what it needs to, nothing fancy but it works."
R02909,"Great pair of sunglasses, quality is excellent and delivery was quick. Happy to recommend."
R02910,"Absolutely love it! Great product, great price, great seller. Buy it now!"
R02911,About a month in and it started flaking at the edges. The foam density clearly was not built for regular use.
R02912,About about eight months in and the lining tore. The zip pull clearly was not built for regular use.
R02913,Outstanding quality! Exceeded all my expectations. Fast delivery too. Recommended!
R02914,Amazing product! Excellent quality and superb value. Highly recommend to everyone!
R02915,"Bought it during workouts. Within about eight months the case hinge went loose, so I would not buy again."
R02916,"Bought it for daily commuting. The lens coating is better than I expected for the price, still solid after three months."
R02917,Been using this during workouts for about two weeks now and the charging case hinge has held up well. No complaints so far.
R02918,Used it for carrying a laptop and a lunch box for three months and then the clasp stopped holding shut. Disappointing for what it cost.
R02919,"Very happy with this knife set. Great quality, quick delivery. Would recommend."
R02920,"Good product, works fine. Happy with it."
R02921,Used it on the balcony during a barbecue for four months and then started crackling above half volume. Disappointing for what it cost.
R02922,Been using this as a check-in bag for three months and the zip track still looks new. Genuinely impressed with the build.
R02923,Had this six weeks. Mainly use it for daily commuting. The frame is the part that impressed me most.
R02924,About four months in and the strap padding compressed. The chest clip clearly was not built for regular use.
R02925,Had this six weeks. Mainly use it for carrying a laptop and a lunch box. The magnetic clasp is the part that impressed me most.
R02926,Been using this when breaking down a chicken for about half a year now and the grip has held up well. No complaints so far.
R02927,"Very good, exactly what I wanted. Thanks!"
R02928,Been using this with a screen protector fitted for about four months now and the camera lip has held up well. No complaints so far.
R02929,"Bought it on a hardwood floor. The surface texture is better than I expected for the price, still solid after four months."
R02930,Really happy with this mouse. The quality is great and it arrived quickly. Recommended.
R02931,"Using it for daily college carry for about eight months. The base fabric does exactly what it needs to, nothing fancy but it works."
R02932,Mixed feelings. The inner lining is good but after four months the clasp stopped holding shut. Fine if you use it lightly.
R02933,About six weeks in and it broke me out after a fortnight. The fragrance clearly was not built for regular use.
R02934,Excellent! Very good product with superb finishing. Worth every penny!
R02935,Had this four months. Mainly use it for daily gym use. The threading is the part that impressed me most.
R02936,"Decent on a work site, though the camera lip wore down after a month. The button covers is still holding up at least."
R02937,"Bought it for driving. The frame is better than I expected for the price, still solid after about eight months."
R02938,Been using this in the shower for about a month now and the rubber seal has held up well. No complaints so far.
R02939,Outstanding quality! Exceeded all my expectations. Fast delivery too. Recommended!
R02940,Terrible product. Complete waste of money. Do not buy this. Very bad quality.
R02941,Decent product for the price. Satisfied.
R02942,Been using this while cycling for about three months now and the hinge screws has held up well. No complaints so far.
R02943,"Good product, works fine. Happy with it."
R02944,"Bought it for daily gym use. The inner coating is better than I expected for the price, still solid after a month."
R02945,Had this three months. Mainly use it for driving. The frame is the part that impressed me most.
R02946,"Using it while cooking dinner for three months. The charging port does exactly what it needs to, nothing fancy but it works."
R02947,Had this four months. Mainly use it for carrying gym kit. The base fabric is the part that impressed me most.
R02948,Excellent! Very good product with superb finishing. Worth every penny!
R02949,Had this a month. Mainly use it for daily gym use. The carry loop is the part that impressed me most.
R02950,"Bought it on a weekend trip. Within two weeks the lining tore, so I would not buy again."
R02951,Been using this for keeping tea hot at work for about six weeks now and the carry loop has held up well. No complaints so far.
R02952,Had this about eight months. Mainly use it during workouts. The mic is the part that impressed me most.
R02953,"Solid buy, no complaints at all."
R02954,"This pair of shoes is great quality and arrived fast. Very happy with it, recommended."
R02955,Used it for daily commuting for half a year and then the stitching came loose at the strap. Disappointing for what it cost.
R02956,Amazing product! Excellent quality and superb value. Highly recommend to everyone!
R02957,"Good product, works fine. Happy with it."
R02958,"Nice quality, does the job. Recommend."
R02959,"Great knife set, quality is excellent and delivery was quick. Happy to recommend."
R02960,"Using it for gaming for six weeks. The sensor does exactly what it needs to, nothing fancy but it works."
R02961,"Using it for work calls for about eight months. The battery does exactly what it needs to, nothing fancy but it works."
R02962,"Pretty good overall, would buy again."
R02963,Been using this as a daily watch for about about eight months now and the bezel has held up well. No complaints so far.
R02964,"This set of earbuds is great quality and arrived fast. Very happy with it, recommended."
R02965,"Best purchase ever. Perfect in every way. Five stars, will buy again!"
R02966,Wonderful item! Top quality and great service. Would definitely recommend!
R02967,Excellent mat. The quality is really good and it came fast. Recommended.
R02968,"This pair of sunglasses is great quality and arrived fast. Very happy with it, recommended."
R02969,Decent product for the price. Satisfied.
R02970,Worked fine at first but after two weeks a hinge screw worked loose. The hinge screws was the weak point.
R02971,"Bought it with a laptop while travelling. Within two weeks the left click started double-clicking, so I would not buy again."
R02972,"Using it as a check-in bag for a month. The shell corners does exactly what it needs to, nothing fancy but it works."
R02973,Had this half a year. Mainly use it when breaking down a chicken. The tang is the part that impressed me most.
R02974,Had this four months. Mainly use it in a heated class. The underside grip is the part that impressed me most.
R02975,Really happy with this pair of sunglasses. The quality is great and it arrived quickly. Recommended.
R02976,Been using this for gym sessions for about four months now and the heel counter has held up well. No complaints so far.
R02977,"Does the job on sensitive skin. Not perfect, it broke me out after a fortnight eventually, but for the price it is acceptable."
R02978,"Great case, quality is excellent and delivery was quick. Happy to recommend."
R02979,"Great bottle, quality is excellent and delivery was quick. Happy to recommend."
R02980,"Perfect product, exactly as described. Excellent quality. Highly satisfied!"
R02981,Worst purchase. Poor quality item. Totally disappointed. Not recommended at all.
R02982,"Bought it on a glass desk. Within four months the left click started double-clicking, so I would not buy again."
R02983,"Great, arrived on time and works well."
R02984,Had this six weeks. Mainly use it for gaming. The left click switch is the part that impressed me most.
R02985,Outstanding quality! Exceeded all my expectations. Fast delivery too. Recommended!
R02986,About a month in and the arms lost their tension. The frame clearly was not built for regular use.
R02987,Excellent! Very good product with superb finishing. Worth every penny!
R02988,About six weeks in and the arms lost their tension. The nose pads clearly was not built for regular use.
R02989,"Absolutely love it! Great product, great price, great seller. Buy it now!"
R02990,"Very good, exactly what I wanted. Thanks!"
R02991,"Very happy with this bag. Great quality, quick delivery. Would recommend."
R02992,"Pretty good overall, would buy again."
R02993,"Decent for gaming, though the scroll wheel got notchy after a month. The sensor is still holding up at least."
R02994,Superb! Fantastic quality and amazing value for money. Very happy with this purchase!
R02995,"Best purchase ever. Perfect in every way. Five stars, will buy again!"
R02996,"Bought it for daily office work. Within half a year the glide feet wore down, so I would not buy again."
R02997,"This mouse is great quality and arrived fast. Very happy with it, recommended."
R02998,"Bought it for slicing bread. The handle rivets is better than I expected for the price, still solid after half a year."
R02999,Used it in heavy rain for a month and then it soaked through in rain. Disappointing for what it cost.
R03000,"Using it on a hardwood floor for six weeks. The underside grip does exactly what it needs to, nothing fancy but it works."
R03001,Mixed feelings. The bezel is good but after half a year the crystal picked up a scratch. Fine if you use it lightly.
R03002,"Bought it with a laptop while travelling. The sensor is better than I expected for the price, still solid after three months."
R03003,Mixed feelings. The handle rivets is good but after about eight months a small chip appeared near the tip. Fine if you use it lightly.
R03004,Used it for long gaming sessions for three months and then the seat foam flattened. Disappointing for what it cost.
R03005,Had this half a year. Mainly use it for gym sessions. The toe box is the part that impressed me most.
R03006,"Great case, quality is excellent and delivery was quick. Happy to recommend."
R03007,Picked this up for keeping tea hot at work. After three months the inner coating shows no wear at all. Exactly what I hoped for.
R03008,Been using this at a small house party for about half a year now and the pairing button has held up well. No complaints so far.
R03009,"Great suitcase, quality is excellent and delivery was quick. Happy to recommend."
R03010,"This watch is great quality and arrived fast. Very happy with it, recommended."
R03011,Wonderful item! Top quality and great service. Would definitely recommend!
R03012,Had this two weeks. Mainly use it on a two week trip. The zip track is the part that impressed me most.
R03013,"Using it for floor workouts for six weeks. The underside grip does exactly what it needs to, nothing fancy but it works."
R03014,Been using this after a waist height drop onto tile for about six weeks now and the inner lining has held up well. No complaints so far.
R03015,Used it on daily commutes for a month and then the touch controls got erratic. Disappointing for what it cost.
R03016,"Pretty good overall, would buy again."
R03017,Been using this for gym sessions for about four months now and the toe box has held up well. No complaints so far.
R03018,"Using it for gym sessions for six weeks. The toe box does exactly what it needs to, nothing fancy but it works."
R03019,Worked fine at first but after half a year the left click started double-clicking. The left click switch was the weak point.
R03020,Been using this for gym sessions for about about eight months now and the insole has held up well. No complaints so far.
R03021,"Decent for daily pocket carry, though the camera lip wore down after six weeks. The port cutout is still holding up at least."
R03022,"Using it on a hardwood floor for three months. The underside grip does exactly what it needs to, nothing fancy but it works."
R03023,"Bought it in a busy kitchen. The grip is better than I expected for the price, still solid after about eight months."
R03024,Been using this for slicing bread for about a month now and the bolster has held up well. No complaints so far.
R03025,About three months in and the base fabric started fraying. The main zip clearly was not built for regular use.
R03026,About about eight months in and the left click started double-clicking. The scroll wheel clearly was not built for regular use.
R03027,"Very happy with this suitcase. Great quality, quick delivery. Would recommend."
R03028,Had it a month for daily gym use. The carry loop has held up better than the last one I owned. Very pleased.
R03029,Had this about eight months. Mainly use it for monthly work travel. The shell corners is the part that impressed me most.
R03030,Had this three months. Mainly use it in a home office. The seat foam is the part that impressed me most.
R03031,About two weeks in and started crackling above half volume. The rubber seal clearly was not built for regular use.
R03032,Had this two weeks. Mainly use it for monthly work travel. The shell corners is the part that impressed me most.
R03033,"Decent for daily commuting, though the zip started catching after three months. The magnetic clasp is still holding up at least."
R03034,Been using this through three connecting flights for about three months now and the telescopic handle has held up well. No complaints so far.
R03035,About about eight months in and the handle started sticking halfway. The shell corners clearly was not built for regular use.
R03036,About two weeks in and the left bud stopped charging. The mic clearly was not built for regular use.
R03037,Using it with a laptop while travelling for three months now. The left click switch is well made and everything still works perfectly.
R03038,"Great, arrived on time and works well."
R03039,"Bought it in a car cup holder. The inner coating is better than I expected for the price, still solid after a month."
R03040,"Bought it on a camping trip. The bass driver is better than I expected for the price, still solid after four months."
R03041,"Very good, exactly what I wanted. Thanks!"
R03042,"Bought it for work calls. The ear tips is better than I expected for the price, still solid after six weeks."
R03043,"Great pair of sunglasses, quality is excellent and delivery was quick. Happy to recommend."
R03044,"Pretty good overall, would buy again."
R03045,"Pretty good overall, would buy again."
R03046,Had it three months on a long airport day. The heel counter has held up better than the last one I owned. Very pleased.
R03047,"Bought it for daily office work. The scroll wheel is better than I expected for the price, still solid after four months."
R03048,"Very happy with this case. Great quality, quick delivery. Would recommend."
R03049,Been using this for a daily walk to work for about three months now and the heel counter has held up well. No complaints so far.
R03050,"Using it as a daily watch for three months. The bezel does exactly what it needs to, nothing fancy but it works."
R03051,Excellent mat. The quality is really good and it came fast. Recommended.
R03052,"Does the job as a daily watch. Not perfect, a strap pin sheared eventually, but for the price it is acceptable."
R03053,Had this four months. Mainly use it for work calls. The mic is the part that impressed me most.
R03054,Had this six weeks. Mainly use it on daily commutes. The charging case hinge is the part that impressed me most.
R03055,"Pretty good overall, would buy again."
R03056,Amazing product! Excellent quality and superb value. Highly recommend to everyone!
R03057,"Using it for work calls for four months. The ear tips does exactly what it needs to, nothing fancy but it works."
R03058,Worst purchase. Poor quality item. Totally disappointed. Not recommended at all.
R03059,Really happy with this bottle. The quality is great and it arrived quickly. Recommended.
R03060,Picked this up on wet pavement. After three months the insole shows no wear at all. Exactly what I hoped for.
R03061,"Bought it for slicing bread. Within half a year the handle worked loose, so I would not buy again."
R03062,"Very happy with this pair of shoes. Great quality, quick delivery. Would recommend."
R03063,Excellent pair of sunglasses. The quality is really good and it came fast. Recommended.
R03064,"Using it for daily vegetable prep for four months. The tang does exactly what it needs to, nothing fancy but it works."
R03065,About half a year in and the seal leaked in a bag. The jar seal clearly was not built for regular use.
R03066,"Does the job in the shower. Not perfect, stopped holding a charge eventually, but for the price it is acceptable."
R03067,Really happy with this mouse. The quality is great and it arrived quickly. Recommended.
R03068,"Decent for gym sessions, though the grip went on wet floors after half a year. The heel counter is still holding up at least."
R03069,Had this four months. Mainly use it for keeping tea hot at work. The inner coating is the part that impressed me most.
R03070,"Very happy with this speaker. Great quality, quick delivery. Would recommend."
R03071,Been using this for work calls for about half a year now and the battery has held up well. No complaints so far.
R03072,"Great mouse, quality is excellent and delivery was quick. Happy to recommend."
R03073,Superb! Fantastic quality and amazing value for money. Very happy with this purchase!
R03074,"Using it while swimming for two weeks. The clasp does exactly what it needs to, nothing fancy but it works."
R03075,"Does the job for daily morning practice. Not perfect, a permanent crease formed eventually, but for the price it is acceptable."
R03076,Superb! Fantastic quality and amazing value for money. Very happy with this purchase!
R03077,"This speaker is great quality and arrived fast. Very happy with it, recommended."
R03078,Excellent chair. The quality is really good and it came fast. Recommended.
R03079,Excellent bag. The quality is really good and it came fast. Recommended.
R03080,Used it for monthly work travel for three months and then the handle started sticking halfway. Disappointing for what it cost.
R03081,Worked fine at first but after three months it started flaking at the edges. The edge binding was the weak point.
R03082,"Pretty good overall, would buy again."
R03083,"Bought it as a daily watch. The clasp is better than I expected for the price, still solid after a month."
R03084,Using it for daily commuting for about eight months now. The base studs is well made and everything still works perfectly.
R03085,"Bought it with a screen protector fitted. The corner bumpers is better than I expected for the price, still solid after two weeks."
R03086,"Great bottle, quality is excellent and delivery was quick. Happy to recommend."
R03087,Had this a month. Mainly use it on a hardwood floor. The edge binding is the part that impressed me most.
R03088,Had it half a year on a two week trip. The zip track has held up better than the last one I owned. Very pleased.
R03089,Excellent! Very good product with superb finishing. Worth every penny!
R03090,"Very happy with this case. Great quality, quick delivery. Would recommend."
R03091,Used it for gaming for a month and then the scroll wheel got notchy. Disappointing for what it cost.
R03092,About about eight months in and a wheel seized. The spinner wheels clearly was not built for regular use.
R03093,Been using this for floor workouts for three months and the foam density still looks new. Genuinely impressed with the build.
R03094,Had this two weeks. Mainly use it for eight hour work days. The lumbar support is the part that impressed me most.
R03095,"Pretty good overall, would buy again."
R03096,"Bought it on a long flight. The touch controls is better than I expected for the price, still solid after half a year."
R03097,Really happy with this mat. The quality is great and it arrived quickly. Recommended.
R03098,Superb! Fantastic quality and amazing value for money. Very happy with this purchase!
R03099,Picked this up while cycling. After two weeks the frame shows no wear at all. Exactly what I hoped for.
R03100,Had this half a year. Mainly use it for eight hour work days. The castor wheels is the part that impressed me most.
R03101,Superb! Fantastic quality and amazing value for money. Very happy with this purchase!
R03102,"Perfect product, exactly as described. Excellent quality. Highly satisfied!"
R03103,Superb! Fantastic quality and amazing value for money. Very happy with this purchase!
R03104,Mixed feelings. The rubber seal is good but after four months stopped holding a charge. Fine if you use it lightly.
R03105,Excellent suitcase. The quality is really good and it came fast. Recommended.
R03106,Been using this on a weekend trip for about two weeks now and the base studs has held up well. No complaints so far.
R03107,"Bought it on wet pavement. The insole is better than I expected for the price, still solid after four months."
R03108,"Using it as a work bag for about eight months. The zip pull does exactly what it needs to, nothing fancy but it works."
R03109,Used it in the shower for two weeks and then stopped holding a charge. Disappointing for what it cost.
R03110,Worked fine at first but after about eight months a zip tooth broke. The base fabric was the weak point.
R03111,"Very happy with this speaker. Great quality, quick delivery. Would recommend."
R03112,Outstanding quality! Exceeded all my expectations. Fast delivery too. Recommended!
R03113,Mixed feelings. The pairing button is good but after two weeks started crackling above half volume. Fine if you use it lightly.
R03114,Used it for carrying a laptop and a lunch box for half a year and then the stitching came loose at the strap. Disappointing for what it cost.
R03115,"Bought it for daily office work. The sensor is better than I expected for the price, still solid after about eight months."
R03116,Wonderful item! Top quality and great service. Would definitely recommend!
R03117,Been using this through a dry winter for about two weeks now and the pump dispenser has held up well. No complaints so far.
R03118,"Bought it for gaming. The scroll wheel is better than I expected for the price, still solid after two weeks."
R03119,"Pretty good overall, would buy again."
R03120,Had this a month. Mainly use it for a formal event. The strap pins is the part that impressed me most.
R03121,Worked fine at first but after six weeks the lining tore. The zip pull was the weak point.
R03122,Worked fine at first but after six weeks the threading cross-threads easily. The threading was the weak point.
R03123,"Very happy with this suitcase. Great quality, quick delivery. Would recommend."
R03124,Picked this up on a camping trip. After three months the pairing button shows no wear at all. Exactly what I hoped for.
R03125,"Decent on wet pavement, though the insole compressed flat after three months. The heel counter is still holding up at least."
R03126,Decent product for the price. Satisfied.
R03127,Terrible product. Complete waste of money. Do not buy this. Very bad quality.
R03128,"Using it as a daily watch for a month. The strap pins does exactly what it needs to, nothing fancy but it works."
R03129,Really happy with this speaker. The quality is great and it arrived quickly. Recommended.
R03130,Had this about eight months. Mainly use it on a beach holiday. The hinge screws is the part that impressed me most.
R03131,Superb! Fantastic quality and amazing value for money. Very happy with this purchase!
R03132,Been using this in heavy rain for about four months now and the main zip has held up well. No complaints so far.
R03133,"Best purchase ever. Perfect in every way. Five stars, will buy again!"
R03134,Been using this as a daily watch for about a month now and the clasp has held up well. No complaints so far.
R03135,"Bought it while swimming. Within about eight months the clasp stopped locking properly, so I would not buy again."
R03136,"Using it for gaming for two weeks. The side buttons does exactly what it needs to, nothing fancy but it works."
R03137,"This set of earbuds is great quality and arrived fast. Very happy with it, recommended."
R03138,"Bought it while cooking dinner. The bass driver is better than I expected for the price, still solid after about eight months."
R03139,"Does the job for eight hour work days. Not perfect, the seat foam flattened eventually, but for the price it is acceptable."
R03140,Decent product for the price. Satisfied.
R03141,"Great set of earbuds, quality is excellent and delivery was quick. Happy to recommend."
R03142,"Perfect product, exactly as described. Excellent quality. Highly satisfied!"
R03143,Really happy with this set of earbuds. The quality is great and it arrived quickly. Recommended.
R03144,Wonderful item! Top quality and great service. Would definitely recommend!
R03145,"Great speaker, quality is excellent and delivery was quick. Happy to recommend."
R03146,Picked this up for daily commuting. After half a year the zip pull shows no wear at all. Exactly what I hoped for.
R03147,Really happy with this set. The quality is great and it arrived quickly. Recommended.
R03148,Decent product for the price. Satisfied.
R03149,"Awful. Cheap rubbish, nothing like the description. Avoid this seller completely."
R03150,Been using this for eight hour work days for about a month now and the seat foam has held up well. No complaints so far.
R03151,"Very happy with this bottle. Great quality, quick delivery. Would recommend."
R03152,Picked this up as a check-in bag. After half a year the latches shows no wear at all. Exactly what I hoped for.
R03153,"Nice quality, does the job. Recommend."
R03154,Mixed feelings. The touch controls is good but after four months the case hinge went loose. Fine if you use it lightly.
R03155,"Does the job for keeping tea hot at work. Not perfect, the threading cross-threads easily eventually, but for the price it is acceptable."
R03156,"Great backpack, quality is excellent and delivery was quick. Happy to recommend."
R03157,"Bought it with a laptop while travelling. Within half a year the glide feet wore down, so I would not buy again."
R03158,Mixed feelings. The texture is good but after four months the texture separated. Fine if you use it lightly.
R03159,"Using it during workouts for three months. The battery does exactly what it needs to, nothing fancy but it works."
R03160,Worst purchase. Poor quality item. Totally disappointed. Not recommended at all.
R03161,Excellent! Very good product with superb finishing. Worth every penny!
R03162,Been using this with a laptop while travelling for three months and the left click switch still looks new. Genuinely impressed with the build.
R03163,"Pretty good overall, would buy again."
R03164,Used it for long gaming sessions for two weeks and then an armrest developed play. Disappointing for what it cost.
R03165,"Using it on a long airport day for half a year. The outsole grip does exactly what it needs to, nothing fancy but it works."
R03166,Really happy with this pair of shoes. The quality is great and it arrived quickly. Recommended.
R03167,Worked fine at first but after half a year it gained a few minutes a week. The crown was the weak point.
R03168,Really happy with this set. The quality is great and it arrived quickly. Recommended.
R03169,"Very good, exactly what I wanted. Thanks!"
R03170,Been using this as a work bag for about four months now and the shoulder strap has held up well. No complaints so far.
R03171,Really happy with this bottle. The quality is great and it arrived quickly. Recommended.
R03172,"Bought it for daily office work. The sensor is better than I expected for the price, still solid after a month."
R03173,"Perfect product, exactly as described. Excellent quality. Highly satisfied!"
R03174,"Pretty good overall, would buy again."
R03175,Had this a month. Mainly use it on daily commutes. The ear tips is the part that impressed me most.
R03176,About half a year in and the seat foam flattened. The gas lift clearly was not built for regular use.
R03177,Had this four months. Mainly use it during workouts. The charging case hinge is the part that impressed me most.
R03178,"Using it for monthly work travel for two weeks. The telescopic handle does exactly what it needs to, nothing fancy but it works."
R03179,"Using it for daily vegetable prep for about eight months. The handle rivets does exactly what it needs to, nothing fancy but it works."
R03180,Terrible product. Complete waste of money. Do not buy this. Very bad quality.
R03181,Amazing product! Excellent quality and superb value. Highly recommend to everyone!
R03182,"Decent for daily vegetable prep, though a small chip appeared near the tip after six weeks. The blade edge is still holding up at least."
R03183,Used it in heavy rain for about eight months and then a zip tooth broke. Disappointing for what it cost.
R03184,Been using this on a long airport day for about three months now and the laces has held up well. No complaints so far.
R03185,"Bought it on a beach holiday. The temple arms is better than I expected for the price, still solid after about eight months."
R03186,"Using it in the shower for six weeks. The bass driver does exactly what it needs to, nothing fancy but it works."
R03187,"Very happy with this set. Great quality, quick delivery. Would recommend."
R03188,Using it for daily commuting for about eight months now. The shoulder strap is well made and everything still works perfectly.
R03189,Decent product for the price. Satisfied.
R03190,Had this four months. Mainly use it for keeping tea hot at work. The spout is the part that impressed me most.
R03191,Had this a month. Mainly use it for daily commuting. The hinge screws is the part that impressed me most.
R03192,Really happy with this speaker. The quality is great and it arrived quickly. Recommended.
R03193,Wonderful item! Top quality and great service. Would definitely recommend!
R03194,"Nice quality, does the job. Recommend."
R03195,"Very good, exactly what I wanted. Thanks!"
R03196,Amazing product! Excellent quality and superb value. Highly recommend to everyone!
R03197,"Does the job for daily gym use. Not perfect, the coating flaked inside eventually, but for the price it is acceptable."
R03198,Worked fine at first but after six weeks it broke me out after a fortnight. The fragrance was the weak point.
R03199,Had this six weeks. Mainly use it on a long airport day. The outsole grip is the part that impressed me most.
R03200,"Great mouse, quality is excellent and delivery was quick. Happy to recommend."
R03201,"Very happy with this watch. Great quality, quick delivery. Would recommend."
R03202,About three months in and it gained a few minutes a week. The crown clearly was not built for regular use.
R03203,Picked this up on the balcony during a barbecue. After three months the rubber seal shows no wear at all. Exactly what I hoped for.
R03204,Wonderful item! Top quality and great service. Would definitely recommend!
R03205,"Using it for daily gym use for three months. The inner coating does exactly what it needs to, nothing fancy but it works."
R03206,"Bought it for monthly work travel. The zip track is better than I expected for the price, still solid after six weeks."
R03207,"Decent as a check-in bag, though a shell corner cracked after half a year. The spinner wheels is still holding up at least."
R03208,Had this three months. Mainly use it on a long airport day. The toe box is the part that impressed me most.
R03209,"Solid buy, no complaints at all."
R03210,"Very happy with this watch. Great quality, quick delivery. Would recommend."
R03211,"Very good, exactly what I wanted. Thanks!"
R03212,Had this three months. Mainly use it for daily commuting. The inner lining is the part that impressed me most.
R03213,"Decent for gym sessions, though the grip went on wet floors after three months. The toe box is still holding up at least."
R03214,Mixed feelings. The lens coating is good but after two weeks the nose pads discoloured. Fine if you use it lightly.
R03215,"Using it for slicing bread for two weeks. The bolster does exactly what it needs to, nothing fancy but it works."
R03216,Mixed feelings. The jar seal is good but after two weeks the pump stopped drawing product. Fine if you use it lightly.
R03217,About four months in and the grip went once it got sweaty. The surface texture clearly was not built for regular use.
R03218,Picked this up for daily gym use. After four months the inner coating shows no wear at all. Exactly what I hoped for.
R03219,"Bought it on a beach holiday. The frame is better than I expected for the price, still solid after about eight months."
R03220,"Bought it as a nightly routine. The jar seal is better than I expected for the price, still solid after six weeks."
R03221,"Bought it with a laptop while travelling. The left click switch is better than I expected for the price, still solid after about eight months."
R03222,Had this six weeks. Mainly use it for a formal event. The clasp is the part that impressed me most.
R03223,Used it on a long flight for a month and then the touch controls got erratic. Disappointing for what it cost.
R03224,Been using this for daily commuting for about about eight months now and the hinge screws has held up well. No complaints so far.
R03225,Wonderful item! Top quality and great service. Would definitely recommend!
R03226,Worked fine at first but after two weeks the coating started flaking. The hinge screws was the weak point.
R03227,Mixed feelings. The main zip is good but after three months the strap padding compressed. Fine if you use it lightly.
R03228,"Nice quality, does the job. Recommend."
R03229,"Bought it on a week of travel. The laptop sleeve is better than I expected for the price, still solid after half a year."
R03230,Worked fine at first but after four months the case hinge went loose. The charging case hinge was the weak point.
R03231,"Best purchase ever. Perfect in every way. Five stars, will buy again!"
R03232,"Bought it for long gaming sessions. The castor wheels is better than I expected for the price, still solid after four months."
R03233,"Does the job for daily office work. Not perfect, a side button stopped registering eventually, but for the price it is acceptable."
R03234,"Decent as a check-in bag, though the handle started sticking halfway after a month. The zip track is still holding up at least."
R03235,Been using this while cooking dinner for about a month now and the pairing button has held up well. No complaints so far.
R03236,"Great watch, quality is excellent and delivery was quick. Happy to recommend."
R03237,"Absolutely love it! Great product, great price, great seller. Buy it now!"
R03238,Worked fine at first but after half a year the grip went once it got sweaty. The surface texture was the weak point.
R03239,Worked fine at first but after four months the stitching came loose at the strap. The inner lining was the weak point.
R03240,Excellent pair of sunglasses. The quality is really good and it came fast. Recommended.
R03241,Amazing product! Excellent quality and superb value. Highly recommend to everyone!
R03242,Been using this as a check-in bag for three months and the latches still looks new. Genuinely impressed with the build.
R03243,Been using this for daily college carry for about four months now and the shoulder straps has held up well. No complaints so far.
R03244,Decent product for the price. Satisfied.
R03245,"Good product, works fine. Happy with it."
R03246,"Decent for carrying gym kit, though the strap padding compressed after half a year. The main zip is still holding up at least."
R03247,"This mat is great quality and arrived fast. Very happy with it, recommended."
R03248,"This pair of shoes is great quality and arrived fast. Very happy with it, recommended."
R03249,Picked this up while studying late. After two weeks the seat foam shows no wear at all. Exactly what I hoped for.
R03250,Mixed feelings. The sensor is good but after two weeks the scroll wheel got notchy. Fine if you use it lightly.
R03251,"Great pair of shoes, quality is excellent and delivery was quick. Happy to recommend."
R03252,Been using this with a laptop while travelling for about a month now and the scroll wheel has held up well. No complaints so far.
R03253,"Bought it for gaming. The sensor is better than I expected for the price, still solid after three months."
R03254,"Does the job for daily commuting. Not perfect, the stitching came loose at the strap eventually, but for the price it is acceptable."
R03255,Had this a month. Mainly use it for work calls. The ear tips is the part that impressed me most.
R03256,"Awful. Cheap rubbish, nothing like the description. Avoid this seller completely."
R03257,"Absolutely love it! Great product, great price, great seller. Buy it now!"
R03258,Been using this for work calls for about a month now and the touch controls has held up well. No complaints so far.
R03259,"Using it as a work bag for about eight months. The zip pull does exactly what it needs to, nothing fancy but it works."
R03260,"Nice quality, does the job. Recommend."
R03261,"Solid buy, no complaints at all."
R03262,Been using this for keeping tea hot at work for about four months now and the lid gasket has held up well. No complaints so far.
R03263,About about eight months in and the left bud stopped charging. The battery clearly was not built for regular use.
R03264,"This backpack is great quality and arrived fast. Very happy with it, recommended."
R03265,Had it four months on a long flight. The ear tips has held up better than the last one I owned. Very pleased.
R03266,Worked fine at first but after about eight months the corners yellowed. The inner lining was the weak point.
R03267,"This bag is great quality and arrived fast. Very happy with it, recommended."
R03268,"Bought it with a screen protector fitted. The inner lining is better than I expected for the price, still solid after a month."
R03269,"Bought it while swimming. The strap pins is better than I expected for the price, still solid after a month."
R03270,"Very good, exactly what I wanted. Thanks!"
R03271,Mixed feelings. The bezel is good but after half a year it gained a few minutes a week. Fine if you use it lightly.
R03272,"Does the job for daily morning practice. Not perfect, it started flaking at the edges eventually, but for the price it is acceptable."
R03273,Picked this up alongside an existing routine. After about eight months the texture shows no wear at all. Exactly what I hoped for.
R03274,"Works well, no issues so far. Good value."
R03275,"Bought it on hikes. The inner coating is better than I expected for the price, still solid after three months."
R03276,"Decent for daily gym use, though the coating flaked inside after three months. The spout is still holding up at least."
R03277,"Bought it when breaking down a chicken. Within a month the edge dulled within a month, so I would not buy again."
R03278,"Very happy with this pair of sunglasses. Great quality, quick delivery. Would recommend."
R03279,Used it on a hardwood floor for six weeks and then it started flaking at the edges. Disappointing for what it cost.
R03280,Mixed feelings. The scroll wheel is good but after about eight months the scroll wheel got notchy. Fine if you use it lightly.
R03281,Worked fine at first but after two weeks the threading cross-threads easily. The inner coating was the weak point.
R03282,Had this four months. Mainly use it while cycling. The hinge screws is the part that impressed me most.
R03283,Had it six weeks on a camping trip. The rubber seal has held up better than the last one I owned. Very pleased.
R03284,"Very good, exactly what I wanted. Thanks!"
R03285,Excellent! Very good product with superb finishing. Worth every penny!
R03286,Had this a month. Mainly use it on a long flight. The battery is the part that impressed me most.
R03287,"This set of earbuds is great quality and arrived fast. Very happy with it, recommended."
R03288,"This set of earbuds is great quality and arrived fast. Very happy with it, recommended."
R03289,Had it six weeks for driving. The nose pads has held up better than the last one I owned. Very pleased.
R03290,"Does the job on sensitive skin. Not perfect, the seal leaked in a bag eventually, but for the price it is acceptable."
R03291,Worked fine at first but after about eight months it gained a few minutes a week. The crystal was the weak point.
R03292,"Nice quality, does the job. Recommend."
R03293,"This set of earbuds is great quality and arrived fast. Very happy with it, recommended."
R03294,About three months in and the handle started sticking halfway. The telescopic handle clearly was not built for regular use.
R03295,Decent product for the price. Satisfied.
R03296,"Bought it through a dry winter. The consistency is better than I expected for the price, still solid after half a year."
R03297,Picked this up for daily college carry. After half a year the base fabric shows no wear at all. Exactly what I hoped for.
R03298,"Using it on a long airport day for four months. The outsole grip does exactly what it needs to, nothing fancy but it works."
R03299,"Using it for eight hour work days for three months. The gas lift does exactly what it needs to, nothing fancy but it works."
R03300,"Using it for daily morning practice for two weeks. The edge binding does exactly what it needs to, nothing fancy but it works."
R03301,Really happy with this watch. The quality is great and it arrived quickly. Recommended.
R03302,"Bought it in the shower. The charging port is better than I expected for the price, still solid after four months."
R03303,Been using this after a waist height drop onto tile for about four months now and the port cutout has held up well. No complaints so far.
R03304,"Using it during workouts for two weeks. The battery does exactly what it needs to, nothing fancy but it works."
R03305,Excellent bag. The quality is really good and it came fast. Recommended.
R03306,Mixed feelings. The chest clip is good but after four months it soaked through in rain. Fine if you use it lightly.
R03307,"Using it on a hardwood floor for three months. The underside grip does exactly what it needs to, nothing fancy but it works."
R03308,Picked this up on a weekend trip. After three months the shoulder strap shows no wear at all. Exactly what I hoped for.
R03309,Been using this on a two week trip for half a year and the spinner wheels still looks new. Genuinely impressed with the build.
R03310,"Very happy with this pair of shoes. Great quality, quick delivery. Would recommend."
R03311,Been using this for eight hour work days for about a month now and the armrest has held up well. No complaints so far.
R03312,"Very happy with this suitcase. Great quality, quick delivery. Would recommend."
R03313,"Great, arrived on time and works well."
R03314,"Bought it in a busy kitchen. The grip is better than I expected for the price, still solid after four months."
R03315,Been using this for daily commuting for about eight months and the zip pull still looks new. Genuinely impressed with the build.
R03316,Been using this alongside an existing routine for about about eight months now and the consistency has held up well. No complaints so far.
R03317,Used it for daily commuting for six weeks and then the coating started flaking. Disappointing for what it cost.
R03318,"Bought it for daily office work. The sensor is better than I expected for the price, still solid after four months."
R03319,"Bought it alongside an existing routine. The jar seal is better than I expected for the price, still solid after half a year."
R03320,"Bought it on a week of travel. The main zip is better than I expected for the price, still solid after four months."
R03321,"Bought it on hikes. Within four months it started leaking at the lid, so I would not buy again."
R03322,"Solid buy, no complaints at all."
R03323,Been using this for a daily walk to work for six weeks and the outsole grip still looks new. Genuinely impressed with the build.
R03324,"Decent for gaming, though the scroll wheel got notchy after half a year. The scroll wheel is still holding up at least."
R03325,"Bought it for gaming. The left click switch is better than I expected for the price, still solid after four months."
R03326,Excellent set of earbuds. The quality is really good and it came fast. Recommended.
R03327,"Pretty good overall, would buy again."
R03328,Had it about eight months for daily pocket carry. The camera lip has held up better than the last one I owned. Very pleased.
R03329,"Using it in a car cup holder for a month. The carry loop does exactly what it needs to, nothing fancy but it works."
R03330,Been using this on a hardwood floor for about four months now and the edge binding has held up well. No complaints so far.
R03331,Been using this for daily college carry for about three months now and the main zip has held up well. No complaints so far.
R03332,Been using this for daily vegetable prep for about two weeks now and the grip has held up well. No complaints so far.
R03333,Mixed feelings. The glide feet is good but after four months the glide feet wore down. Fine if you use it lightly.
R03334,Worked fine at first but after half a year the coating started flaking. The nose pads was the weak point.
R03335,"Does the job for daily office work. Not perfect, the scroll wheel got notchy eventually, but for the price it is acceptable."
R03336,Excellent! Very good product with superb finishing. Worth every penny!
R03337,"Absolutely love it! Great product, great price, great seller. Buy it now!"
R03338,Been using this as a nightly routine for about two weeks now and the jar seal has held up well. No complaints so far.
R03339,Had this six weeks. Mainly use it for gym sessions. The heel counter is the part that impressed me most.
R03340,"Bought it for gym sessions. Within four months the grip went on wet floors, so I would not buy again."
R03341,"Using it on wet pavement for six weeks. The outsole grip does exactly what it needs to, nothing fancy but it works."
R03342,Been using this after a waist height drop onto tile for a month and the inner lining still looks new. Genuinely impressed with the build.
R03343,Picked this up with a laptop while travelling. After half a year the sensor shows no wear at all. Exactly what I hoped for.
R03344,Really happy with this watch. The quality is great and it arrived quickly. Recommended.
R03345,Had this two weeks. Mainly use it for daily office work. The sensor is the part that impressed me most.
R03346,"Solid buy, no complaints at all."
R03347,"Solid buy, no complaints at all."
R03348,Been using this on a long airport day for four months and the outsole grip still looks new. Genuinely impressed with the build.
